bjd_code,altitude_m,altitude_source
1111010100,74,emd_polygon
1111010200,57,emd_polygon
1111010300,57,emd_polygon
1111010400,47,emd_polygon
1111010500,46,emd_polygon
1111010600,42,emd_polygon
1111010700,62,emd_polygon
1111010800,44,emd_polygon
1111010900,112,emd_polygon
1111011000,53,emd_polygon
1111011100,131,emd_polygon
1111011200,43,emd_polygon
1111011300,56,emd_polygon
1111011400,42,emd_polygon
1111011500,49,emd_point
1111011600,48,emd_polygon
1111011700,53,emd_polygon
1111011800,48,emd_polygon
1111011900,42,emd_polygon
1111012000,41,emd_polygon
1111012100,50,emd_polygon
1111012200,38,emd_polygon
1111012300,49,emd_polygon
1111012400,45,emd_polygon
1111012500,45,emd_polygon
1111012600,38,emd_polygon
1111012700,40,emd_polygon
1111012800,34,emd_polygon
1111012900,43,emd_polygon
1111013000,56,emd_polygon
1111013100,42,emd_polygon
1111013200,49,emd_polygon
1111013300,33,emd_polygon
1111013400,43,emd_polygon
1111013500,38,emd_polygon
1111013600,37,emd_polygon
1111013700,36,emd_polygon
1111013800,34,emd_polygon
1111013900,48,emd_polygon
1111014000,62,emd_point
1111014100,44,emd_polygon
1111014200,47,emd_polygon
1111014300,57,emd_polygon
1111014400,44,emd_polygon
1111014500,42,emd_polygon
1111014600,46,emd_point
1111014700,41,emd_polygon
1111014800,55,emd_polygon
1111014900,60,emd_polygon
1111015000,31,emd_polygon
1111015100,33,emd_polygon
1111015200,30,emd_polygon
1111015300,36,emd_polygon
1111015400,28,emd_polygon
1111015500,40,emd_polygon
1111015600,34,emd_polygon
1111015700,34,emd_polygon
1111015800,34,emd_polygon
1111015900,35,emd_polygon
1111016000,32,emd_polygon
1111016100,27,emd_polygon
1111016200,32,emd_polygon
1111016300,27,emd_polygon
1111016400,31,emd_polygon
1111016500,39,emd_point
1111016600,51,emd_polygon
1111016700,34,emd_polygon
1111016800,44,emd_polygon
1111016900,39,emd_point
1111017000,58,emd_polygon
1111017100,44,emd_polygon
1111017200,37,emd_polygon
1111017300,77,emd_polygon
1111017400,64,emd_polygon
1111017500,44,emd_polygon
1111017600,43,emd_point
1111017700,48,emd_polygon
1111017800,56,emd_polygon
1111017900,55,emd_polygon
1111018000,50,emd_polygon
1111018100,84,emd_polygon
1111018200,272,emd_polygon
1111018300,143,emd_point
1111018400,105,emd_point
1111018500,87,emd_polygon
1111018600,84,emd_polygon
1111018700,50,emd_point
1114010100,90,emd_polygon
1114010200,40,emd_polygon
1114010300,61,emd_polygon
1114010400,57,emd_polygon
1114010500,51,emd_polygon
1114010600,47,emd_polygon
1114010700,46,emd_polygon
1114010800,51,emd_polygon
1114010900,52,emd_polygon
1114011000,37,emd_polygon
1114011100,56,emd_point
1114011200,50,emd_polygon
1114011300,44,emd_polygon
1114011400,56,emd_polygon
1114011500,51,emd_polygon
1114011600,50,emd_polygon
1114011700,47,emd_polygon
1114011800,72,emd_polygon
1114011900,49,emd_polygon
1114012000,36,emd_polygon
1114012100,65,emd_polygon
1114012200,51,emd_polygon
1114012300,68,emd_polygon
1114012400,55,emd_polygon
1114012500,52,emd_polygon
1114012600,45,emd_polygon
1114012700,47,emd_polygon
1114012800,58,emd_polygon
1114012900,55,emd_polygon
1114013000,58,emd_polygon
1114013100,50,emd_polygon
1114013200,42,emd_polygon
1114013300,40,emd_polygon
1114013400,38,emd_polygon
1114013500,36,emd_polygon
1114013600,42,emd_polygon
1114013700,46,emd_polygon
1114013800,45,emd_polygon
1114013900,51,emd_polygon
1114014000,48,emd_polygon
1114014100,51,emd_polygon
1114014200,147,emd_polygon
1114014300,42,emd_polygon
1114014400,111,emd_polygon
1114014500,41,emd_polygon
1114014600,32,emd_polygon
1114014700,37,emd_polygon
1114014800,33,emd_polygon
1114014900,26,emd_polygon
1114015000,30,emd_polygon
1114015100,27,emd_polygon
1114015200,30,emd_polygon
1114015300,26,emd_polygon
1114015400,35,emd_polygon
1114015500,28,emd_polygon
1114015600,31,emd_polygon
1114015700,32,emd_polygon
1114015800,46,emd_polygon
1114015900,44,emd_polygon
1114016000,32,emd_polygon
1114016100,47,emd_polygon
1114016200,44,emd_point
1114016300,33,emd_polygon
1114016400,30,emd_polygon
1114016500,41,emd_point
1114016600,59,emd_polygon
1114016700,47,emd_polygon
1114016800,48,emd_polygon
1114016900,41,emd_polygon
1114017000,52,emd_polygon
1114017100,57,emd_point
1114017200,31,emd_polygon
1114017300,43,emd_polygon
1114017400,69,emd_polygon
1117010100,40,emd_point
1117010200,90,emd_polygon
1117010300,65,emd_polygon
1117010400,26,emd_polygon
1117010500,24,emd_point
1117010600,34,emd_polygon
1117010700,33,emd_polygon
1117010800,46,emd_polygon
1117010900,51,emd_polygon
1117011000,48,emd_polygon
1117011100,45,emd_polygon
1117011200,21,emd_polygon
1117011300,21,emd_polygon
1117011400,31,emd_polygon
1117011500,52,emd_polygon
1117011600,30,emd_polygon
1117011700,17,emd_polygon
1117011800,18,emd_polygon
1117011900,24,emd_point
1117012000,74,emd_polygon
1117012100,17,emd_point
1117012200,17,emd_polygon
1117012300,21,emd_polygon
1117012400,17,emd_polygon
1117012500,15,emd_polygon
1117012600,43,emd_polygon
1117012700,22,emd_polygon
1117012800,17,emd_polygon
1117012900,5,emd_polygon
1117013000,87,emd_polygon
1117013100,56,emd_point
1117013200,51,emd_polygon
1117013300,5,emd_point
1117013400,17,emd_polygon
1117013500,25,emd_polygon
1117013600,6,emd_point
1120010100,27,emd_polygon
1120010200,46,emd_polygon
1120010300,28,emd_polygon
1120010400,31,emd_polygon
1120010500,29,emd_point
1120010600,35,emd_point
1120010700,26,emd_polygon
1120010800,6,emd_point
1120010900,55,emd_polygon
1120011000,81,emd_polygon
1120011100,44,emd_polygon
1120011200,23,emd_polygon
1120011300,47,emd_point
1120011400,18,emd_polygon
1120011500,19,emd_polygon
1120011800,27,emd_point
1120012200,20,emd_point
1121510100,69,emd_polygon
1121510200,38,emd_point
1121510300,30,emd_polygon
1121510400,27,emd_point
1121510500,18,emd_polygon
1121510700,31,emd_point
1121510900,24,emd_point
1123010100,30,emd_point
1123010200,19,emd_point
1123010300,21,emd_point
1123010400,30,emd_polygon
1123010500,23,emd_polygon
1123010600,16,emd_polygon
1123010700,41,emd_point
1123010800,29,emd_point
1123010900,36,emd_polygon
1123011000,35,emd_polygon
1126010100,33,emd_polygon
1126010200,31,emd_polygon
1126010300,22,emd_polygon
1126010400,32,emd_polygon
1126010500,44,emd_polygon
1126010600,34,emd_polygon
1129010100,58,emd_point
1129010200,52,emd_polygon
1129010300,88,emd_polygon
1129010400,57,emd_polygon
1129010500,46,emd_polygon
1129010600,41,emd_polygon
1129010700,46,emd_polygon
1129010800,36,emd_polygon
1129010900,49,emd_polygon
1129011000,50,emd_polygon
1129011100,64,emd_polygon
1129011200,68,emd_polygon
1129011300,44,emd_polygon
1129011400,42,emd_polygon
1129011500,35,emd_polygon
1129011600,41,emd_polygon
1129011700,32,emd_polygon
1129011800,46,emd_polygon
1129011900,51,emd_polygon
1129012000,52,emd_polygon
1129012100,38,emd_polygon
1129012200,38,emd_polygon
1129012300,47,emd_polygon
1129012400,29,emd_polygon
1129012500,48,emd_polygon
1129012600,29,emd_polygon
1129012700,28,emd_polygon
1129012800,40,emd_polygon
1129012900,34,emd_polygon
1129013000,31,emd_polygon
1129013100,38,emd_polygon
1129013200,48,emd_polygon
1129013300,144,emd_polygon
1129013400,57,emd_polygon
1129013500,39,emd_point
1129013600,33,emd_polygon
1129013700,38,emd_polygon
1129013800,34,emd_polygon
1129013900,23,emd_point
1130510100,50,emd_point
1130510200,51,emd_polygon
1130510300,68,emd_polygon
1130510400,50,emd_point
1132010500,79,emd_polygon
1132010600,44,emd_polygon
1132010700,30,emd_polygon
1132010800,147,emd_polygon
1135010200,33,emd_polygon
1135010300,63,emd_polygon
1135010400,30,emd_polygon
1135010500,181,emd_polygon
1135010600,44,emd_polygon
1138010100,21,emd_point
1138010200,55,emd_point
1138010300,86,emd_polygon
1138010400,49,emd_polygon
1138010500,30,emd_point
1138010600,35,emd_point
1138010700,54,emd_polygon
1138010800,27,emd_point
1138010900,45,emd_polygon
1138011000,19,emd_point
1138011400,49,emd_point
1141010100,53,emd_polygon
1141010200,48,emd_polygon
1141010300,41,emd_polygon
1141010400,45,emd_polygon
1141010500,56,emd_polygon
1141010600,56,emd_point
1141010700,83,emd_polygon
1141010800,89,emd_polygon
1141010900,84,emd_polygon
1141011000,43,emd_point
1141011100,61,emd_polygon
1141011200,50,emd_polygon
1141011300,46,emd_polygon
1141011400,59,emd_point
1141011500,134,emd_polygon
1141011600,37,emd_polygon
1141011700,71,emd_point
1141011800,121,emd_polygon
1141011900,22,emd_polygon
1141012000,34,emd_polygon
1144010100,26,emd_point
1144010200,68,emd_point
1144010300,55,emd_polygon
1144010400,37,emd_point
1144010500,16,emd_point
1144010600,7,emd_polygon
1144010700,4,emd_polygon
1144010800,47,emd_point
1144010900,7,emd_point
1144011000,34,emd_polygon
1144011100,14,emd_point
1144011200,21,emd_polygon
1144011300,16,emd_polygon
1144011400,43,emd_polygon
1144011500,38,emd_polygon
1144011600,10,emd_polygon
1144011700,23,emd_polygon
1144011800,8,emd_polygon
1144012000,23,emd_point
1144012100,19,emd_polygon
1144012200,18,emd_point
1144012300,13,emd_polygon
1144012400,19,emd_point
1144012500,17,emd_polygon
1144012600,24,emd_polygon
1144012700,20,emd_point
1147010100,25,emd_polygon
1147010200,18,emd_polygon
1147010300,25,emd_polygon
1150010100,25,emd_point
1150010200,26,emd_polygon
1150010300,43,emd_polygon
1150010400,12,emd_polygon
1150010500,13,emd_polygon
1150010600,12,emd_polygon
1150010700,23,emd_polygon
1150010800,12,emd_point
1150010900,18,emd_polygon
1150011000,37,emd_polygon
1150011100,15,emd_polygon
1150011200,11,emd_polygon
1150011300,15,emd_polygon
1153010100,19,emd_point
1153010200,22,emd_polygon
1153010300,20,emd_point
1153010600,19,emd_polygon
1153010700,19,emd_polygon
1153010800,21,emd_polygon
1153010900,31,emd_polygon
1153011000,76,emd_polygon
1153011100,25,emd_polygon
1153011200,38,emd_point
1154510100,25,emd_point
1154510200,30,emd_polygon
1154510300,36,emd_polygon
1156010100,15,emd_point
1156010200,16,emd_polygon
1156010300,17,emd_polygon
1156010400,19,emd_polygon
1156010500,21,emd_polygon
1156010600,19,emd_polygon
1156010700,15,emd_polygon
1156010800,16,emd_polygon
1156010900,19,emd_polygon
1156011000,16,emd_polygon
1156011100,17,emd_polygon
1156011200,20,emd_polygon
1156011300,14,emd_polygon
1156011400,16,emd_polygon
1156011500,19,emd_polygon
1156011600,20,emd_polygon
1156011700,26,emd_polygon
1156011800,15,emd_point
1156011900,18,emd_polygon
1156012000,14,emd_polygon
1156012100,16,emd_polygon
1156012200,15,emd_polygon
1156012300,17,emd_polygon
1156012400,13,emd_polygon
1156012500,19,emd_polygon
1156012600,17,emd_polygon
1156012700,13,emd_polygon
1156012800,18,emd_polygon
1156012900,16,emd_polygon
1156013000,16,emd_polygon
1156013100,19,emd_polygon
1156013200,34,emd_polygon
1156013300,24,emd_polygon
1156013400,10,emd_polygon
1159010100,34,emd_polygon
1159010200,50,emd_polygon
1159010300,62,emd_polygon
1159010400,23,emd_polygon
1159010500,19,emd_point
1159010600,19,emd_polygon
1159010700,42,emd_polygon
1159010800,58,emd_point
1159010900,26,emd_polygon
1162010100,54,emd_polygon
1162010200,28,emd_point
1162010300,73,emd_point
1165010100,68,emd_polygon
1165010200,22,emd_polygon
1165010300,64,emd_polygon
1165010400,199,emd_polygon
1165010600,20,emd_point
1165010700,18,emd_polygon
1165010800,42,emd_polygon
1165010900,74,emd_point
1165011000,50,emd_polygon
1165011100,99,emd_polygon
1168010100,72,emd_polygon
1168010300,32,emd_polygon
1168010400,29,emd_point
1168010500,30,emd_polygon
1168010600,22,emd_polygon
1168010700,24,emd_point
1168010800,38,emd_polygon
1168011000,28,emd_point
1168011100,35,emd_point
1168011200,80,emd_polygon
1168011300,63,emd_polygon
1168011400,34,emd_polygon
1168011500,19,emd_point
1168011800,34,emd_polygon
1171010100,20,emd_polygon
1171010200,9,emd_polygon
1171010300,26,emd_polygon
1171010400,33,emd_polygon
1171010500,21,emd_point
1171010600,19,emd_point
1171010700,32,emd_polygon
1171010800,21,emd_polygon
1171010900,46,emd_point
1171011100,23,emd_polygon
1171011200,48,emd_point
1171011300,52,emd_polygon
1171011400,41,emd_polygon
1174010100,33,emd_polygon
1174010200,21,emd_polygon
1174010300,33,emd_polygon
1174010500,31,emd_point
1174010600,33,emd_polygon
1174010700,22,emd_polygon
1174010800,26,emd_polygon
1174010900,24,emd_polygon
1174011000,26,emd_point
1211010100,9,emd_polygon
1211010200,5,emd_point
1211010300,8,emd_point
1211010400,6,emd_point
1211010500,18,emd_polygon
1211010600,13,emd_polygon
1211010700,8,emd_polygon
1211010800,3,emd_polygon
1211010900,8,emd_polygon
1211011000,7,emd_polygon
1211011100,10,emd_polygon
1211011200,17,emd_polygon
1211011300,14,emd_polygon
1211011400,23,emd_polygon
1211011500,10,emd_polygon
1211011600,11,emd_polygon
1211011700,10,emd_polygon
1211011800,7,emd_point
1211011900,6,emd_polygon
1211012000,8,emd_polygon
1211012100,9,emd_polygon
1211012200,9,emd_polygon
1211012300,5,emd_polygon
1211012400,7,emd_polygon
1211012500,7,emd_polygon
1211012600,7,emd_polygon
1211012700,8,emd_polygon
1211012800,7,emd_polygon
1211012900,7,emd_polygon
1211013000,8,emd_polygon
1211013100,8,emd_polygon
1211013200,6,emd_point
1211013300,9,emd_polygon
1211013400,23,emd_polygon
1211013500,6,emd_polygon
1211013600,9,emd_polygon
1211013700,7,emd_polygon
1211013800,8,emd_polygon
1211013900,0,emd_point
1211014000,9,emd_polygon
1211014100,10,emd_polygon
1211014200,1,emd_polygon
1211014300,8,emd_polygon
1211014400,7,emd_polygon
1211014500,6,emd_polygon
1211014600,12,emd_polygon
1211014700,5,emd_polygon
1211014800,4,emd_polygon
1211014900,5,emd_polygon
1211015000,6,emd_polygon
1211015100,5,emd_polygon
1211015200,7,emd_polygon
1211015300,7,emd_polygon
1211015400,36,emd_polygon
1211015500,7,emd_polygon
1211015600,97,emd_polygon
1211015700,23,emd_point
1211015800,9,emd_point
1211015900,27,emd_point
1211016000,6,emd_polygon
1211016100,2,emd_polygon
1211016200,38,emd_polygon
1211016300,43,emd_polygon
1211016400,7,emd_point
1213010100,56,emd_polygon
1213010200,3,emd_polygon
1213010300,17,emd_polygon
1213010400,32,emd_polygon
1213010500,58,emd_polygon
1213010600,80,emd_polygon
1213010700,0,emd_point
1213010800,8,emd_polygon
1213010900,51,emd_polygon
1213011000,57,emd_point
1213011100,55,emd_polygon
1213011200,156,emd_polygon
1213011300,9,emd_polygon
1213011400,113,emd_polygon
1213011500,16,emd_polygon
1213011600,53,emd_polygon
1213011700,5,emd_point
1213011800,45,emd_polygon
1213011900,135,emd_point
1213012000,77,emd_point
1213012100,47,emd_polygon
1213012200,57,emd_point
1213012300,89,emd_point
1213012400,41,emd_polygon
1213012500,51,emd_polygon
1213012600,39,emd_polygon
1213012700,9,emd_polygon
1213012800,11,emd_polygon
1213012900,124,emd_polygon
1213013000,129,emd_polygon
1213013100,66,emd_polygon
1213013200,37,emd_point
1213013300,19,emd_polygon
1213013400,13,emd_polygon
1213013500,52,emd_polygon
1213013600,32,emd_point
1213013700,43,emd_polygon
1213013800,48,emd_point
1213013900,99,emd_polygon
1213014000,5,emd_polygon
1213014100,28,emd_polygon
1213014200,39,emd_polygon
1213014300,160,emd_polygon
1213014400,118,emd_polygon
1213014500,34,emd_polygon
1213014600,47,emd_polygon
1213014700,3,emd_point
1213014800,305,emd_polygon
1213014900,162,emd_polygon
1213015000,23,emd_polygon
1213015100,80,emd_polygon
1213025000,10,emd_point
1213025021,51,ri_polygon
1213025022,128,ri_polygon
1213025023,59,ri_polygon
1213025024,69,ri_polygon
1213025025,6,ri_polygon
1213025026,60,ri_polygon
1213025027,190,ri_polygon
1213025028,53,ri_polygon
1213025029,12,ri_polygon
1213025030,112,ri_polygon
1213031000,21,emd_point
1213031021,64,ri_polygon
1213031022,34,ri_polygon
1213031023,23,ri_polygon
1213031024,25,ri_polygon
1213031025,6,ri_polygon
1213031026,67,ri_polygon
1213031027,50,ri_polygon
1213031028,149,ri_polygon
1213032000,4,emd_point
1213032021,1,ri_polygon
1213032022,32,ri_polygon
1213032023,75,ri_polygon
1213032024,103,ri_polygon
1213032025,58,ri_polygon
1213032026,25,ri_polygon
1213032027,114,ri_polygon
1213032028,19,ri_polygon
1213032029,16,ri_polygon
1213032030,11,ri_polygon
1213033000,14,emd_point
1213033021,70,ri_polygon
1213033022,5,ri_polygon
1213033023,101,ri_polygon
1213033024,17,ri_polygon
1213033025,22,ri_polygon
1213033026,50,ri_polygon
1213033027,17,ri_polygon
1213033028,52,ri_polygon
1213033029,9,ri_polygon
1213033030,19,ri_polygon
1213034000,34,emd_point
1213034021,36,ri_polygon
1213034022,67,ri_polygon
1213034023,11,ri_polygon
1213034024,173,ri_polygon
1213034025,173,ri_polygon
1213034026,12,ri_polygon
1213034027,107,ri_polygon
1213034028,12,ri_polygon
1213034029,35,ri_polygon
1213035000,21,emd_point
1213035021,95,ri_polygon
1213035022,50,ri_polygon
1213035023,71,ri_polygon
1213035024,8,ri_polygon
1213035025,86,ri_polygon
1213035026,48,ri_polygon
1213035027,96,ri_polygon
1213035028,96,ri_polygon
1213035029,24,ri_polygon
1213035030,8,ri_polygon
1213036000,0,emd_point
1213036021,69,ri_polygon
1213036022,36,ri_polygon
1213036023,120,ri_polygon
1213036024,99,ri_polygon
1213036025,256,ri_polygon
1213036026,101,ri_polygon
1215010100,294,emd_polygon
1215010200,169,emd_polygon
1215010300,21,emd_polygon
1215010400,55,emd_polygon
1215010500,19,emd_polygon
1215010600,225,emd_polygon
1215010700,22,emd_point
1215010800,309,emd_polygon
1215010900,64,emd_polygon
1215011000,96,emd_polygon
1215011100,11,emd_point
1215011200,69,emd_polygon
1215011300,10,emd_polygon
1215011400,14,emd_polygon
1215011500,8,emd_point
1215011600,56,emd_polygon
1215011700,94,emd_polygon
1215011800,18,emd_point
1215011900,15,emd_point
1215012000,24,emd_polygon
1215012100,15,emd_point
1215012200,14,emd_polygon
1215012300,4,emd_polygon
1215012400,49,emd_polygon
1215012500,5,emd_polygon
1215012600,4,emd_polygon
1215012700,73,emd_polygon
1215012800,20,emd_polygon
1215012900,34,emd_polygon
1215013000,6,emd_polygon
1215013100,34,emd_polygon
1215013200,55,emd_polygon
1215013300,37,emd_polygon
1215025000,121,emd_point
1215025021,243,ri_polygon
1215025022,316,ri_polygon
1215025023,303,ri_polygon
1215025024,150,ri_polygon
1215025025,190,ri_polygon
1215025026,204,ri_polygon
1215025027,348,ri_polygon
1215025028,196,ri_polygon
1215025029,164,ri_polygon
1215025030,188,ri_polygon
1215025031,159,ri_polygon
1215025032,200,ri_polygon
1215025033,219,ri_polygon
1215025034,178,ri_polygon
1215031000,58,emd_point
1215031021,80,ri_polygon
1215031022,5,ri_polygon
1215031023,23,ri_polygon
1215031024,4,ri_polygon
1215031025,25,ri_polygon
1215031026,41,ri_polygon
1215031027,79,ri_polygon
1215031028,23,ri_polygon
1215031029,35,ri_polygon
1215031030,80,ri_polygon
1215031031,36,ri_polygon
1215031032,38,ri_polygon
1215031033,4,ri_polygon
1215031034,28,ri_polygon
1215031035,40,ri_polygon
1215031036,81,ri_polygon
1215031037,134,ri_polygon
1215031038,33,ri_polygon
1215032000,84,emd_point
1215032021,400,ri_polygon
1215032022,128,ri_polygon
1215032023,155,ri_polygon
1215032024,173,ri_polygon
1215032025,108,ri_polygon
1215032026,122,ri_polygon
1215032027,46,ri_polygon
1215032028,27,ri_polygon
1215032029,63,ri_polygon
1215032030,243,ri_polygon
1215032031,164,ri_polygon
1215032032,49,ri_polygon
1215032033,203,ri_polygon
1215032034,381,ri_polygon
1215033000,76,emd_point
1215033021,290,ri_polygon
1215033022,169,ri_polygon
1215033023,251,ri_polygon
1215033024,85,ri_polygon
1215033025,317,ri_polygon
1215033026,80,ri_polygon
1215033027,114,ri_polygon
1215033028,71,ri_polygon
1215033029,324,ri_polygon
1215033030,152,ri_polygon
1215033031,101,ri_polygon
1215033032,234,ri_polygon
1215033033,148,ri_polygon
1215033034,69,ri_polygon
1215033035,104,ri_polygon
1215033036,247,ri_polygon
1215034000,123,emd_point
1215034021,151,ri_polygon
1215034022,93,ri_polygon
1215034023,160,ri_polygon
1215034024,281,ri_polygon
1215034025,283,ri_polygon
1215034026,250,ri_polygon
1215034027,166,ri_polygon
1215034028,109,ri_polygon
1215034029,246,ri_polygon
1215034030,193,ri_polygon
1215035000,69,emd_point
1215035021,213,ri_polygon
1215035022,135,ri_polygon
1215035023,205,ri_polygon
1215035024,106,ri_polygon
1215035025,102,ri_polygon
1215035026,211,ri_polygon
1215035028,84,ri_polygon
1215035029,87,ri_polygon
1215035030,83,ri_polygon
1215035031,104,ri_polygon
1215035032,249,ri_polygon
1215035033,219,ri_polygon
1215035034,159,ri_polygon
1215035035,100,ri_polygon
1215035036,118,ri_polygon
1215035037,119,ri_polygon
1215035038,82,ri_polygon
1215035039,89,ri_polygon
1215035040,166,ri_polygon
1215035041,121,ri_polygon
1215036000,120,emd_point
1215036021,112,ri_polygon
1215036022,203,ri_polygon
1215036023,197,ri_polygon
1215036024,187,ri_polygon
1215036025,325,ri_polygon
1215036026,141,ri_polygon
1215036027,141,ri_polygon
1215036028,101,ri_polygon
1215036029,166,ri_polygon
1215036030,174,ri_polygon
1215036031,268,ri_polygon
1215036032,172,ri_polygon
1215036033,346,ri_polygon
1215036034,186,ri_polygon
1215036035,303,ri_polygon
1215037000,204,emd_point
1215037021,268,ri_polygon
1215037022,322,ri_polygon
1215037023,165,ri_polygon
1215037024,273,ri_polygon
1215037025,271,ri_polygon
1215037026,319,ri_polygon
1215037027,274,ri_polygon
1215037028,328,ri_polygon
1215038000,59,emd_point
1215038021,180,ri_polygon
1215038022,31,ri_polygon
1215038023,80,ri_polygon
1215038024,195,ri_polygon
1215038025,156,ri_polygon
1215038026,182,ri_polygon
1215038027,173,ri_polygon
1215038028,31,ri_polygon
1215038029,30,ri_polygon
1215038030,45,ri_polygon
1215038031,217,ri_polygon
1215038032,27,ri_polygon
1215038033,86,ri_polygon
1215038034,76,ri_polygon
1215038035,201,ri_polygon
1215038036,186,ri_polygon
1215038037,364,ri_polygon
1215038038,274,ri_polygon
1215038039,374,ri_polygon
1215039000,62,emd_point
1215039021,41,ri_polygon
1215039022,59,ri_polygon
1215039023,171,ri_polygon
1215039024,29,ri_polygon
1215039025,17,ri_polygon
1215039026,15,ri_polygon
1215039027,24,ri_polygon
1215039028,4,ri_polygon
1215039029,108,ri_polygon
1215039030,3,ri_polygon
1215039031,3,ri_polygon
1215039032,47,ri_polygon
1215039033,47,ri_polygon
1215039034,5,ri_polygon
1215039035,39,ri_polygon
1215039036,66,ri_polygon
1215039037,76,ri_polygon
1215039038,113,ri_polygon
1215040000,15,emd_point
1215040021,18,ri_polygon
1215040022,43,ri_polygon
1215040023,56,ri_polygon
1215040024,101,ri_polygon
1215040025,183,ri_polygon
1215040026,103,ri_polygon
1215040027,257,ri_polygon
1215040028,106,ri_polygon
1215040029,98,ri_polygon
1215040030,58,ri_polygon
1215040031,14,ri_polygon
1217010100,5,emd_polygon
1217010200,6,emd_point
1217010300,46,emd_polygon
1217010400,13,emd_polygon
1217010500,31,emd_polygon
1217010600,29,emd_polygon
1217010700,29,emd_polygon
1217010800,102,emd_polygon
1217010900,171,emd_polygon
1217011000,28,emd_polygon
1217011100,26,emd_polygon
1217011200,21,emd_polygon
1217011300,25,emd_polygon
1217011400,36,emd_point
1217011500,21,emd_polygon
1217011600,88,emd_polygon
1217011700,21,emd_polygon
1217011800,26,emd_polygon
1217011900,16,emd_polygon
1217012000,16,emd_polygon
1217012100,34,emd_polygon
1217012200,7,emd_polygon
1217012300,22,emd_point
1217012400,19,emd_polygon
1217012500,8,emd_polygon
1217012600,25,emd_polygon
1217012700,12,emd_polygon
1217012800,12,emd_point
1217012900,22,emd_polygon
1217013000,67,emd_polygon
1217013100,19,emd_polygon
1217013200,12,emd_polygon
1217013300,41,emd_polygon
1217013400,34,emd_point
1217025000,20,emd_point
1217025021,18,ri_polygon
1217025022,18,ri_polygon
1217025023,19,ri_polygon
1217025024,16,ri_polygon
1217025025,46,ri_polygon
1217025026,70,ri_polygon
1217025027,72,ri_polygon
1217025028,78,ri_polygon
1217025029,31,ri_polygon
1217025030,110,ri_polygon
1217025031,118,ri_polygon
1217025032,74,ri_polygon
1217025033,77,ri_polygon
1217025034,55,ri_polygon
1217025035,22,ri_polygon
1217025036,17,ri_polygon
1217031000,66,emd_point
1217031021,37,ri_polygon
1217031022,31,ri_polygon
1217031023,25,ri_polygon
1217031024,18,ri_polygon
1217031025,14,ri_polygon
1217031026,24,ri_polygon
1217031027,54,ri_polygon
1217031028,30,ri_polygon
1217031029,32,ri_polygon
1217032000,12,emd_point
1217032021,29,ri_polygon
1217032022,16,ri_polygon
1217032023,6,ri_polygon
1217032024,58,ri_polygon
1217032025,20,ri_polygon
1217032026,13,ri_polygon
1217032027,19,ri_polygon
1217032028,18,ri_polygon
1217032029,27,ri_polygon
1217032030,32,ri_polygon
1217032031,42,ri_polygon
1217032032,11,ri_polygon
1217033000,14,emd_point
1217033021,16,ri_polygon
1217033022,43,ri_polygon
1217033024,16,ri_polygon
1217033025,16,ri_polygon
1217033026,8,ri_polygon
1217033027,17,ri_polygon
1217033028,15,ri_polygon
1217034000,19,emd_point
1217034021,19,ri_polygon
1217034022,12,ri_polygon
1217034023,18,ri_polygon
1217034024,3,ri_polygon
1217034025,16,ri_polygon
1217034026,28,ri_polygon
1217034027,8,ri_polygon
1217034028,4,ri_polygon
1217034029,21,ri_polygon
1217034030,16,ri_polygon
1217035000,9,emd_point
1217035021,13,ri_polygon
1217035022,18,ri_polygon
1217035023,6,ri_polygon
1217035024,10,ri_polygon
1217035025,5,ri_polygon
1217035026,9,ri_polygon
1217035027,4,ri_polygon
1217035028,4,ri_polygon
1217035029,5,ri_polygon
1217035030,11,ri_polygon
1217035031,17,ri_polygon
1217036000,17,emd_point
1217036021,8,ri_polygon
1217036022,19,ri_polygon
1217036023,144,ri_polygon
1217036025,10,ri_polygon
1217036026,3,ri_polygon
1217036027,5,ri_polygon
1217036028,4,ri_polygon
1217036029,23,ri_polygon
1217036030,32,ri_polygon
1217036031,14,ri_polygon
1217036032,28,ri_polygon
1217036033,51,ri_polygon
1217036034,66,ri_polygon
1217036035,70,ri_polygon
1217036036,16,ri_polygon
1217037000,56,emd_point
1217037021,18,ri_polygon
1217037022,63,ri_polygon
1217037023,49,ri_polygon
1217037024,32,ri_polygon
1217037025,45,ri_polygon
1217037026,111,ri_polygon
1217037027,141,ri_polygon
1217037028,87,ri_polygon
1217037029,18,ri_polygon
1217037030,7,ri_polygon
1217037031,48,ri_polygon
1217037032,71,ri_polygon
1217038000,20,emd_point
1217038021,15,ri_polygon
1217038022,16,ri_polygon
1217038023,17,ri_polygon
1217038024,26,ri_polygon
1217038025,30,ri_polygon
1217038026,31,ri_polygon
1217038027,23,ri_polygon
1217038028,22,ri_polygon
1217038029,34,ri_polygon
1217038030,31,ri_polygon
1217038031,66,ri_polygon
1217038032,39,ri_polygon
1217038033,32,ri_polygon
1217039000,12,emd_point
1217039021,15,ri_polygon
1217039022,7,ri_polygon
1217039023,17,ri_polygon
1217039024,8,ri_polygon
1217039025,35,ri_polygon
1217039026,27,ri_polygon
1217039027,23,ri_polygon
1217039028,24,ri_polygon
1217039029,30,ri_polygon
1217039030,7,ri_polygon
1217039031,14,ri_polygon
1217040000,14,emd_point
1217040021,15,ri_polygon
1217040022,24,ri_polygon
1217040023,27,ri_polygon
1217040024,22,ri_polygon
1217040025,36,ri_polygon
1217040026,19,ri_polygon
1217040027,16,ri_polygon
1217040028,12,ri_polygon
1217040029,14,ri_polygon
1217042000,107,emd_point
1217042021,69,ri_polygon
1217042022,57,ri_polygon
1217042023,39,ri_polygon
1217042024,58,ri_polygon
1217042025,67,ri_polygon
1217042026,81,ri_polygon
1217042027,183,ri_polygon
1217042028,190,ri_polygon
1217042029,139,ri_polygon
1217042030,245,ri_polygon
1217042031,239,ri_polygon
1217043000,28,emd_point
1217043021,21,ri_polygon
1217043022,47,ri_polygon
1217043023,56,ri_polygon
1217043024,51,ri_polygon
1217043025,28,ri_polygon
1217043026,29,ri_polygon
1217043027,28,ri_polygon
1217043028,14,ri_polygon
1217043029,45,ri_polygon
1217043030,29,ri_polygon
1217043031,12,ri_polygon
1217043032,32,ri_polygon
1217043033,35,ri_polygon
1217043034,49,ri_polygon
1217043035,45,ri_polygon
1217043036,66,ri_polygon
1217043037,87,ri_polygon
1217043038,258,ri_polygon
1219010100,0,emd_polygon
1219010200,14,emd_polygon
1219010300,1,emd_polygon
1219010400,232,emd_polygon
1219010500,118,emd_polygon
1219010600,9,emd_polygon
1219010700,76,emd_polygon
1219010800,11,emd_point
1219010900,10,emd_point
1219011000,11,emd_point
1219025000,14,emd_point
1219025021,26,ri_polygon
1219025022,25,ri_polygon
1219025023,14,ri_polygon
1219025024,19,ri_polygon
1219025025,4,ri_polygon
1219025026,55,ri_polygon
1219025027,12,ri_polygon
1219025028,90,ri_polygon
1219025029,182,ri_polygon
1219025030,34,ri_polygon
1219025031,7,ri_polygon
1219025032,14,ri_polygon
1219025033,7,ri_polygon
1219025034,2,ri_polygon
1219025035,20,ri_polygon
1219031000,45,emd_point
1219031021,32,ri_polygon
1219031022,40,ri_polygon
1219031023,122,ri_polygon
1219031024,148,ri_polygon
1219031025,103,ri_polygon
1219031026,256,ri_polygon
1219031027,448,ri_polygon
1219032000,42,emd_point
1219032021,42,ri_polygon
1219032022,109,ri_polygon
1219032023,119,ri_polygon
1219032024,586,ri_polygon
1219032025,203,ri_polygon
1219032026,232,ri_polygon
1219032027,178,ri_polygon
1219032028,39,ri_polygon
1219033000,7,emd_point
1219033021,35,ri_polygon
1219033022,50,ri_polygon
1219033023,182,ri_polygon
1219033024,5,ri_polygon
1219033025,127,ri_polygon
1219033026,81,ri_polygon
1219033027,280,ri_polygon
1219034000,6,emd_point
1219034021,83,ri_polygon
1219034022,54,ri_polygon
1219034023,59,ri_polygon
1219034024,431,ri_polygon
1219034025,427,ri_polygon
1219034026,131,ri_polygon
1219034027,5,ri_polygon
1219035000,8,emd_point
1219035021,30,ri_polygon
1219035022,54,ri_polygon
1219035023,126,ri_polygon
1219035024,46,ri_polygon
1219035025,59,ri_polygon
1219035026,18,ri_polygon
1219035027,109,ri_polygon
1219035028,15,ri_polygon
1219035029,115,ri_polygon
1219035030,1,ri_polygon
1219036000,10,emd_point
1219036021,115,ri_polygon
1219036022,68,ri_polygon
1219036023,290,ri_polygon
1219036024,196,ri_polygon
1219036025,622,ri_polygon
1221010100,49,emd_polygon
1221010200,46,emd_polygon
1221010300,48,emd_polygon
1221010400,42,emd_polygon
1221010500,53,emd_polygon
1221010600,49,emd_polygon
1221010700,54,emd_polygon
1221010800,59,emd_point
1221010900,48,emd_polygon
1221011000,72,emd_polygon
1221011100,102,emd_polygon
1221011200,54,emd_polygon
1221011300,56,emd_polygon
1221011400,53,emd_polygon
1221011500,48,emd_polygon
1221011600,48,emd_polygon
1221011700,51,emd_polygon
1221011800,58,emd_polygon
1221011900,117,emd_polygon
1221012000,469,emd_polygon
1221012100,266,emd_polygon
1221012200,60,emd_point
1221012300,93,emd_polygon
1221012400,182,emd_polygon
1221012500,188,emd_polygon
1221012600,168,emd_polygon
1221012700,57,emd_polygon
1221012800,54,emd_polygon
1221012900,55,emd_polygon
1221013000,52,emd_polygon
1221013100,54,emd_polygon
1221013200,57,emd_polygon
1221013300,53,emd_polygon
1221013400,51,emd_polygon
1224010400,42,emd_point
1224010600,50,emd_polygon
1224011500,29,emd_point
1224011600,20,emd_polygon
1224011700,22,emd_polygon
1224011800,39,emd_polygon
1224011900,48,emd_polygon
1224012000,29,emd_point
1224012100,32,emd_polygon
1224012500,31,emd_point
1224012600,17,emd_polygon
1224012700,12,emd_polygon
1224012800,86,emd_point
1224012900,20,emd_polygon
1224013000,51,emd_polygon
1224013100,17,emd_polygon
1224013200,36,emd_polygon
1224013300,25,emd_point
1227010100,58,emd_polygon
1227010200,57,emd_polygon
1227010300,73,emd_polygon
1227010400,54,emd_point
1227010500,64,emd_polygon
1227010600,43,emd_polygon
1227010700,117,emd_polygon
1227010800,77,emd_point
1227010900,180,emd_polygon
1227011000,65,emd_polygon
1227011100,35,emd_polygon
1227011200,67,emd_polygon
1227011300,58,emd_point
1227011400,96,emd_polygon
1227011500,60,emd_polygon
1227011600,14,emd_polygon
1227011700,12,emd_polygon
1227011800,49,emd_polygon
1227011900,11,emd_polygon
1227012000,28,emd_polygon
1227012100,34,emd_polygon
1227012200,11,emd_polygon
1227012300,22,emd_polygon
1227012400,23,emd_polygon
1227012500,19,emd_polygon
1227012600,67,emd_polygon
1227012700,37,emd_polygon
1227012800,17,emd_polygon
1227012900,37,emd_polygon
1227013000,19,emd_polygon
1230010100,41,emd_point
1230010200,41,emd_polygon
1230010300,42,emd_polygon
1230010400,43,emd_polygon
1230010500,35,emd_point
1230010600,35,emd_point
1230010700,54,emd_point
1230010800,73,emd_point
1230010900,36,emd_polygon
1230011000,52,emd_point
1230011100,53,emd_point
1230011200,71,emd_polygon
1230011300,136,emd_polygon
1230011400,81,emd_polygon
1230011500,54,emd_polygon
1230011600,42,emd_point
1230011700,58,emd_point
1230011800,101,emd_polygon
1230011900,116,emd_polygon
1230012000,325,emd_polygon
1230012100,82,emd_polygon
1230012200,114,emd_polygon
1230012300,216,emd_polygon
1230012400,88,emd_polygon
1230012500,75,emd_polygon
1230012600,62,emd_polygon
1230012700,53,emd_point
1230012800,41,emd_point
1230012900,23,emd_polygon
1230013000,21,emd_point
1230013100,26,emd_polygon
1230013200,22,emd_polygon
1230013300,52,emd_polygon
1230013400,56,emd_polygon
1230013500,86,emd_polygon
1230013600,26,emd_polygon
1230013700,28,emd_polygon
1230013800,55,emd_polygon
1230013900,40,emd_polygon
1230014000,28,emd_polygon
1230014100,27,emd_polygon
1233010100,18,emd_polygon
1233010200,15,emd_point
1233010300,14,emd_polygon
1233010400,15,emd_polygon
1233010500,89,emd_polygon
1233010600,132,emd_polygon
1233010700,16,emd_polygon
1233010800,43,emd_polygon
1233010900,18,emd_point
1233011000,16,emd_polygon
1233011100,76,emd_polygon
1233011200,41,emd_point
1233011300,34,emd_polygon
1233011400,25,emd_point
1233011500,30,emd_polygon
1233011600,26,emd_polygon
1233011700,35,emd_polygon
1233011800,46,emd_point
1233011900,22,emd_point
1233012000,15,emd_point
1233012100,34,emd_polygon
1233012200,39,emd_polygon
1233012300,32,emd_polygon
1233012400,27,emd_polygon
1233012500,33,emd_point
1233012600,46,emd_polygon
1233012700,41,emd_polygon
1233012800,23,emd_polygon
1233012900,61,emd_polygon
1233013000,25,emd_polygon
1233013100,33,emd_polygon
1233013200,48,emd_polygon
1233013300,65,emd_polygon
1233013400,28,emd_point
1233013500,125,emd_polygon
1233013600,34,emd_polygon
1233013700,79,emd_polygon
1233013800,29,emd_polygon
1233013900,12,emd_polygon
1233014000,31,emd_polygon
1233014100,10,emd_polygon
1233014200,18,emd_polygon
1233014300,13,emd_polygon
1233014400,13,emd_polygon
1233014500,16,emd_polygon
1233014600,14,emd_polygon
1233014700,17,emd_polygon
1233014800,19,emd_polygon
1233014900,41,emd_polygon
1233015000,34,emd_polygon
1233015100,25,emd_polygon
1233015200,37,emd_polygon
1233015300,30,emd_polygon
1233015400,43,emd_polygon
1233015500,29,emd_polygon
1233015600,69,emd_polygon
1233015700,23,emd_polygon
1233015800,32,emd_polygon
1233015900,78,emd_polygon
1233016000,47,emd_polygon
1233016100,43,emd_polygon
1233016200,61,emd_polygon
1233016300,48,emd_polygon
1233016400,50,emd_polygon
1233016500,34,emd_polygon
1233016600,49,emd_point
1233016700,27,emd_polygon
1233016800,22,emd_polygon
1233016900,23,emd_polygon
1233017000,62,emd_polygon
1233017100,124,emd_polygon
1233017200,73,emd_polygon
1233017300,84,emd_polygon
1233017400,74,emd_polygon
1233017500,61,emd_polygon
1233017600,78,emd_polygon
1233017700,126,emd_polygon
1233017800,77,emd_polygon
1233020200,35,emd_polygon
1271025000,50,emd_point
1271025021,48,ri_polygon
1271025022,46,ri_polygon
1271025023,49,ri_polygon
1271025024,49,ri_polygon
1271025025,53,ri_polygon
1271025026,52,ri_polygon
1271025027,54,ri_polygon
1271025028,66,ri_polygon
1271025029,65,ri_polygon
1271025030,41,ri_polygon
1271025031,41,ri_polygon
1271025032,97,ri_polygon
1271025033,126,ri_polygon
1271025034,77,ri_polygon
1271025035,69,ri_polygon
1271025036,65,ri_polygon
1271025037,52,ri_polygon
1271025038,55,ri_polygon
1271025039,50,emd_point
1271031000,45,emd_point
1271031021,37,ri_polygon
1271031022,97,ri_polygon
1271031023,34,ri_polygon
1271031024,49,ri_polygon
1271031025,35,ri_polygon
1271031026,73,ri_polygon
1271031027,32,ri_polygon
1271031028,33,ri_polygon
1271031029,32,ri_polygon
1271032000,48,emd_point
1271032021,70,ri_polygon
1271032022,85,ri_polygon
1271032023,57,ri_polygon
1271032024,94,ri_polygon
1271032025,50,ri_polygon
1271032026,73,ri_polygon
1271032027,53,ri_polygon
1271032028,49,ri_polygon
1271032029,41,ri_polygon
1271032030,74,ri_polygon
1271033500,191,emd_point
1271033521,191,emd_point
1271033522,191,emd_point
1271033523,191,emd_point
1271033524,191,emd_point
1271033525,191,emd_point
1271033526,191,emd_point
1271033527,191,emd_point
1271033528,191,emd_point
1271033529,191,emd_point
1271033530,191,emd_point
1271033531,191,emd_point
1271034000,71,emd_point
1271034021,69,ri_polygon
1271034022,76,ri_polygon
1271034023,160,ri_polygon
1271034024,101,ri_polygon
1271034025,119,ri_polygon
1271034026,55,ri_polygon
1271034027,54,ri_polygon
1271034028,62,ri_polygon
1271034029,81,ri_polygon
1271034030,64,ri_polygon
1271034031,136,ri_polygon
1271034032,293,ri_polygon
1271035000,113,emd_point
1271035021,118,ri_polygon
1271035022,107,ri_polygon
1271035023,164,ri_polygon
1271035024,173,ri_polygon
1271035025,116,ri_polygon
1271035026,232,ri_polygon
1271035027,203,ri_polygon
1271035028,304,ri_polygon
1271035029,288,ri_polygon
1271035030,304,ri_polygon
1271035031,300,ri_polygon
1271036000,54,emd_point
1271036021,90,ri_polygon
1271036022,76,ri_polygon
1271036023,60,ri_polygon
1271036024,46,ri_polygon
1271036025,54,ri_polygon
1271036026,110,ri_polygon
1271036027,97,ri_polygon
1271036028,124,ri_polygon
1271036029,130,ri_polygon
1271036030,152,ri_polygon
1271036031,183,ri_polygon
1271036032,76,ri_polygon
1271036033,150,ri_polygon
1271037000,63,emd_point
1271037021,78,ri_polygon
1271037022,64,ri_polygon
1271037023,78,ri_polygon
1271037024,72,ri_polygon
1271037025,124,ri_polygon
1271037026,145,ri_polygon
1271037027,110,ri_polygon
1271037028,67,ri_polygon
1271037029,153,ri_polygon
1271037030,134,ri_polygon
1271038000,81,emd_point
1271038021,72,ri_polygon
1271038022,91,ri_polygon
1271038023,105,ri_polygon
1271038024,305,ri_polygon
1271038025,132,ri_polygon
1271038026,227,ri_polygon
1271038027,202,ri_polygon
1271038028,253,ri_polygon
1271039000,81,emd_point
1271039021,67,ri_polygon
1271039022,99,ri_polygon
1271039023,148,ri_polygon
1271039024,364,ri_polygon
1271039025,147,ri_polygon
1271039026,223,ri_polygon
1271039027,122,ri_polygon
1271039028,73,ri_polygon
1271039029,59,ri_polygon
1271039030,65,ri_polygon
1271040000,61,emd_point
1271040021,49,ri_polygon
1271040022,32,ri_polygon
1271040023,30,ri_polygon
1271040024,29,ri_polygon
1271040025,41,ri_polygon
1271040026,82,ri_polygon
1271040027,155,ri_polygon
1271040028,208,ri_polygon
1271040029,139,ri_polygon
1271040030,57,ri_polygon
1271040031,48,ri_polygon
1271040032,33,ri_polygon
1271040033,42,ri_polygon
1271040034,69,ri_polygon
1271040035,61,emd_point
1271041000,50,emd_point
1271041021,56,ri_polygon
1271041022,227,ri_polygon
1271041023,81,ri_polygon
1271041024,40,ri_polygon
1271041025,25,ri_polygon
1271041026,27,ri_polygon
1271041027,27,ri_polygon
1271041028,48,ri_polygon
1271041029,94,ri_polygon
1271041030,191,ri_polygon
1271041031,37,ri_polygon
1271041032,41,ri_polygon
1272025000,55,emd_point
1272025021,62,ri_polygon
1272025022,165,ri_polygon
1272025023,118,ri_polygon
1272025024,141,ri_polygon
1272025025,234,ri_polygon
1272025026,275,ri_polygon
1272025027,166,ri_polygon
1272025028,154,ri_polygon
1272025029,55,ri_polygon
1272025030,54,ri_polygon
1272025031,57,ri_polygon
1272025032,57,ri_polygon
1272025033,233,ri_polygon
1272025034,62,ri_polygon
1272031000,56,emd_point
1272031021,62,ri_polygon
1272031022,152,ri_polygon
1272031023,356,ri_polygon
1272031024,267,ri_polygon
1272031025,147,ri_polygon
1272031026,186,ri_polygon
1272031027,201,ri_polygon
1272031028,70,ri_polygon
1272031029,227,ri_polygon
1272031030,230,ri_polygon
1272032000,127,emd_point
1272032021,312,ri_polygon
1272032022,197,ri_polygon
1272032023,249,ri_polygon
1272032024,291,ri_polygon
1272032025,214,ri_polygon
1272032026,169,ri_polygon
1272032027,202,ri_polygon
1272032028,261,ri_polygon
1272032029,239,ri_polygon
1272032030,218,ri_polygon
1272032031,271,ri_polygon
1272032032,382,ri_polygon
1272033000,55,emd_point
1272033021,64,ri_polygon
1272033022,62,ri_polygon
1272033023,177,ri_polygon
1272033024,157,ri_polygon
1272033025,208,ri_polygon
1272033026,263,ri_polygon
1272033027,92,ri_polygon
1272033028,181,ri_polygon
1272033029,190,ri_polygon
1272033030,73,ri_polygon
1272033031,196,ri_polygon
1272033032,104,ri_polygon
1272034000,77,emd_point
1272034021,59,ri_polygon
1272034022,212,ri_polygon
1272034023,161,ri_polygon
1272034024,150,ri_polygon
1272034025,228,ri_polygon
1272034026,93,ri_polygon
1272034027,91,ri_polygon
1272034028,93,ri_polygon
1272034029,150,ri_polygon
1272034030,240,ri_polygon
1272034031,334,ri_polygon
1272034032,117,ri_polygon
1272035000,50,emd_point
1272035021,105,ri_polygon
1272035022,156,ri_polygon
1272035023,173,ri_polygon
1272035024,208,ri_polygon
1272035025,168,ri_polygon
1272035026,116,ri_polygon
1272035027,86,ri_polygon
1272035028,259,ri_polygon
1272035029,142,ri_polygon
1272035030,124,ri_polygon
1272035031,182,ri_polygon
1272035032,268,ri_polygon
1272035033,177,ri_polygon
1272035034,218,ri_polygon
1272036000,62,emd_point
1272036021,61,ri_polygon
1272036022,82,ri_polygon
1272036023,58,ri_polygon
1272036024,131,ri_polygon
1272036025,267,ri_polygon
1272036026,286,ri_polygon
1272036027,137,ri_polygon
1272037000,89,emd_point
1272037021,148,ri_polygon
1272037022,119,ri_polygon
1272037023,88,ri_polygon
1272037024,185,ri_polygon
1272037025,136,ri_polygon
1272037026,95,ri_polygon
1272037027,153,ri_polygon
1272037028,105,ri_polygon
1272037029,95,ri_polygon
1272037030,148,ri_polygon
1272037031,101,ri_polygon
1272038000,89,emd_point
1272038021,125,ri_polygon
1272038022,103,ri_polygon
1272038023,270,ri_polygon
1272038024,202,ri_polygon
1272038025,176,ri_polygon
1272038026,164,ri_polygon
1272038027,89,ri_polygon
1272038028,175,ri_polygon
1272038029,74,ri_polygon
1272038030,81,ri_polygon
1272038031,90,ri_polygon
1272038032,75,ri_polygon
1272039000,100,emd_point
1272039021,176,ri_polygon
1272039022,101,ri_polygon
1272039023,95,ri_polygon
1272039024,124,ri_polygon
1272039025,148,ri_polygon
1272039026,218,ri_polygon
1272039027,319,ri_polygon
1272039028,200,ri_polygon
1272039029,147,ri_polygon
1272039030,146,ri_polygon
1272039031,105,ri_polygon
1272039032,176,ri_polygon
1272040000,118,emd_point
1272040021,133,ri_polygon
1272040022,224,ri_polygon
1272040023,180,ri_polygon
1272040024,208,ri_polygon
1272040025,285,ri_polygon
1272040026,128,ri_polygon
1272040027,208,ri_polygon
1272040028,171,ri_polygon
1272040029,145,ri_polygon
1273025000,38,emd_point
1273025021,30,ri_polygon
1273025022,39,ri_polygon
1273025023,81,ri_polygon
1273025024,209,ri_polygon
1273025025,120,ri_polygon
1273025026,69,ri_polygon
1273025027,49,ri_polygon
1273025028,306,ri_polygon
1273025029,185,ri_polygon
1273025030,30,ri_polygon
1273031000,67,emd_point
1273031021,51,ri_polygon
1273031022,251,ri_polygon
1273031023,104,ri_polygon
1273031024,227,ri_polygon
1273032000,39,emd_point
1273032021,37,ri_polygon
1273032022,232,ri_polygon
1273032023,259,ri_polygon
1273032024,426,ri_polygon
1273032025,476,ri_polygon
1273032026,321,ri_polygon
1273032027,341,ri_polygon
1273032028,113,ri_polygon
1273032029,360,ri_polygon
1273033000,28,emd_point
1273033021,433,ri_polygon
1273033022,223,ri_polygon
1273033023,57,ri_polygon
1273033024,44,ri_polygon
1273033025,68,ri_polygon
1273033026,519,ri_polygon
1273033027,592,ri_polygon
1273033028,608,ri_polygon
1273033029,661,ri_polygon
1273033030,30,ri_polygon
1273034000,47,emd_point
1273034021,212,ri_polygon
1273034022,97,ri_polygon
1273034023,74,ri_polygon
1273034024,417,ri_polygon
1273034025,73,ri_polygon
1273034026,32,ri_polygon
1273035000,48,emd_point
1273035021,57,ri_polygon
1273035022,428,ri_polygon
1273035023,51,ri_polygon
1273035024,44,ri_polygon
1273035025,117,ri_polygon
1273035026,138,ri_polygon
1273035027,164,ri_polygon
1273035028,71,ri_polygon
1273036000,60,emd_point
1273036021,229,ri_polygon
1273036022,56,ri_polygon
1273036023,125,ri_polygon
1273036024,95,ri_polygon
1273036025,165,ri_polygon
1273036026,109,ri_polygon
1273036027,105,ri_polygon
1273037000,128,emd_point
1273037021,124,ri_polygon
1273037022,278,ri_polygon
1273037023,259,ri_polygon
1273037024,216,ri_polygon
1273037025,277,ri_polygon
1273037026,878,ri_polygon
1273037027,92,ri_polygon
1273037028,176,ri_polygon
1273037029,199,ri_polygon
1273037030,419,ri_polygon
1273037031,453,ri_polygon
1273037032,303,ri_polygon
1273037033,362,ri_polygon
1273037034,649,ri_polygon
1273037035,296,ri_polygon
1274025000,64,emd_point
1274025021,1,ri_polygon
1274025022,0,ri_polygon
1274025023,82,ri_polygon
1274025024,63,ri_polygon
1274025025,94,ri_polygon
1274025026,66,ri_polygon
1274025027,91,ri_polygon
1274025028,63,ri_polygon
1274025029,45,ri_polygon
1274025300,6,emd_point
1274025321,47,ri_polygon
1274025322,8,ri_polygon
1274025323,64,ri_polygon
1274025324,44,ri_polygon
1274025325,160,ri_polygon
1274025326,5,ri_polygon
1274025327,66,ri_polygon
1274031000,19,emd_point
1274031021,33,ri_polygon
1274031022,25,ri_polygon
1274031023,33,ri_polygon
1274031024,2,ri_polygon
1274031025,6,ri_polygon
1274031026,19,ri_polygon
1274031027,65,ri_polygon
1274031028,70,ri_polygon
1274031029,122,ri_polygon
1274031030,66,ri_polygon
1274031031,157,ri_polygon
1274031032,14,ri_polygon
1274032000,17,emd_point
1274032021,15,ri_polygon
1274032022,1,ri_polygon
1274032023,10,ri_polygon
1274032024,7,ri_polygon
1274032025,2,ri_polygon
1274032026,44,ri_polygon
1274033000,26,emd_point
1274033021,21,ri_polygon
1274033022,73,ri_polygon
1274033023,58,ri_polygon
1274033024,26,ri_polygon
1274033025,132,ri_polygon
1274033026,94,ri_polygon
1274033027,85,ri_polygon
1274034000,12,emd_point
1274034021,9,ri_polygon
1274034022,74,ri_polygon
1274034023,104,ri_polygon
1274034025,34,ri_polygon
1274034026,86,ri_polygon
1274034027,18,ri_polygon
1274034028,82,ri_polygon
1274034029,102,ri_polygon
1274034030,33,ri_polygon
1274034031,60,ri_polygon
1274035000,12,emd_point
1274035021,28,ri_polygon
1274035022,37,ri_polygon
1274035023,144,ri_polygon
1274035024,59,ri_polygon
1274035025,1,ri_polygon
1274035026,55,ri_polygon
1274035027,281,ri_polygon
1274035028,71,ri_polygon
1274035029,131,ri_polygon
1274035030,2,ri_polygon
1274035031,41,ri_polygon
1274035032,0,ri_polygon
1274036000,53,emd_point
1274036022,0,ri_polygon
1274036023,70,ri_polygon
1274036024,110,ri_polygon
1274036027,98,ri_polygon
1274037000,33,emd_point
1274037021,20,ri_polygon
1274037022,95,ri_polygon
1274037023,84,ri_polygon
1274037024,29,ri_polygon
1274037025,13,ri_polygon
1274037026,84,ri_polygon
1274037027,28,ri_polygon
1274037028,29,ri_polygon
1274037029,36,ri_polygon
1274037030,84,ri_polygon
1274037031,18,ri_polygon
1274038000,10,emd_point
1274038021,34,ri_polygon
1274038022,42,ri_polygon
1274038023,48,ri_polygon
1274038024,11,ri_polygon
1274038025,14,ri_polygon
1274038026,14,ri_polygon
1274038027,67,ri_polygon
1274038028,7,ri_polygon
1274039000,42,emd_point
1274039021,3,ri_polygon
1274039022,71,ri_polygon
1274039023,12,ri_polygon
1274039024,20,ri_polygon
1274039025,29,ri_polygon
1274039026,300,ri_polygon
1274039027,9,ri_polygon
1274039028,79,ri_polygon
1274040000,10,emd_point
1274040021,24,ri_polygon
1274040022,72,ri_polygon
1274040023,74,ri_polygon
1274040024,165,ri_polygon
1274040025,57,ri_polygon
1274040026,10,ri_polygon
1274040027,9,ri_polygon
1274040028,2,ri_polygon
1274040029,17,ri_polygon
1274040030,1,ri_polygon
1274041000,10,emd_point
1274041021,38,ri_polygon
1274041022,4,ri_polygon
1274041023,51,ri_polygon
1274041024,7,ri_polygon
1274041025,4,ri_polygon
1274041026,6,ri_polygon
1274041027,23,ri_polygon
1274042000,15,emd_point
1274042021,110,ri_polygon
1274042022,86,ri_polygon
1274042023,25,ri_polygon
1274042024,73,ri_polygon
1274042025,37,ri_polygon
1274042026,19,ri_polygon
1274042027,30,ri_polygon
1274042028,14,ri_polygon
1274042029,23,ri_polygon
1274042030,10,ri_polygon
1274042031,98,ri_polygon
1274042032,22,ri_polygon
1274042033,67,ri_polygon
1274044000,20,emd_point
1274044021,63,ri_polygon
1274044022,78,ri_polygon
1274044023,162,ri_polygon
1274044024,47,ri_polygon
1274045000,51,emd_point
1274045021,86,ri_polygon
1274045022,30,ri_polygon
1274045023,35,ri_polygon
1275025000,143,emd_point
1275025021,158,ri_polygon
1275025022,146,ri_polygon
1275025023,170,ri_polygon
1275025024,166,ri_polygon
1275025025,160,ri_polygon
1275025026,278,ri_polygon
1275025027,170,ri_polygon
1275025028,158,ri_polygon
1275025029,214,ri_polygon
1275025030,132,ri_polygon
1275025300,7,emd_point
1275025321,39,ri_polygon
1275025322,9,ri_polygon
1275025323,28,ri_polygon
1275025324,41,ri_polygon
1275025325,54,ri_polygon
1275025326,104,ri_polygon
1275025327,166,ri_polygon
1275025329,41,ri_polygon
1275025330,40,ri_polygon
1275025331,45,ri_polygon
1275025332,67,ri_polygon
1275025333,34,ri_polygon
1275025334,24,ri_polygon
1275025335,21,ri_polygon
1275025336,94,ri_polygon
1275025337,53,ri_polygon
1275025338,42,ri_polygon
1275025339,10,ri_polygon
1275025340,56,ri_polygon
1275025341,9,ri_polygon
1275025342,217,ri_polygon
1275031000,133,emd_point
1275031021,152,ri_polygon
1275031022,199,ri_polygon
1275031023,148,ri_polygon
1275031024,232,ri_polygon
1275031025,165,ri_polygon
1275031026,185,ri_polygon
1275031027,185,ri_polygon
1275031028,205,ri_polygon
1275031029,307,ri_polygon
1275031030,155,ri_polygon
1275032000,134,emd_point
1275032021,133,ri_polygon
1275032022,208,ri_polygon
1275032023,162,ri_polygon
1275032024,184,ri_polygon
1275032025,132,ri_polygon
1275032026,148,ri_polygon
1275032027,155,ri_polygon
1275033000,128,emd_point
1275033021,193,ri_polygon
1275033022,109,ri_polygon
1275033023,165,ri_polygon
1275033024,185,ri_polygon
1275033025,122,ri_polygon
1275033026,154,ri_polygon
1275033027,131,ri_polygon
1275033028,239,ri_polygon
1275033029,188,ri_polygon
1275034000,166,emd_point
1275034021,126,ri_polygon
1275034022,201,ri_polygon
1275034023,240,ri_polygon
1275034024,156,ri_polygon
1275034025,199,ri_polygon
1275034026,237,ri_polygon
1275034027,207,ri_polygon
1275034028,334,ri_polygon
1275034029,220,ri_polygon
1275035000,112,emd_point
1275035021,136,ri_polygon
1275035022,127,ri_polygon
1275035023,126,ri_polygon
1275035024,228,ri_polygon
1275035025,132,ri_polygon
1275035026,192,ri_polygon
1275035027,131,ri_polygon
1275035028,164,ri_polygon
1275035029,118,ri_polygon
1275035030,246,ri_polygon
1275035031,229,ri_polygon
1275035032,255,ri_polygon
1275036000,154,emd_point
1275036021,161,ri_polygon
1275036022,233,ri_polygon
1275036023,257,ri_polygon
1275036024,211,ri_polygon
1275036025,151,ri_polygon
1275036026,116,ri_polygon
1275036027,225,ri_polygon
1275036028,384,ri_polygon
1275036029,147,ri_polygon
1275037000,11,emd_point
1275037021,11,ri_polygon
1275037022,50,ri_polygon
1275037023,21,ri_polygon
1275037024,68,ri_polygon
1275037025,31,ri_polygon
1275037026,88,ri_polygon
1275037027,92,ri_polygon
1275037028,36,ri_polygon
1275037029,142,ri_polygon
1275037030,2,ri_polygon
1275037031,12,ri_polygon
1275037032,4,ri_polygon
1275038000,33,emd_point
1275038021,94,ri_polygon
1275038022,23,ri_polygon
1275038023,5,ri_polygon
1275038024,4,ri_polygon
1275038025,34,ri_polygon
1275038026,25,ri_polygon
1275038027,81,ri_polygon
1275038028,49,ri_polygon
1275038029,72,ri_polygon
1275039000,0,emd_point
1275039021,24,ri_polygon
1275039022,86,ri_polygon
1275039023,53,ri_polygon
1275039024,77,ri_polygon
1275039025,53,ri_polygon
1275039026,55,ri_polygon
1275039027,29,ri_polygon
1275039028,130,ri_polygon
1275039029,137,ri_polygon
1275039030,19,ri_polygon
1275039031,72,ri_polygon
1275039032,51,ri_polygon
1275040000,195,emd_point
1275040021,199,ri_polygon
1275040022,203,ri_polygon
1275040023,293,ri_polygon
1275040024,363,ri_polygon
1275040025,221,ri_polygon
1275040026,258,ri_polygon
1276025000,66,emd_point
1276025021,178,ri_polygon
1276025022,75,ri_polygon
1276025023,79,ri_polygon
1276025024,117,ri_polygon
1276025025,87,ri_polygon
1276025026,227,ri_polygon
1276025027,173,ri_polygon
1276025028,80,ri_polygon
1276025029,124,ri_polygon
1276025030,67,ri_polygon
1276025031,52,ri_polygon
1276025032,153,ri_polygon
1276025033,68,ri_polygon
1276025034,48,ri_polygon
1276025035,74,ri_polygon
1276025036,152,ri_polygon
1276025037,103,ri_polygon
1276025038,144,ri_polygon
1276025039,165,ri_polygon
1276025040,48,ri_polygon
1276025041,62,ri_polygon
1276025042,143,ri_polygon
1276025043,193,ri_polygon
1276025044,334,ri_polygon
1276025045,73,ri_polygon
1276031000,88,emd_point
1276031021,44,ri_polygon
1276031022,59,ri_polygon
1276031023,99,ri_polygon
1276031024,153,ri_polygon
1276031025,169,ri_polygon
1276031026,131,ri_polygon
1276031027,237,ri_polygon
1276031028,238,ri_polygon
1276031029,253,ri_polygon
1276031030,191,ri_polygon
1276031031,337,ri_polygon
1276032000,74,emd_point
1276032021,54,ri_polygon
1276032022,69,ri_polygon
1276032023,81,ri_polygon
1276032024,94,ri_polygon
1276032025,104,ri_polygon
1276032026,132,ri_polygon
1276032027,83,ri_polygon
1276032028,203,ri_polygon
1276032029,101,ri_polygon
1276032030,145,ri_polygon
1276032031,81,ri_polygon
1276032032,57,ri_polygon
1276032033,104,ri_polygon
1276032034,113,ri_polygon
1276033000,111,emd_point
1276033021,134,ri_polygon
1276033022,114,ri_polygon
1276033023,102,ri_polygon
1276033024,80,ri_polygon
1276033025,166,ri_polygon
1276033026,174,ri_polygon
1276033027,235,ri_polygon
1276033028,351,ri_polygon
1276033029,298,ri_polygon
1276033030,172,ri_polygon
1276033031,107,ri_polygon
1276034000,100,emd_point
1276034021,72,ri_polygon
1276034022,134,ri_polygon
1276034023,126,ri_polygon
1276034024,186,ri_polygon
1276034025,280,ri_polygon
1276034026,241,ri_polygon
1276034027,173,ri_polygon
1276034028,127,ri_polygon
1276034029,130,ri_polygon
1276034030,136,ri_polygon
1276034031,185,ri_polygon
1276034032,192,ri_polygon
1276034033,145,ri_polygon
1276034034,190,ri_polygon
1276034035,191,ri_polygon
1276034036,129,ri_polygon
1276034037,266,ri_polygon
1276035000,49,emd_point
1276035021,35,ri_polygon
1276035022,37,ri_polygon
1276035023,37,ri_polygon
1276035024,64,ri_polygon
1276035025,82,ri_polygon
1276035026,42,ri_polygon
1276035027,61,ri_polygon
1276035028,98,ri_polygon
1276035029,73,ri_polygon
1276035030,51,ri_polygon
1276035031,43,ri_polygon
1276035032,33,ri_polygon
1276036000,58,emd_point
1276036021,50,ri_polygon
1276036022,86,ri_polygon
1276036023,72,ri_polygon
1276036024,104,ri_polygon
1276036025,27,ri_polygon
1276036026,78,ri_polygon
1276036027,120,ri_polygon
1276036028,53,ri_polygon
1276036029,41,ri_polygon
1276036030,49,ri_polygon
1276036031,88,ri_polygon
1276036032,140,ri_polygon
1276037000,71,emd_point
1276037021,49,ri_polygon
1276037022,54,ri_polygon
1276037023,81,ri_polygon
1276037024,54,ri_polygon
1276037025,87,ri_polygon
1276037026,107,ri_polygon
1276037027,135,ri_polygon
1276037028,216,ri_polygon
1276037029,75,ri_polygon
1276037030,91,ri_polygon
1276037031,109,ri_polygon
1276037032,327,ri_polygon
1276037033,311,ri_polygon
1276037034,155,ri_polygon
1276037035,237,ri_polygon
1276038000,209,emd_point
1276038021,229,ri_polygon
1276038022,255,ri_polygon
1276038023,211,ri_polygon
1276038024,168,ri_polygon
1276038025,168,ri_polygon
1276038026,232,ri_polygon
1276038027,230,ri_polygon
1276038028,210,ri_polygon
1276038029,432,ri_polygon
1276038030,514,ri_polygon
1276038031,426,ri_polygon
1276038032,330,ri_polygon
1276039500,253,emd_point
1276039521,253,emd_point
1276039522,253,emd_point
1276039523,253,emd_point
1276039524,253,emd_point
1276039525,253,emd_point
1276039526,253,emd_point
1276039527,253,emd_point
1276039528,253,emd_point
1276039529,253,emd_point
1276039530,253,emd_point
1276039531,253,emd_point
1276039532,253,emd_point
1276039533,253,emd_point
1276039534,253,emd_point
1276039535,253,emd_point
1276039536,253,emd_point
1276040000,144,emd_point
1276040021,204,ri_polygon
1276040022,154,ri_polygon
1276040023,131,ri_polygon
1276040024,223,ri_polygon
1276040025,189,ri_polygon
1276040026,232,ri_polygon
1276040027,249,ri_polygon
1276040028,157,ri_polygon
1276040029,247,ri_polygon
1276040030,149,ri_polygon
1276040031,283,ri_polygon
1276040032,127,ri_polygon
1276041500,117,emd_point
1276041521,117,emd_point
1276041522,117,emd_point
1276041523,117,emd_point
1276041524,117,emd_point
1276041525,117,emd_point
1276041526,117,emd_point
1276041527,117,emd_point
1276041528,117,emd_point
1276041529,117,emd_point
1276041530,117,emd_point
1276041531,117,emd_point
1276041532,117,emd_point
1276041533,117,emd_point
1276041534,117,emd_point
1276041535,117,emd_point
1276041536,117,emd_point
1276042000,102,emd_point
1276042021,78,ri_polygon
1276042022,85,ri_polygon
1276042023,212,ri_polygon
1276042024,152,ri_polygon
1276042025,298,ri_polygon
1276042026,238,ri_polygon
1276042027,163,ri_polygon
1276042028,252,ri_polygon
1276042029,167,ri_polygon
1276042030,242,ri_polygon
1276042031,188,ri_polygon
1276042032,135,ri_polygon
1276042033,166,ri_polygon
1276042034,135,ri_polygon
1276042035,162,ri_polygon
1277025000,23,emd_point
1277025021,39,ri_polygon
1277025022,53,ri_polygon
1277025023,61,ri_polygon
1277025024,24,ri_polygon
1277025025,21,ri_polygon
1277025026,62,ri_polygon
1277025027,27,ri_polygon
1277025028,20,ri_polygon
1277025029,51,ri_polygon
1277025030,115,ri_polygon
1277025031,100,ri_polygon
1277025032,17,ri_polygon
1277025033,16,ri_polygon
1277025034,47,ri_polygon
1277025035,43,ri_polygon
1277025037,25,ri_polygon
1277025038,40,ri_polygon
1277025039,256,ri_polygon
1277025040,112,ri_polygon
1277025041,77,ri_polygon
1277025042,52,ri_polygon
1277025043,50,ri_polygon
1277025044,42,ri_polygon
1277025045,31,ri_polygon
1277025046,27,ri_polygon
1277025047,70,ri_polygon
1277025048,81,ri_polygon
1277025300,19,emd_point
1277025321,31,ri_polygon
1277025322,137,ri_polygon
1277025323,72,ri_polygon
1277025324,135,ri_polygon
1277025325,121,ri_polygon
1277025326,62,ri_polygon
1277025327,6,ri_polygon
1277025328,82,ri_polygon
1277025329,17,ri_polygon
1277025330,2,ri_polygon
1277025331,6,ri_polygon
1277025332,0,ri_polygon
1277025333,81,ri_polygon
1277025334,69,ri_polygon
1277025335,5,ri_polygon
1277025336,3,ri_polygon
1277025600,9,emd_point
1277025621,259,ri_polygon
1277025622,52,ri_polygon
1277025623,86,ri_polygon
1277025624,21,ri_polygon
1277025625,28,ri_polygon
1277025626,8,ri_polygon
1277025627,135,ri_polygon
1277025628,109,ri_polygon
1277025629,4,ri_polygon
1277031000,22,emd_point
1277031021,61,ri_polygon
1277031022,82,ri_polygon
1277031023,46,ri_polygon
1277031024,96,ri_polygon
1277031025,51,ri_polygon
1277031026,30,ri_polygon
1277031027,50,ri_polygon
1277031029,21,ri_polygon
1277031030,128,ri_polygon
1277031031,171,ri_polygon
1277031032,13,ri_polygon
1277031033,34,ri_polygon
1277031034,21,ri_polygon
1277031035,19,ri_polygon
1277032000,8,emd_point
1277032021,63,ri_polygon
1277032022,165,ri_polygon
1277032023,181,ri_polygon
1277032024,26,ri_polygon
1277032025,132,ri_polygon
1277032026,18,ri_polygon
1277032027,3,ri_polygon
1277032028,134,ri_polygon
1277032029,157,ri_polygon
1277032030,56,ri_polygon
1277032031,27,ri_polygon
1277032032,58,ri_polygon
1277032033,25,ri_polygon
1277033000,177,emd_point
1277033021,205,ri_polygon
1277033022,212,ri_polygon
1277033023,220,ri_polygon
1277033024,210,ri_polygon
1277033025,262,ri_polygon
1277033026,99,ri_polygon
1277033027,281,ri_polygon
1277033028,230,ri_polygon
1277034000,157,emd_point
1277034021,241,ri_polygon
1277034022,216,ri_polygon
1277034023,165,ri_polygon
1277034024,174,ri_polygon
1277034025,283,ri_polygon
1277034026,206,ri_polygon
1277034027,189,ri_polygon
1277034028,235,ri_polygon
1277034029,210,ri_polygon
1277034030,193,ri_polygon
1277034031,195,ri_polygon
1277034032,150,ri_polygon
1277034033,168,ri_polygon
1277034034,213,ri_polygon
1277034035,209,ri_polygon
1277034036,239,ri_polygon
1277034037,252,ri_polygon
1277034038,188,ri_polygon
1277034039,192,ri_polygon
1277035000,81,emd_point
1277035021,68,ri_polygon
1277035022,71,ri_polygon
1277035023,91,ri_polygon
1277035024,111,ri_polygon
1277035025,114,ri_polygon
1277035026,132,ri_polygon
1277035027,185,ri_polygon
1277035028,252,ri_polygon
1277035029,146,ri_polygon
1277035030,266,ri_polygon
1277035031,109,ri_polygon
1277035032,181,ri_polygon
1277035033,230,ri_polygon
1277035034,299,ri_polygon
1277035035,70,ri_polygon
1277035036,85,ri_polygon
1277036000,33,emd_point
1277036021,43,ri_polygon
1277036022,95,ri_polygon
1277036023,110,ri_polygon
1277036024,90,ri_polygon
1277036025,107,ri_polygon
1277036026,171,ri_polygon
1277036027,70,ri_polygon
1277036028,87,ri_polygon
1277036029,104,ri_polygon
1277037000,0,emd_point
1277037021,1,ri_polygon
1277037022,97,ri_polygon
1277037023,8,ri_polygon
1277037024,42,ri_polygon
1277037025,1,ri_polygon
1278025000,6,emd_point
1278025021,20,ri_polygon
1278025022,149,ri_polygon
1278025023,23,ri_polygon
1278025024,66,ri_polygon
1278025025,5,ri_polygon
1278025026,17,ri_polygon
1278025027,8,ri_polygon
1278025028,4,ri_polygon
1278025029,29,ri_polygon
1278025030,20,ri_polygon
1278025031,31,ri_polygon
1278025032,22,ri_polygon
1278025033,72,ri_polygon
1278025034,86,ri_polygon
1278025035,98,ri_polygon
1278031000,11,emd_point
1278031021,47,ri_polygon
1278031022,14,ri_polygon
1278031023,20,ri_polygon
1278031024,25,ri_polygon
1278031025,86,ri_polygon
1278031026,167,ri_polygon
1278031027,12,ri_polygon
1278031028,133,ri_polygon
1278031029,90,ri_polygon
1278031030,7,ri_polygon
1278031031,17,ri_polygon
1278031032,120,ri_polygon
1278031033,3,ri_polygon
1278032000,11,emd_point
1278032021,41,ri_polygon
1278032022,251,ri_polygon
1278032023,68,ri_polygon
1278032024,10,ri_polygon
1278032025,34,ri_polygon
1278032026,21,ri_polygon
1278032027,17,ri_polygon
1278032028,202,ri_polygon
1278032029,34,ri_polygon
1278032030,70,ri_polygon
1278032031,42,ri_polygon
1278032032,16,ri_polygon
1278033000,46,emd_point
1278033021,37,ri_polygon
1278033022,18,ri_polygon
1278033023,76,ri_polygon
1278033024,43,ri_polygon
1278033029,14,ri_polygon
1278033030,172,ri_polygon
1278034000,18,emd_point
1278034021,98,ri_polygon
1278034022,52,ri_polygon
1278034023,45,ri_polygon
1278034024,28,ri_polygon
1278034025,125,ri_polygon
1278034026,20,ri_polygon
1278034027,8,ri_polygon
1278034028,9,ri_polygon
1278034029,5,ri_polygon
1278034030,12,ri_polygon
1278034031,43,ri_polygon
1278034032,127,ri_polygon
1278035000,10,emd_point
1278035021,53,ri_polygon
1278035022,29,ri_polygon
1278035023,10,ri_polygon
1278035024,1,ri_polygon
1278035025,17,ri_polygon
1278035026,23,ri_polygon
1278035027,46,ri_polygon
1278036000,62,emd_point
1278036021,217,ri_polygon
1278036022,123,ri_polygon
1278036023,97,ri_polygon
1278036024,87,ri_polygon
1278036025,103,ri_polygon
1278036026,55,ri_polygon
1278036027,65,ri_polygon
1278036028,53,ri_polygon
1278036029,72,ri_polygon
1278036030,60,ri_polygon
1278036031,77,ri_polygon
1278037000,36,emd_point
1278037021,50,ri_polygon
1278037022,96,ri_polygon
1278037023,46,ri_polygon
1278037024,54,ri_polygon
1278037025,67,ri_polygon
1278037026,70,ri_polygon
1278037027,85,ri_polygon
1278037028,69,ri_polygon
1278037029,168,ri_polygon
1278037030,46,ri_polygon
1278037031,127,ri_polygon
1278037032,36,ri_polygon
1278038000,42,emd_point
1278038021,168,ri_polygon
1278038022,187,ri_polygon
1278038023,72,ri_polygon
1278038024,47,ri_polygon
1278038025,57,ri_polygon
1278038026,37,ri_polygon
1278038027,66,ri_polygon
1278038028,64,ri_polygon
1278038029,43,ri_polygon
1278038030,38,ri_polygon
1278038031,36,ri_polygon
1278038032,34,ri_polygon
1278039000,103,emd_point
1278039021,85,ri_polygon
1278039022,184,ri_polygon
1278039023,159,ri_polygon
1278039024,307,ri_polygon
1278039025,143,ri_polygon
1278039026,105,ri_polygon
1278039027,137,ri_polygon
1278040000,0,emd_point
1278040021,66,ri_polygon
1278040022,132,ri_polygon
1278040023,24,ri_polygon
1278040024,9,ri_polygon
1278040025,39,ri_polygon
1279025000,30,emd_point
1279025021,77,ri_polygon
1279025022,37,ri_polygon
1279025023,39,ri_polygon
1279025024,27,ri_polygon
1279025025,22,ri_polygon
1279025026,38,ri_polygon
1279025027,40,ri_polygon
1279025028,57,ri_polygon
1279025029,37,ri_polygon
1279025030,26,ri_polygon
1279025031,16,ri_polygon
1279025032,4,ri_polygon
1279025033,34,ri_polygon
1279025034,2,ri_polygon
1279025035,34,ri_polygon
1279025036,73,ri_polygon
1279025037,75,ri_polygon
1279025038,30,emd_point
1279031000,31,emd_point
1279031021,59,ri_polygon
1279031022,33,ri_polygon
1279031023,13,ri_polygon
1279031024,118,ri_polygon
1279031025,45,ri_polygon
1279031026,50,ri_polygon
1279031027,165,ri_polygon
1279031028,202,ri_polygon
1279031029,63,ri_polygon
1279032000,22,emd_point
1279032021,62,ri_polygon
1279032022,6,ri_polygon
1279032023,0,ri_polygon
1279032024,3,ri_polygon
1279032025,2,ri_polygon
1279032026,34,ri_polygon
1279032027,16,ri_polygon
1279032028,34,ri_polygon
1279032029,22,ri_polygon
1279032030,7,ri_polygon
1279032031,5,ri_polygon
1279032032,3,ri_polygon
1279032033,15,ri_polygon
1279032034,23,ri_polygon
1279032035,7,ri_polygon
1279033000,14,emd_point
1279033021,68,ri_polygon
1279033022,67,ri_polygon
1279033023,157,ri_polygon
1279033024,13,ri_polygon
1279033025,91,ri_polygon
1279033026,4,ri_polygon
1279033027,25,ri_polygon
1279033028,6,ri_polygon
1279033029,45,ri_polygon
1279033030,15,ri_polygon
1279033031,62,ri_polygon
1279033032,53,ri_polygon
1279034000,19,emd_point
1279034021,6,ri_polygon
1279034022,2,ri_polygon
1279034023,19,ri_polygon
1279034024,5,ri_polygon
1279034025,1,ri_polygon
1279034026,5,ri_polygon
1279034027,6,ri_polygon
1279034028,49,ri_polygon
1279034029,20,ri_polygon
1279034030,174,ri_polygon
1279034031,29,ri_polygon
1279034032,71,ri_polygon
1279034033,17,ri_polygon
1279034034,85,ri_polygon
1279035000,8,emd_point
1279035021,22,ri_polygon
1279035022,43,ri_polygon
1279035023,135,ri_polygon
1279035024,48,ri_polygon
1279035025,71,ri_polygon
1279035026,16,ri_polygon
1279035027,108,ri_polygon
1279035028,15,ri_polygon
1279036000,17,emd_point
1279036021,8,ri_polygon
1279036022,4,ri_polygon
1279036023,11,ri_polygon
1279036024,118,ri_polygon
1279036025,75,ri_polygon
1279036026,8,ri_polygon
1279036027,5,ri_polygon
1279036028,17,ri_polygon
1279037000,60,emd_point
1279037021,40,ri_polygon
1279037022,73,ri_polygon
1279037023,84,ri_polygon
1279037024,51,ri_polygon
1279037025,28,ri_polygon
1279037026,16,ri_polygon
1279037027,23,ri_polygon
1279037028,31,ri_polygon
1279037029,31,ri_polygon
1279037030,27,ri_polygon
1279037031,45,ri_polygon
1279037032,72,ri_polygon
1279037033,110,ri_polygon
1279037034,115,ri_polygon
1279038000,84,emd_point
1279038021,41,ri_polygon
1279038022,51,ri_polygon
1279038023,97,ri_polygon
1279038024,87,ri_polygon
1279038025,74,ri_polygon
1279038026,84,ri_polygon
1279038027,9,ri_polygon
1279038028,134,ri_polygon
1279038029,3,ri_polygon
1279038030,46,ri_polygon
1279038031,11,ri_polygon
1279038032,43,ri_polygon
1279038033,31,ri_polygon
1279038034,56,ri_polygon
1279038035,171,ri_polygon
1279039000,21,emd_point
1279039021,37,ri_polygon
1279039022,143,ri_polygon
1279039023,4,ri_polygon
1279039024,103,ri_polygon
1279039025,20,ri_polygon
1279039026,1,ri_polygon
1279039027,22,ri_polygon
1279039028,0,ri_polygon
1279039029,12,ri_polygon
1279039030,33,ri_polygon
1279039031,18,ri_polygon
1279040000,7,emd_point
1279040021,41,ri_polygon
1279040022,24,ri_polygon
1279040023,16,ri_polygon
1279040024,15,ri_polygon
1279040025,2,ri_polygon
1279040026,37,ri_polygon
1279040027,0,ri_polygon
1279040028,29,ri_polygon
1279040029,8,ri_polygon
1279040030,8,ri_polygon
1279040031,25,ri_polygon
1279040032,30,ri_polygon
1279040033,60,ri_polygon
1279041000,18,emd_point
1279041021,26,ri_polygon
1279041022,3,ri_polygon
1279041023,22,ri_polygon
1279041024,0,ri_polygon
1279041025,0,ri_polygon
1279041026,16,ri_polygon
1279041027,2,ri_polygon
1279041028,9,ri_polygon
1279041029,0,ri_polygon
1279041030,13,ri_polygon
1279041031,21,ri_polygon
1279041032,9,ri_polygon
1279041033,44,ri_polygon
1279042000,4,emd_point
1279042021,2,ri_polygon
1279042022,4,ri_polygon
1279042023,30,ri_polygon
1279042024,18,ri_polygon
1279042025,20,ri_polygon
1279042026,32,ri_polygon
1279042027,6,ri_polygon
1279042028,8,ri_polygon
1279042029,57,ri_polygon
1279042030,41,ri_polygon
1279042031,30,ri_polygon
1279042032,0,ri_polygon
1279043000,0,emd_point
1279043021,0,ri_polygon
1279043022,56,ri_polygon
1279043023,109,ri_polygon
1279043024,9,ri_polygon
1279043025,13,ri_polygon
1279043026,44,ri_polygon
1279043027,82,ri_polygon
1279043028,146,ri_polygon
1279043029,27,ri_polygon
1279043030,34,ri_polygon
1279043031,13,ri_polygon
1279043032,16,ri_polygon
1279043033,37,ri_polygon
1279043034,37,ri_polygon
1279043035,15,ri_polygon
1279043036,29,ri_polygon
1280025000,23,emd_point
1280025021,361,ri_polygon
1280025022,32,ri_polygon
1280025023,25,ri_polygon
1280025024,22,ri_polygon
1280025025,25,ri_polygon
1280025026,17,ri_polygon
1280025027,18,ri_polygon
1280025028,116,ri_polygon
1280025029,69,ri_polygon
1280025030,7,ri_polygon
1280025031,7,ri_polygon
1280025032,11,ri_polygon
1280025033,61,ri_polygon
1280025034,113,ri_polygon
1280025035,78,ri_polygon
1280025036,274,ri_polygon
1280025300,8,emd_point
1280025321,18,ri_polygon
1280025322,0,ri_polygon
1280025323,0,ri_polygon
1280025324,16,ri_polygon
1280025325,4,ri_polygon
1280025326,16,ri_polygon
1280025327,8,ri_polygon
1280025328,35,ri_polygon
1280025329,12,ri_polygon
1280025330,4,ri_polygon
1280031000,8,emd_point
1280031021,26,ri_polygon
1280031022,74,ri_polygon
1280031023,72,ri_polygon
1280031024,30,ri_polygon
1280031025,23,ri_polygon
1280031026,5,ri_polygon
1280031027,18,ri_polygon
1280031028,19,ri_polygon
1280031029,16,ri_polygon
1280032000,47,emd_point
1280032021,231,ri_polygon
1280032022,100,ri_polygon
1280032023,46,ri_polygon
1280032024,174,ri_polygon
1280032025,134,ri_polygon
1280032026,72,ri_polygon
1280032027,68,ri_polygon
1280032028,265,ri_polygon
1280032029,307,ri_polygon
1280032030,288,ri_polygon
1280032031,317,ri_polygon
1280033000,23,emd_point
1280033021,83,ri_polygon
1280033022,32,ri_polygon
1280033023,30,ri_polygon
1280033024,29,ri_polygon
1280033025,23,ri_polygon
1280033026,12,ri_polygon
1280033027,92,ri_polygon
1280033028,105,ri_polygon
1280033029,38,ri_polygon
1280033030,22,ri_polygon
1280033031,23,ri_polygon
1280033032,18,ri_polygon
1280033033,50,ri_polygon
1280034000,9,emd_point
1280034021,17,ri_polygon
1280034022,3,ri_polygon
1280034023,3,ri_polygon
1280034024,2,ri_polygon
1280034025,16,ri_polygon
1280034026,9,ri_polygon
1280034027,20,ri_polygon
1280034028,19,ri_polygon
1280034029,12,ri_polygon
1280034030,8,ri_polygon
1280034031,11,ri_polygon
1280034032,16,ri_polygon
1280034033,12,ri_polygon
1280034034,4,ri_polygon
1280035000,18,emd_point
1280035021,4,ri_polygon
1280035022,2,ri_polygon
1280035023,21,ri_polygon
1280035024,2,ri_polygon
1280035025,7,ri_polygon
1280035026,14,ri_polygon
1280035027,26,ri_polygon
1280035028,7,ri_polygon
1280036000,25,emd_point
1280036021,10,ri_polygon
1280036022,29,ri_polygon
1280036023,17,ri_polygon
1280036024,18,ri_polygon
1280036025,7,ri_polygon
1280036026,15,ri_polygon
1280036027,6,ri_polygon
1280036028,50,ri_polygon
1280036029,137,ri_polygon
1280036030,162,ri_polygon
1280036031,7,ri_polygon
1280037000,14,emd_point
1280037021,1,ri_polygon
1280037022,18,ri_polygon
1280037023,170,ri_polygon
1280037024,4,ri_polygon
1280037025,195,ri_polygon
1280037026,24,ri_polygon
1280037027,17,ri_polygon
1280037028,5,ri_polygon
1280037029,23,ri_polygon
1280037030,38,ri_polygon
1280038000,9,emd_point
1280038021,131,ri_polygon
1280038022,77,ri_polygon
1280038023,77,ri_polygon
1280038024,148,ri_polygon
1280038025,26,ri_polygon
1280038026,43,ri_polygon
1280038027,17,ri_polygon
1280038028,107,ri_polygon
1280038029,22,ri_polygon
1280038030,55,ri_polygon
1280039000,9,emd_point
1280039021,45,ri_polygon
1280039022,98,ri_polygon
1280039023,33,ri_polygon
1280039024,25,ri_polygon
1280039025,7,ri_polygon
1280039026,38,ri_polygon
1280039027,9,ri_polygon
1280039028,0,ri_polygon
1280039029,0,ri_polygon
1281025000,27,emd_point
1281025021,9,ri_polygon
1281025022,26,ri_polygon
1281025023,70,ri_polygon
1281025024,26,ri_polygon
1281025025,15,ri_polygon
1281025026,21,ri_polygon
1281025027,34,ri_polygon
1281025028,36,ri_polygon
1281025029,11,ri_polygon
1281025030,16,ri_polygon
1281025300,8,emd_point
1281025321,4,ri_polygon
1281025322,1,ri_polygon
1281025323,52,ri_polygon
1281025324,3,ri_polygon
1281025325,10,ri_polygon
1281025326,20,ri_polygon
1281025327,6,ri_polygon
1281025328,8,ri_polygon
1281025329,25,ri_polygon
1281025330,16,ri_polygon
1281025331,2,ri_polygon
1281025332,55,ri_polygon
1281025333,52,ri_polygon
1281025335,8,emd_point
1281025600,3,emd_point
1281025621,23,ri_polygon
1281025622,10,ri_polygon
1281025623,3,ri_polygon
1281025624,18,ri_polygon
1281025625,89,ri_polygon
1281025626,126,ri_polygon
1281025627,10,ri_polygon
1281032000,4,emd_point
1281032021,116,ri_polygon
1281032022,91,ri_polygon
1281032023,26,ri_polygon
1281032024,41,ri_polygon
1281032025,4,ri_polygon
1281032026,52,ri_polygon
1281032027,1,ri_polygon
1281032028,45,ri_polygon
1281032029,26,ri_polygon
1281032030,48,ri_polygon
1281032031,4,ri_polygon
1281032032,50,ri_polygon
1281032033,10,ri_polygon
1281032034,56,ri_polygon
1281032035,7,ri_polygon
1281032036,12,ri_polygon
1281032037,2,ri_polygon
1281032038,13,ri_polygon
1281033000,11,emd_point
1281033021,33,ri_polygon
1281033022,24,ri_polygon
1281033023,23,ri_polygon
1281033024,1,ri_polygon
1281033025,18,ri_polygon
1281033026,42,ri_polygon
1281033027,48,ri_polygon
1281033028,18,ri_polygon
1281033029,92,ri_polygon
1281033030,4,ri_polygon
1281033031,41,ri_polygon
1281033032,30,ri_polygon
1281033033,36,ri_polygon
1281033034,44,ri_polygon
1281033035,12,ri_polygon
1281033036,24,ri_polygon
1281033037,33,ri_polygon
1281034000,13,emd_point
1281034021,11,ri_polygon
1281034022,5,ri_polygon
1281034023,9,ri_polygon
1281034024,14,ri_polygon
1281034025,27,ri_polygon
1281034026,25,ri_polygon
1281034027,13,ri_polygon
1281034028,2,ri_polygon
1281034029,45,ri_polygon
1281034030,12,ri_polygon
1281034031,32,ri_polygon
1281034032,9,ri_polygon
1281035000,9,emd_point
1281035021,4,ri_polygon
1281035022,20,ri_polygon
1281035023,12,ri_polygon
1281035024,8,ri_polygon
1281035025,7,ri_polygon
1281036000,0,emd_point
1281036021,5,ri_polygon
1281036022,5,ri_polygon
1281036023,34,ri_polygon
1281036024,24,ri_polygon
1281036025,19,ri_polygon
1281036026,26,ri_polygon
1281036027,10,ri_polygon
1281036028,39,ri_polygon
1281036029,16,ri_polygon
1281036030,9,ri_polygon
1281036031,11,ri_polygon
1281036032,28,ri_polygon
1281036033,19,ri_polygon
1281036034,4,ri_polygon
1281036035,13,ri_polygon
1281036036,1,ri_polygon
1281037000,11,emd_point
1281037021,16,ri_polygon
1281037022,10,ri_polygon
1281037023,20,ri_polygon
1281037024,2,ri_polygon
1281037025,4,ri_polygon
1282025000,11,emd_point
1282025021,56,ri_polygon
1282025022,9,ri_polygon
1282025023,27,ri_polygon
1282025024,44,ri_polygon
1282025025,14,ri_polygon
1282025026,32,ri_polygon
1282025027,28,ri_polygon
1282025028,20,ri_polygon
1282025029,24,ri_polygon
1282025030,55,ri_polygon
1282025031,17,ri_polygon
1282025032,23,ri_polygon
1282025033,40,ri_polygon
1282025034,23,ri_polygon
1282031000,21,emd_point
1282031021,35,ri_polygon
1282031022,31,ri_polygon
1282031023,72,ri_polygon
1282031024,3,ri_polygon
1282031025,26,ri_polygon
1282031026,75,ri_polygon
1282031027,80,ri_polygon
1282031028,19,ri_polygon
1282031029,47,ri_polygon
1282031030,56,ri_polygon
1282031031,10,ri_polygon
1282032000,40,emd_point
1282032021,65,ri_polygon
1282032022,140,ri_polygon
1282032023,53,ri_polygon
1282032024,83,ri_polygon
1282032025,88,ri_polygon
1282032026,86,ri_polygon
1282032027,75,ri_polygon
1282032028,92,ri_polygon
1282032029,39,ri_polygon
1282032030,208,ri_polygon
1282032031,32,ri_polygon
1282032032,31,ri_polygon
1282033000,31,emd_point
1282033021,25,ri_polygon
1282033022,95,ri_polygon
1282033023,4,ri_polygon
1282033024,16,ri_polygon
1282033025,82,ri_polygon
1282033026,17,ri_polygon
1282033027,22,ri_polygon
1282033028,22,ri_polygon
1282033029,47,ri_polygon
1282033030,93,ri_polygon
1282033031,5,ri_polygon
1282034000,17,emd_point
1282034021,4,ri_polygon
1282034022,15,ri_polygon
1282034023,30,ri_polygon
1282034024,46,ri_polygon
1282034025,3,ri_polygon
1282034026,4,ri_polygon
1282034027,5,ri_polygon
1282034028,4,ri_polygon
1282035000,15,emd_point
1282035021,168,ri_polygon
1282035022,48,ri_polygon
1282035023,45,ri_polygon
1282035024,65,ri_polygon
1282035025,108,ri_polygon
1282035026,29,ri_polygon
1282035027,118,ri_polygon
1282035028,93,ri_polygon
1282035029,35,ri_polygon
1282035030,25,ri_polygon
1282035031,68,ri_polygon
1282035032,53,ri_polygon
1282036000,18,emd_point
1282036021,45,ri_polygon
1282036022,67,ri_polygon
1282036023,28,ri_polygon
1282036024,80,ri_polygon
1282036025,165,ri_polygon
1282036026,130,ri_polygon
1282036027,93,ri_polygon
1282036028,45,ri_polygon
1282036029,182,ri_polygon
1282036030,35,ri_polygon
1282036031,32,ri_polygon
1282036032,112,ri_polygon
1282036033,73,ri_polygon
1282036034,31,ri_polygon
1282037000,41,emd_point
1282037021,45,ri_polygon
1282037022,32,ri_polygon
1282037023,32,ri_polygon
1282037024,30,ri_polygon
1282037025,47,ri_polygon
1282037026,69,ri_polygon
1282037027,146,ri_polygon
1282037028,127,ri_polygon
1282037029,201,ri_polygon
1282037030,87,ri_polygon
1282038000,32,emd_point
1282038021,59,ri_polygon
1282038022,44,ri_polygon
1282038023,49,ri_polygon
1282038024,56,ri_polygon
1282038025,45,ri_polygon
1282038026,40,ri_polygon
1282038027,48,ri_polygon
1282038028,46,ri_polygon
1282038029,50,ri_polygon
1282038030,38,ri_polygon
1282038031,76,ri_polygon
1282038032,70,ri_polygon
1283025000,36,emd_point
1283025021,49,ri_polygon
1283025022,47,ri_polygon
1283025023,39,ri_polygon
1283025024,53,ri_polygon
1283025025,84,ri_polygon
1283025026,37,ri_polygon
1283025027,22,ri_polygon
1283025028,41,ri_polygon
1283025029,18,ri_polygon
1283025030,14,ri_polygon
1283025031,22,ri_polygon
1283025032,20,ri_polygon
1283025033,29,ri_polygon
1283025034,19,ri_polygon
1283025035,14,ri_polygon
1283025036,28,ri_polygon
1283025037,80,ri_polygon
1283025038,38,ri_polygon
1283025039,45,ri_polygon
1283025300,9,emd_point
1283025321,92,ri_polygon
1283025322,78,ri_polygon
1283025323,28,ri_polygon
1283025324,22,ri_polygon
1283025325,22,ri_polygon
1283025326,5,ri_polygon
1283025327,8,ri_polygon
1283025328,90,ri_polygon
1283025329,6,ri_polygon
1283025330,38,ri_polygon
1283025331,6,ri_polygon
1283025332,7,ri_polygon
1283025333,125,ri_polygon
1283025334,69,ri_polygon
1283025335,9,ri_polygon
1283025336,5,ri_polygon
1283025337,33,ri_polygon
1283025600,14,emd_point
1283025621,14,ri_polygon
1283025622,40,ri_polygon
1283025623,33,ri_polygon
1283025624,15,ri_polygon
1283025625,4,ri_polygon
1283025626,6,ri_polygon
1283025627,33,ri_polygon
1283025628,22,ri_polygon
1283025629,27,ri_polygon
1283031000,45,emd_point
1283031021,79,ri_polygon
1283031022,130,ri_polygon
1283031023,51,ri_polygon
1283031024,35,ri_polygon
1283031025,24,ri_polygon
1283031026,38,ri_polygon
1283031027,79,ri_polygon
1283031028,61,ri_polygon
1283032000,31,emd_point
1283032021,33,ri_polygon
1283032022,45,ri_polygon
1283032023,27,ri_polygon
1283032024,226,ri_polygon
1283032025,55,ri_polygon
1283032026,60,ri_polygon
1283032027,216,ri_polygon
1283032028,120,ri_polygon
1283033000,123,emd_point
1283033021,57,ri_polygon
1283033022,40,ri_polygon
1283033023,100,ri_polygon
1283033024,93,ri_polygon
1283033025,90,ri_polygon
1283033026,79,ri_polygon
1283033027,61,ri_polygon
1283033028,43,ri_polygon
1283033029,67,ri_polygon
1283033030,53,ri_polygon
1283033031,52,ri_polygon
1283033032,82,ri_polygon
1283033033,46,ri_polygon
1283034000,9,emd_point
1283034021,30,ri_polygon
1283034022,16,ri_polygon
1283034023,21,ri_polygon
1283034024,19,ri_polygon
1283034025,20,ri_polygon
1283034026,21,ri_polygon
1283034027,38,ri_polygon
1283034028,9,ri_polygon
1283034029,23,ri_polygon
1283034030,26,ri_polygon
1283035000,7,emd_point
1283035021,11,ri_polygon
1283035022,10,ri_polygon
1283035023,81,ri_polygon
1283035024,36,ri_polygon
1283035025,25,ri_polygon
1283035026,13,ri_polygon
1283035027,5,ri_polygon
1283035028,62,ri_polygon
1283035029,61,ri_polygon
1283035030,21,ri_polygon
1283035031,9,ri_polygon
1283035032,4,ri_polygon
1283036000,3,emd_point
1283036021,14,ri_polygon
1283036022,7,ri_polygon
1283036023,3,ri_polygon
1283036024,9,ri_polygon
1283036025,12,ri_polygon
1283036026,13,ri_polygon
1283036027,5,ri_polygon
1283036028,21,ri_polygon
1283036029,3,ri_polygon
1283037000,8,emd_point
1283037021,5,ri_polygon
1283037022,108,ri_polygon
1283037023,11,ri_polygon
1283037024,15,ri_polygon
1283037025,8,emd_point
1283037026,116,ri_polygon
1283037027,7,ri_polygon
1283037028,19,ri_polygon
1283037029,48,ri_polygon
1283037030,20,ri_polygon
1283037031,15,ri_polygon
1283038000,0,emd_point
1283038021,33,ri_polygon
1283038022,45,ri_polygon
1283038023,68,ri_polygon
1283038024,109,ri_polygon
1283038025,11,ri_polygon
1283038026,108,ri_polygon
1283038027,0,ri_polygon
1283038028,46,ri_polygon
1283038029,65,ri_polygon
1283038030,11,ri_polygon
1283038031,88,ri_polygon
1284025000,59,emd_point
1284025021,54,ri_polygon
1284025022,73,ri_polygon
1284025023,260,ri_polygon
1284025024,94,ri_polygon
1284025025,152,ri_polygon
1284025026,50,ri_polygon
1284025027,95,ri_polygon
1284025028,55,ri_polygon
1284025029,140,ri_polygon
1284025030,71,ri_polygon
1284025031,79,ri_polygon
1284025032,90,ri_polygon
1284025033,286,ri_polygon
1284025034,95,ri_polygon
1284025035,95,ri_polygon
1284025036,128,ri_polygon
1284031000,72,emd_point
1284031021,102,ri_polygon
1284031022,56,ri_polygon
1284031023,106,ri_polygon
1284031024,52,ri_polygon
1284031025,134,ri_polygon
1284031026,40,ri_polygon
1284031027,46,ri_polygon
1284031028,140,ri_polygon
1284031029,33,ri_polygon
1284032000,30,emd_point
1284032021,32,ri_polygon
1284032022,50,ri_polygon
1284032023,52,ri_polygon
1284032024,56,ri_polygon
1284032025,39,ri_polygon
1284032026,41,ri_polygon
1284032027,25,ri_polygon
1284032028,46,ri_polygon
1284032029,35,ri_polygon
1284033000,55,emd_point
1284033021,47,ri_polygon
1284033022,67,ri_polygon
1284033023,186,ri_polygon
1284033024,66,ri_polygon
1284033025,48,ri_polygon
1284033026,87,ri_polygon
1284033027,44,ri_polygon
1284033028,59,ri_polygon
1284033029,63,ri_polygon
1284034000,47,emd_point
1284034021,71,ri_polygon
1284034022,65,ri_polygon
1284034023,69,ri_polygon
1284034024,122,ri_polygon
1284034025,92,ri_polygon
1284034026,55,ri_polygon
1284034027,43,ri_polygon
1284034028,50,ri_polygon
1284034029,45,ri_polygon
1284034030,51,ri_polygon
1284034031,54,ri_polygon
1284034032,58,ri_polygon
1284034033,48,ri_polygon
1284034034,48,ri_polygon
1284035000,51,emd_point
1284035021,67,ri_polygon
1284035022,57,ri_polygon
1284035023,56,ri_polygon
1284035024,57,ri_polygon
1284035025,70,ri_polygon
1284035026,165,ri_polygon
1284035027,126,ri_polygon
1284035028,153,ri_polygon
1284035029,117,ri_polygon
1284035030,196,ri_polygon
1284035031,192,ri_polygon
1284035032,201,ri_polygon
1284035033,231,ri_polygon
1284035034,142,ri_polygon
1284035035,89,ri_polygon
1284036000,60,emd_point
1284036021,60,ri_polygon
1284036022,114,ri_polygon
1284036023,48,ri_polygon
1284036024,36,ri_polygon
1284036025,41,ri_polygon
1284036026,51,ri_polygon
1284036027,56,ri_polygon
1284036028,130,ri_polygon
1284036029,113,ri_polygon
1284036030,290,ri_polygon
1284036031,88,ri_polygon
1284036032,116,ri_polygon
1284036033,201,ri_polygon
1284037000,71,emd_point
1284037021,65,ri_polygon
1284037022,57,ri_polygon
1284037023,189,ri_polygon
1284037024,148,ri_polygon
1284037025,209,ri_polygon
1284037026,80,ri_polygon
1284037027,92,ri_polygon
1284038000,88,emd_point
1284038021,62,ri_polygon
1284038022,110,ri_polygon
1284038023,126,ri_polygon
1284038024,84,ri_polygon
1284038025,111,ri_polygon
1284038026,122,ri_polygon
1284038027,217,ri_polygon
1284039000,106,emd_point
1284039021,155,ri_polygon
1284039022,251,ri_polygon
1284039023,111,ri_polygon
1284039024,117,ri_polygon
1284039025,254,ri_polygon
1284039026,192,ri_polygon
1284039027,120,ri_polygon
1284039028,91,ri_polygon
1284039029,89,ri_polygon
1284039030,138,ri_polygon
1284039031,108,ri_polygon
1284039032,85,ri_polygon
1284040000,104,emd_point
1284040021,265,ri_polygon
1284040022,169,ri_polygon
1284040023,212,ri_polygon
1284040024,141,ri_polygon
1284040025,170,ri_polygon
1284040026,394,ri_polygon
1284040027,114,ri_polygon
1284040028,216,ri_polygon
1284040029,90,ri_polygon
1284040030,94,ri_polygon
1284040031,135,ri_polygon
1284040032,236,ri_polygon
1285025000,50,emd_point
1285025021,66,ri_polygon
1285025022,55,ri_polygon
1285025023,60,ri_polygon
1285025024,86,ri_polygon
1285025025,166,ri_polygon
1285025026,113,ri_polygon
1285025027,10,ri_polygon
1285025028,71,ri_polygon
1285025029,32,ri_polygon
1285025030,17,ri_polygon
1285025300,14,emd_point
1285025321,41,ri_polygon
1285025322,9,ri_polygon
1285025323,26,ri_polygon
1285025324,0,ri_polygon
1285025325,110,ri_polygon
1285025326,11,ri_polygon
1285025327,90,ri_polygon
1285025328,101,ri_polygon
1285025329,96,ri_polygon
1285025600,7,emd_point
1285025621,12,ri_polygon
1285025622,3,ri_polygon
1285025623,101,ri_polygon
1285025624,9,ri_polygon
1285025625,40,ri_polygon
1285025626,2,ri_polygon
1285025627,30,ri_polygon
1285025628,3,ri_polygon
1285025629,56,ri_polygon
1285025630,83,ri_polygon
1285031000,55,emd_point
1285031021,153,ri_polygon
1285031022,60,ri_polygon
1285031023,66,ri_polygon
1285031024,41,ri_polygon
1285031025,39,ri_polygon
1285031026,68,ri_polygon
1285031027,109,ri_polygon
1285031028,69,ri_polygon
1285032000,8,emd_point
1285032021,11,ri_polygon
1285032022,76,ri_polygon
1285032023,27,ri_polygon
1285032024,40,ri_polygon
1285032025,27,ri_polygon
1285032026,76,ri_polygon
1285033000,18,emd_point
1285033021,35,ri_polygon
1285033022,26,ri_polygon
1285033023,0,ri_polygon
1285033024,159,ri_polygon
1285033025,0,ri_polygon
1285033026,7,ri_polygon
1285033027,85,ri_polygon
1285033028,43,ri_polygon
1285033029,1,ri_polygon
1285033030,7,ri_polygon
1285034000,90,emd_point
1285034021,23,ri_polygon
1285034022,35,ri_polygon
1285034023,57,ri_polygon
1285034024,81,ri_polygon
1285034025,15,ri_polygon
1285035000,116,emd_point
1285035021,100,ri_polygon
1285035022,18,ri_polygon
1285035023,34,ri_polygon
1285035024,107,ri_polygon
1285035025,60,ri_polygon
1285035026,69,ri_polygon
1285035027,118,ri_polygon
1285035028,169,ri_polygon
1285035029,131,ri_polygon
1285035030,144,ri_polygon
1285035031,35,ri_polygon
1285035032,156,ri_polygon
1285035033,301,ri_polygon
1285036000,9,emd_point
1285036021,187,ri_polygon
1285036022,267,ri_polygon
1285036023,84,ri_polygon
1285036024,93,ri_polygon
1285036025,5,ri_polygon
1285036026,22,ri_polygon
1285036027,57,ri_polygon
1285036028,26,ri_polygon
1285037000,4,emd_point
1285037021,18,ri_polygon
1285037022,4,ri_polygon
1285037023,36,ri_polygon
1285038000,27,emd_point
1285038021,66,ri_polygon
1285038022,170,ri_polygon
1285038023,46,ri_polygon
1285038024,323,ri_polygon
1285039000,18,emd_point
1285039021,144,ri_polygon
1285039022,56,ri_polygon
1285039023,101,ri_polygon
1286025000,3,emd_point
1286025021,28,ri_polygon
1286025022,4,ri_polygon
1286025023,15,ri_polygon
1286025024,42,ri_polygon
1286025025,15,ri_polygon
1286025026,72,ri_polygon
1286025027,20,ri_polygon
1286025028,2,ri_polygon
1286025029,6,ri_polygon
1286025030,54,ri_polygon
1286025031,4,ri_polygon
1286031000,33,emd_point
1286031021,2,ri_polygon
1286031022,1,ri_polygon
1286031023,0,ri_polygon
1286031024,25,ri_polygon
1286031025,0,ri_polygon
1286031026,35,ri_polygon
1286031027,59,ri_polygon
1286031028,51,ri_polygon
1286031029,35,ri_polygon
1286031030,17,ri_polygon
1286032000,51,emd_point
1286032021,37,ri_polygon
1286032022,208,ri_polygon
1286032023,58,ri_polygon
1286032024,9,ri_polygon
1286032025,17,ri_polygon
1286032026,10,ri_polygon
1286032027,20,ri_polygon
1286032028,89,ri_polygon
1286032029,104,ri_polygon
1286032030,63,ri_polygon
1286032031,164,ri_polygon
1286033000,7,emd_point
1286033021,75,ri_polygon
1286033022,58,ri_polygon
1286033023,16,ri_polygon
1286033024,20,ri_polygon
1286033025,16,ri_polygon
1286033026,24,ri_polygon
1286033027,72,ri_polygon
1286033028,14,ri_polygon
1286033029,41,ri_polygon
1286033030,15,ri_polygon
1286033031,20,ri_polygon
1286033032,3,ri_polygon
1286033033,29,ri_polygon
1286033034,102,ri_polygon
1286033035,71,ri_polygon
1286034000,9,emd_point
1286034021,27,ri_polygon
1286034022,26,ri_polygon
1286034023,83,ri_polygon
1286034024,17,ri_polygon
1286034025,110,ri_polygon
1286034026,63,ri_polygon
1286034027,60,ri_polygon
1286034028,105,ri_polygon
1286034029,38,ri_polygon
1286034030,13,ri_polygon
1286034031,68,ri_polygon
1286034032,3,ri_polygon
1286034033,11,ri_polygon
1286035000,14,emd_point
1286035021,41,ri_polygon
1286035022,37,ri_polygon
1286035023,19,ri_polygon
1286035024,19,ri_polygon
1286035025,6,ri_polygon
1286035026,48,ri_polygon
1286035027,0,ri_polygon
1286035028,0,ri_polygon
1286035029,9,ri_polygon
1286035030,166,ri_polygon
1286035031,6,ri_polygon
1286035032,14,ri_polygon
1286035033,57,ri_polygon
1286035034,4,ri_polygon
1286035035,44,ri_polygon
1286036000,29,emd_point
1286036021,59,ri_polygon
1286036022,7,ri_polygon
1286036023,59,ri_polygon
1286036024,4,ri_polygon
1286036025,4,ri_polygon
1286036026,33,ri_polygon
1286036027,41,ri_polygon
1286036028,61,ri_polygon
1286036029,38,ri_polygon
1286036030,26,ri_polygon
1286036031,95,ri_polygon
1286036032,41,ri_polygon
1286036033,69,ri_polygon
1286036034,125,ri_polygon
1286036035,99,ri_polygon
1286036036,60,ri_polygon
1286036037,119,ri_polygon
1286036038,62,ri_polygon
1286036039,0,ri_polygon
1286036040,92,ri_polygon
1286036041,36,ri_polygon
1286036042,90,ri_polygon
1286036043,13,ri_polygon
1287025000,29,emd_point
1287025021,4,ri_polygon
1287025022,27,ri_polygon
1287025023,0,ri_polygon
1287025024,77,ri_polygon
1287025025,0,ri_polygon
1287025026,27,ri_polygon
1287025027,20,ri_polygon
1287025028,16,ri_polygon
1287025029,92,ri_polygon
1287025030,31,ri_polygon
1287025031,39,ri_polygon
1287025300,9,emd_point
1287025321,7,ri_polygon
1287025322,21,ri_polygon
1287025323,12,ri_polygon
1287025324,55,ri_polygon
1287025325,23,ri_polygon
1287025326,9,ri_polygon
1287025327,4,ri_polygon
1287025328,3,ri_polygon
1287025329,20,ri_polygon
1287025330,16,ri_polygon
1287025331,34,ri_polygon
1287025332,19,ri_polygon
1287025333,2,ri_polygon
1287031000,3,emd_point
1287031021,2,ri_polygon
1287031022,6,ri_polygon
1287031023,36,ri_polygon
1287031024,10,ri_polygon
1287031025,22,ri_polygon
1287032000,5,emd_point
1287032021,-1,ri_polygon
1287032022,4,ri_polygon
1287032023,37,ri_polygon
1287032024,63,ri_polygon
1287032025,2,ri_polygon
1287032026,66,ri_polygon
1287032027,7,ri_polygon
1287032028,76,ri_polygon
1287033000,13,emd_point
1287033021,5,ri_polygon
1287033022,47,ri_polygon
1287033023,25,ri_polygon
1287033024,27,ri_polygon
1287033025,11,ri_polygon
1287033026,19,ri_polygon
1287033027,19,ri_polygon
1287033028,78,ri_polygon
1287033029,4,ri_polygon
1287034000,16,emd_point
1287034021,24,ri_polygon
1287034022,6,ri_polygon
1287034023,7,ri_polygon
1287034024,0,ri_polygon
1287034025,0,ri_polygon
1287034026,60,ri_polygon
1287034027,2,ri_polygon
1287034028,3,ri_polygon
1287034029,45,ri_polygon
1287034030,27,ri_polygon
1287034031,1,ri_polygon
1287034032,1,ri_polygon
1287034033,11,ri_polygon
1287035000,13,emd_point
1287035021,6,ri_polygon
1287035022,15,ri_polygon
1287035023,87,ri_polygon
1287035024,69,ri_polygon
1287035025,21,ri_polygon
1287035026,10,ri_polygon
1287035027,5,ri_polygon
1287035028,2,ri_polygon
1287035029,110,ri_polygon
1287035030,1,ri_polygon
1287035031,189,ri_polygon
1287036000,57,emd_point
1287036021,17,ri_polygon
1287036022,196,ri_polygon
1287036023,251,ri_polygon
1287036024,46,ri_polygon
1287036025,0,ri_polygon
1287036026,69,ri_polygon
1287036028,49,ri_polygon
1287036029,272,ri_polygon
1287036030,33,ri_polygon
1287036031,54,ri_polygon
1287036032,357,ri_polygon
1287036033,68,ri_polygon
1287036034,24,ri_polygon
1287037000,0,emd_point
1287037021,3,ri_polygon
1287037022,69,ri_polygon
1287037023,11,ri_polygon
1287037024,24,ri_polygon
1287037025,2,ri_polygon
1287037026,78,ri_polygon
1287037027,33,ri_polygon
1287038000,0,emd_point
1287038021,12,ri_polygon
1287038022,0,ri_polygon
1287038023,0,ri_polygon
1287038024,78,ri_polygon
1287038025,66,ri_polygon
1287039000,40,emd_point
1287039021,1,ri_polygon
1287039022,73,ri_polygon
1287039023,10,ri_polygon
1287039024,36,ri_polygon
1287039025,10,ri_polygon
1287039026,153,ri_polygon
1287039027,3,ri_polygon
1287040000,5,emd_point
1287040021,51,ri_polygon
1287040022,13,ri_polygon
1287040023,9,ri_polygon
1287040024,8,ri_polygon
1287040025,29,ri_polygon
1287040026,3,ri_polygon
1287040027,7,ri_polygon
1287040028,19,ri_polygon
1287040029,32,ri_polygon
1287040030,23,ri_polygon
1287040031,7,ri_polygon
1287040032,9,ri_polygon
1287040033,0,ri_polygon
1287040034,111,ri_polygon
1287040035,96,ri_polygon
1287040036,0,ri_polygon
1287040037,18,ri_polygon
1287040038,42,ri_polygon
1287040039,34,ri_polygon
1287040040,1,ri_polygon
1287040041,0,ri_polygon
1287040042,3,ri_polygon
1287040043,49,ri_polygon
1287040044,44,ri_polygon
1287040045,2,ri_polygon
1287041000,38,emd_point
1287041021,13,ri_polygon
1287041022,7,ri_polygon
1287041023,6,ri_polygon
1287041024,-1,ri_polygon
1287041025,16,ri_polygon
1287041026,17,ri_polygon
1287041027,3,ri_polygon
1287042000,1,emd_point
1287042021,8,ri_polygon
1287042022,133,ri_polygon
1287042023,92,ri_polygon
1287042024,2,ri_polygon
1287042025,78,ri_polygon
1287042026,30,ri_polygon
1287042027,44,ri_polygon
1287042028,21,ri_polygon
1287042029,32,ri_polygon
2611010100,52,emd_polygon
2611010200,21,emd_polygon
2611010300,15,emd_polygon
2611010400,11,emd_polygon
2611010500,13,emd_polygon
2611010600,9,emd_polygon
2611010700,14,emd_polygon
2611010800,13,emd_polygon
2611010900,12,emd_polygon
2611011000,3,emd_polygon
2611011100,7,emd_polygon
2611011200,23,emd_polygon
2611011300,19,emd_polygon
2611011400,19,emd_polygon
2611011500,43,emd_polygon
2611011600,52,emd_polygon
2611011700,20,emd_polygon
2611011800,19,emd_polygon
2611011900,73,emd_polygon
2611012000,63,emd_polygon
2611012100,19,emd_polygon
2611012200,21,emd_polygon
2611012300,13,emd_polygon
2611012400,15,emd_polygon
2611012500,13,emd_polygon
2611012600,13,emd_polygon
2611012700,14,emd_polygon
2611012800,13,emd_polygon
2611012900,12,emd_polygon
2611013000,12,emd_polygon
2611013100,13,emd_polygon
2611013200,14,emd_polygon
2611013300,10,emd_polygon
2611013400,27,emd_polygon
2611013500,16,emd_polygon
2611013600,6,emd_polygon
2611013700,10,emd_polygon
2611013800,16,emd_polygon
2611013900,9,emd_polygon
2611014000,10,emd_polygon
2611014100,12,emd_polygon
2614010100,29,emd_polygon
2614010200,52,emd_polygon
2614010300,188,emd_polygon
2614010400,71,emd_polygon
2614010500,60,emd_polygon
2614010600,221,emd_polygon
2614010700,22,emd_polygon
2614010800,29,emd_polygon
2614010900,20,emd_polygon
2614011000,23,emd_polygon
2614011100,66,emd_polygon
2614011200,12,emd_polygon
2614011300,17,emd_polygon
2614011400,16,emd_polygon
2614011500,27,emd_polygon
2614011600,80,emd_polygon
2614011700,13,emd_polygon
2614011800,17,emd_polygon
2614011900,16,emd_point
2614012000,8,emd_polygon
2614012100,18,emd_polygon
2614012200,23,emd_polygon
2614012300,81,emd_polygon
2614012400,6,emd_point
2617010100,24,emd_polygon
2617010200,102,emd_polygon
2617010300,12,emd_point
2617010400,11,emd_polygon
2620010100,12,emd_polygon
2620010200,13,emd_polygon
2620010300,7,emd_polygon
2620010400,7,emd_polygon
2620010500,10,emd_polygon
2620010600,7,emd_polygon
2620010700,7,emd_polygon
2620010800,20,emd_polygon
2620010900,21,emd_polygon
2620011000,18,emd_polygon
2620011100,63,emd_polygon
2620011200,54,emd_polygon
2620011300,100,emd_polygon
2620011400,180,emd_polygon
2620011500,7,emd_polygon
2620011600,15,emd_polygon
2620011700,12,emd_polygon
2620011800,53,emd_polygon
2620011900,50,emd_polygon
2620012000,76,emd_polygon
2620012100,54,emd_polygon
2623010100,32,emd_polygon
2623010200,86,emd_polygon
2623010300,23,emd_polygon
2623010400,36,emd_polygon
2623010500,27,emd_polygon
2623010600,33,emd_point
2623010700,57,emd_point
2623010800,115,emd_polygon
2623010900,108,emd_polygon
2623011000,88,emd_polygon
2623011100,55,emd_polygon
2626010100,15,emd_polygon
2626010200,15,emd_polygon
2626010300,56,emd_polygon
2626010400,8,emd_polygon
2626010500,39,emd_polygon
2626010600,8,emd_polygon
2626010700,9,emd_point
2626010800,55,emd_polygon
2626010900,33,emd_polygon
2629010600,71,emd_polygon
2629010700,32,emd_polygon
2629010800,4,emd_point
2629010900,19,emd_polygon
2629011000,12,emd_point
2629011100,26,emd_polygon
2632010100,39,emd_point
2632010200,95,emd_polygon
2632010300,119,emd_polygon
2632010400,12,emd_polygon
2632010500,58,emd_polygon
2635010100,130,emd_polygon
2635010200,96,emd_polygon
2635010300,105,emd_polygon
2635010400,67,emd_polygon
2635010500,85,emd_polygon
2635010600,46,emd_polygon
2635010700,75,emd_polygon
2635010800,3,emd_point
2638010100,146,emd_polygon
2638010200,19,emd_point
2638010300,0,emd_polygon
2638010400,6,emd_polygon
2638010500,108,emd_polygon
2638010600,4,emd_polygon
2638010700,12,emd_point
2638010800,29,emd_polygon
2641010100,56,emd_polygon
2641010200,101,emd_polygon
2641010300,334,emd_polygon
2641010400,112,emd_point
2641010500,37,emd_polygon
2641010600,38,emd_polygon
2641010700,111,emd_polygon
2641010800,135,emd_polygon
2641010900,67,emd_polygon
2641011000,31,emd_polygon
2641011100,21,emd_polygon
2641011200,59,emd_polygon
2641011300,347,emd_point
2644010100,4,emd_point
2644010200,4,emd_point
2644010300,4,emd_point
2644010400,1,emd_polygon
2644010500,0,emd_polygon
2644010600,1,emd_polygon
2644010700,0,emd_polygon
2644010800,1,emd_polygon
2644010900,8,emd_polygon
2644011000,1,emd_polygon
2644011100,44,emd_point
2644011200,5,emd_polygon
2644011300,36,emd_polygon
2644011400,95,emd_polygon
2644011500,1,emd_polygon
2644011600,2,emd_polygon
2644011700,4,emd_point
2644011800,54,emd_polygon
2644011900,0,emd_polygon
2644012000,78,emd_polygon
2644012100,54,emd_polygon
2644012200,130,emd_polygon
2647010100,24,emd_polygon
2647010200,88,emd_polygon
2650010100,28,emd_polygon
2650010200,11,emd_point
2650010300,4,emd_point
2650010400,35,emd_polygon
2650010500,23,emd_polygon
2653010100,4,emd_point
2653010200,96,emd_polygon
2653010300,21,emd_polygon
2653010400,21,emd_point
2653010500,8,emd_point
2653010600,34,emd_polygon
2653010700,22,emd_point
2653010800,65,emd_point
2671025000,22,emd_point
2671025021,18,ri_polygon
2671025022,35,ri_polygon
2671025023,23,ri_polygon
2671025024,19,ri_polygon
2671025025,76,ri_polygon
2671025026,118,ri_polygon
2671025027,26,ri_polygon
2671025028,37,ri_polygon
2671025029,49,ri_polygon
2671025030,76,ri_polygon
2671025031,34,ri_polygon
2671025032,25,ri_polygon
2671025033,26,ri_polygon
2671025034,189,ri_polygon
2671025300,10,emd_point
2671025321,25,ri_polygon
2671025322,33,ri_polygon
2671025323,38,ri_polygon
2671025324,23,ri_polygon
2671025325,224,ri_polygon
2671025326,133,ri_polygon
2671025327,174,ri_polygon
2671025328,47,ri_polygon
2671025329,91,ri_polygon
2671025330,60,ri_polygon
2671025331,37,ri_polygon
2671025332,32,ri_polygon
2671025333,83,ri_polygon
2671025334,27,ri_polygon
2671025600,56,emd_point
2671025621,56,emd_point
2671025622,56,emd_point
2671025623,56,emd_point
2671025624,56,emd_point
2671025625,56,emd_point
2671025626,56,emd_point
2671025627,56,emd_point
2671025628,56,emd_point
2671025629,56,emd_point
2671025630,56,emd_point
2671025900,6,emd_point
2671025921,6,emd_point
2671025922,6,emd_point
2671025923,6,emd_point
2671025924,6,emd_point
2671025925,6,emd_point
2671025926,6,emd_point
2671025927,6,emd_point
2671025928,6,emd_point
2671025929,6,emd_point
2671025930,6,emd_point
2671025931,6,emd_point
2671025932,6,emd_point
2671025933,6,emd_point
2671033000,76,emd_point
2671033021,182,ri_polygon
2671033022,185,ri_polygon
2671033023,180,ri_polygon
2671033024,355,ri_polygon
2671033025,140,ri_polygon
2671033026,83,ri_polygon
2671033027,159,ri_polygon
2671033028,137,ri_polygon
2671033029,96,ri_polygon
2671033030,86,ri_polygon
2671033031,275,ri_polygon
2711010100,44,emd_polygon
2711010200,50,emd_polygon
2711010300,48,emd_polygon
2711010400,51,emd_polygon
2711010500,49,emd_polygon
2711010600,52,emd_polygon
2711010700,49,emd_polygon
2711010800,48,emd_polygon
2711010900,45,emd_polygon
2711011000,50,emd_polygon
2711011100,58,emd_polygon
2711011200,45,emd_polygon
2711011300,47,emd_polygon
2711011400,51,emd_polygon
2711011500,63,emd_polygon
2711011600,46,emd_polygon
2711011700,45,emd_polygon
2711011800,47,emd_polygon
2711011900,50,emd_polygon
2711012000,43,emd_polygon
2711012100,48,emd_polygon
2711012200,48,emd_polygon
2711012300,55,emd_polygon
2711012400,44,emd_polygon
2711012500,44,emd_polygon
2711012600,48,emd_polygon
2711012700,45,emd_polygon
2711012800,43,emd_polygon
2711012900,43,emd_polygon
2711013000,42,emd_polygon
2711013100,44,emd_polygon
2711013200,42,emd_polygon
2711013300,41,emd_polygon
2711013400,41,emd_polygon
2711013500,42,emd_polygon
2711013600,59,emd_polygon
2711013700,47,emd_polygon
2711013800,44,emd_polygon
2711013900,47,emd_polygon
2711014000,54,emd_polygon
2711014100,41,emd_polygon
2711014200,48,emd_polygon
2711014300,50,emd_polygon
2711014400,47,emd_polygon
2711014500,44,emd_polygon
2711014600,42,emd_polygon
2711014700,48,emd_polygon
2711014800,48,emd_polygon
2711014900,43,emd_polygon
2711015000,46,emd_polygon
2711015100,47,emd_polygon
2711015200,44,emd_polygon
2711015300,43,emd_polygon
2711015400,56,emd_point
2711015500,40,emd_polygon
2711015600,61,emd_polygon
2711015700,59,emd_polygon
2714010100,57,emd_polygon
2714010200,70,emd_polygon
2714010300,43,emd_polygon
2714010400,225,emd_polygon
2714010500,50,emd_polygon
2714010600,29,emd_polygon
2714010700,81,emd_polygon
2714010800,33,emd_point
2714010900,30,emd_polygon
2714011000,36,emd_polygon
2714011100,37,emd_point
2714011200,106,emd_polygon
2714011300,75,emd_polygon
2714011400,39,emd_polygon
2714011500,37,emd_polygon
2714011600,41,emd_polygon
2714011700,45,emd_polygon
2714011800,36,emd_polygon
2714011900,34,emd_polygon
2714012000,57,emd_polygon
2714012100,228,emd_polygon
2714012200,286,emd_polygon
2714012300,75,emd_polygon
2714012400,94,emd_polygon
2714012500,212,emd_polygon
2714012600,51,emd_polygon
2714012700,43,emd_polygon
2714012800,52,emd_polygon
2714012900,41,emd_polygon
2714013000,70,emd_polygon
2714013100,270,emd_polygon
2714013200,342,emd_polygon
2714013300,275,emd_polygon
2714013400,510,emd_polygon
2714013500,147,emd_polygon
2714013600,219,emd_polygon
2714013700,406,emd_polygon
2714013800,589,emd_polygon
2714013900,112,emd_polygon
2714014000,145,emd_polygon
2714014100,292,emd_polygon
2714014200,261,emd_polygon
2714014300,343,emd_polygon
2714014400,217,emd_polygon
2714014500,136,emd_polygon
2717010100,50,emd_polygon
2717010200,31,emd_polygon
2717010300,39,emd_polygon
2717010400,106,emd_polygon
2717010500,45,emd_polygon
2717010600,33,emd_polygon
2717010700,35,emd_polygon
2717010800,35,emd_polygon
2717010900,33,emd_polygon
2720010100,56,emd_point
2720010200,189,emd_polygon
2720010300,72,emd_polygon
2723010100,45,emd_polygon
2723010200,38,emd_polygon
2723010300,39,emd_polygon
2723010400,36,emd_polygon
2723010500,35,emd_polygon
2723010600,32,emd_polygon
2723010700,34,emd_polygon
2723010800,31,emd_polygon
2723010900,28,emd_polygon
2723011000,45,emd_point
2723011100,57,emd_polygon
2723011200,48,emd_polygon
2723011300,71,emd_point
2723011400,87,emd_polygon
2723011500,40,emd_polygon
2723011600,86,emd_polygon
2723011700,59,emd_polygon
2723011800,51,emd_point
2723011900,140,emd_polygon
2723012000,52,emd_polygon
2723012100,103,emd_polygon
2723012200,54,emd_point
2723012300,162,emd_point
2723012400,41,emd_point
2723012500,55,emd_point
2723012600,35,emd_polygon
2723012700,90,emd_polygon
2723012800,87,emd_polygon
2723012900,38,emd_polygon
2723013000,37,emd_polygon
2723013100,98,emd_polygon
2726010100,58,emd_polygon
2726010200,60,emd_polygon
2726010300,57,emd_polygon
2726010400,56,emd_polygon
2726010500,56,emd_polygon
2726010600,52,emd_polygon
2726010700,74,emd_polygon
2726010800,60,emd_point
2726010900,70,emd_point
2726011000,84,emd_point
2726011100,77,emd_point
2726011200,102,emd_polygon
2726011300,416,emd_polygon
2726011400,56,emd_polygon
2726011500,39,emd_polygon
2726011600,39,emd_polygon
2726011700,45,emd_polygon
2726011800,63,emd_polygon
2726011900,387,emd_polygon
2726012000,99,emd_polygon
2726012200,116,emd_polygon
2726012300,49,emd_polygon
2726012400,65,emd_polygon
2726012500,76,emd_polygon
2726012600,49,emd_polygon
2726012700,291,emd_polygon
2729010100,39,emd_point
2729010200,53,emd_polygon
2729010400,28,emd_polygon
2729010500,26,emd_polygon
2729010600,34,emd_polygon
2729010700,28,emd_point
2729010800,50,emd_polygon
2729010900,62,emd_polygon
2729011000,31,emd_point
2729011100,53,emd_polygon
2729011200,43,emd_point
2729011300,34,emd_point
2729011400,32,emd_point
2729011500,264,emd_polygon
2729011600,65,emd_point
2729011700,46,emd_point
2729011800,26,emd_point
2729011900,23,emd_polygon
2729012000,33,emd_polygon
2729012100,25,emd_polygon
2729012200,85,emd_polygon
2729012300,72,emd_polygon
2729012400,62,emd_point
2729012500,25,emd_polygon
2771025000,39,emd_point
2771025021,35,ri_polygon
2771025022,20,ri_polygon
2771025023,23,ri_polygon
2771025024,59,ri_polygon
2771025025,106,ri_polygon
2771025026,203,ri_polygon
2771025300,31,emd_point
2771025321,138,ri_polygon
2771025322,20,ri_polygon
2771025323,28,ri_polygon
2771025324,19,ri_polygon
2771025325,35,ri_polygon
2771025326,64,ri_polygon
2771025327,20,ri_polygon
2771025328,35,ri_polygon
2771025329,118,ri_polygon
2771025600,58,emd_point
2771025621,92,ri_polygon
2771025622,25,ri_polygon
2771025623,86,ri_polygon
2771025624,89,ri_polygon
2771025625,32,ri_polygon
2771025626,25,ri_polygon
2771025627,67,ri_polygon
2771025628,66,ri_polygon
2771025629,40,ri_polygon
2771025630,49,ri_polygon
2771025631,42,ri_polygon
2771025900,50,emd_point
2771025921,50,emd_point
2771025922,50,emd_point
2771025923,50,emd_point
2771025924,50,emd_point
2771025925,50,emd_point
2771025926,50,emd_point
2771025927,50,emd_point
2771025928,50,emd_point
2771025929,50,emd_point
2771025930,50,emd_point
2771025931,50,emd_point
2771025932,50,emd_point
2771025933,50,emd_point
2771026200,59,emd_point
2771026221,59,emd_point
2771026222,59,emd_point
2771026223,59,emd_point
2771026224,59,emd_point
2771026225,59,emd_point
2771026226,59,emd_point
2771026227,59,emd_point
2771026228,59,emd_point
2771026229,59,emd_point
2771026500,35,emd_point
2771026521,35,emd_point
2771026522,35,emd_point
2771026523,35,emd_point
2771026524,35,emd_point
2771026525,35,emd_point
2771026526,35,emd_point
2771026527,35,emd_point
2771026528,35,emd_point
2771026529,35,emd_point
2771026530,35,emd_point
2771026531,35,emd_point
2771031000,102,emd_point
2771031021,266,ri_polygon
2771031022,432,ri_polygon
2771031023,505,ri_polygon
2771031024,284,ri_polygon
2771031025,182,ri_polygon
2771031026,269,ri_polygon
2771031027,172,ri_polygon
2771031028,276,ri_polygon
2771031029,378,ri_polygon
2771031030,287,ri_polygon
2771031031,292,ri_polygon
2771031032,380,ri_polygon
2771033000,88,emd_point
2771033021,33,ri_polygon
2771033022,96,ri_polygon
2771033023,33,ri_polygon
2771033024,40,ri_polygon
2771033025,113,ri_polygon
2771033026,27,ri_polygon
2771033027,58,ri_polygon
2771033028,43,ri_polygon
2771033029,26,ri_polygon
2771038000,26,emd_point
2771038021,13,ri_polygon
2771038022,27,ri_polygon
2771038023,47,ri_polygon
2771038024,27,ri_polygon
2771038025,38,ri_polygon
2771038026,29,ri_polygon
2771038027,53,ri_polygon
2771038028,28,ri_polygon
2771038029,11,ri_polygon
2771038030,14,ri_polygon
2771038031,26,ri_polygon
2771038032,93,ri_polygon
2771038033,15,ri_polygon
2771038034,25,ri_polygon
2771038035,101,ri_polygon
2772025000,84,emd_point
2772025021,84,emd_point
2772025022,84,emd_point
2772025023,84,emd_point
2772025024,84,emd_point
2772025025,84,emd_point
2772025026,84,emd_point
2772025027,84,emd_point
2772025028,84,emd_point
2772025029,84,emd_point
2772025030,84,emd_point
2772025031,84,emd_point
2772025032,84,emd_point
2772025033,84,emd_point
2772025034,84,emd_point
2772025035,84,emd_point
2772025036,84,emd_point
2772025037,84,emd_point
2772031000,72,emd_point
2772031021,72,emd_point
2772031022,72,emd_point
2772031023,72,emd_point
2772031024,72,emd_point
2772031025,72,emd_point
2772031026,72,emd_point
2772031027,72,emd_point
2772031028,72,emd_point
2772031029,72,emd_point
2772031030,72,emd_point
2772031031,72,emd_point
2772031032,72,emd_point
2772031033,72,emd_point
2772031034,72,emd_point
2772032000,100,emd_point
2772032021,100,emd_point
2772032022,100,emd_point
2772032023,100,emd_point
2772032024,100,emd_point
2772032025,100,emd_point
2772032026,100,emd_point
2772032027,100,emd_point
2772032028,100,emd_point
2772032029,100,emd_point
2772032030,100,emd_point
2772032031,100,emd_point
2772032032,100,emd_point
2772032033,100,emd_point
2772032034,100,emd_point
2772032035,100,emd_point
2772033000,157,emd_point
2772033021,157,emd_point
2772033022,157,emd_point
2772033023,157,emd_point
2772033024,157,emd_point
2772033025,157,emd_point
2772033026,157,emd_point
2772033027,157,emd_point
2772033028,157,emd_point
2772034000,104,emd_point
2772034021,104,emd_point
2772034022,104,emd_point
2772034023,104,emd_point
2772034024,104,emd_point
2772034025,104,emd_point
2772034026,104,emd_point
2772034027,104,emd_point
2772034028,104,emd_point
2772034029,104,emd_point
2772035000,122,emd_point
2772035021,122,emd_point
2772035022,122,emd_point
2772035023,122,emd_point
2772035024,122,emd_point
2772035025,122,emd_point
2772035026,122,emd_point
2772035027,122,emd_point
2772035028,122,emd_point
2772035029,122,emd_point
2772035030,122,emd_point
2772035031,122,emd_point
2772036000,151,emd_point
2772036021,151,emd_point
2772036022,151,emd_point
2772036023,151,emd_point
2772036024,151,emd_point
2772036025,151,emd_point
2772036026,151,emd_point
2772036027,151,emd_point
2772037000,168,emd_point
2772037021,168,emd_point
2772037022,168,emd_point
2772037023,168,emd_point
2772037024,168,emd_point
2772037025,168,emd_point
2772037026,168,emd_point
2772037027,168,emd_point
2772037028,168,emd_point
2772037029,168,emd_point
2772037030,168,emd_point
2772037031,168,emd_point
2812510100,18,emd_point
2812510200,12,region_point
2812510300,12,region_point
2812510400,12,region_point
2812510500,12,region_point
2812510600,12,region_point
2812510800,12,region_point
2812510900,12,region_point
2812511000,12,region_point
2812511100,12,region_point
2812511200,12,region_point
2812511300,12,region_point
2812511400,12,region_point
2812511500,12,region_point
2812511600,12,region_point
2812511700,12,region_point
2812511800,12,region_point
2812511900,12,region_point
2812512000,12,region_point
2812512100,12,region_point
2812512200,12,region_point
2812512300,12,region_point
2812512400,12,region_point
2812512500,12,region_point
2812512600,12,region_point
2812512700,12,region_point
2812512800,12,region_point
2812512900,12,region_point
2812513000,12,region_point
2812513100,17,emd_point
2812513200,12,region_point
2812513300,12,region_point
2812513400,12,region_point
2812513500,12,region_point
2812513600,12,region_point
2812513700,12,region_point
2812513800,20,emd_point
2812513900,21,emd_point
2812514000,12,region_point
2812514100,12,region_point
2812514200,12,region_point
2812514300,12,region_point
2812514400,12,region_point
2812514500,12,region_point
2812514600,12,region_point
2812514700,12,region_point
2812514800,12,region_point
2812514900,12,region_point
2812515000,12,region_point
2812515100,12,region_point
2815510100,4,region_point
2815510200,4,region_point
2815510300,4,region_point
2815510400,4,region_point
2815510500,4,region_point
2815510600,4,region_point
2815510700,4,region_point
2815510800,4,region_point
2817710100,17,region_point
2817710200,17,region_point
2817710300,17,region_point
2817710400,17,region_point
2817710500,17,region_point
2817710600,11,emd_point
2817710700,50,emd_point
2818510100,17,emd_polygon
2818510200,11,emd_point
2818510300,37,emd_polygon
2818510400,13,emd_point
2818510500,35,emd_polygon
2818510600,0,emd_polygon
2820010100,26,emd_polygon
2820010200,21,emd_polygon
2820010300,32,emd_polygon
2820010400,33,emd_polygon
2820010500,7,emd_polygon
2820010600,34,emd_polygon
2820010700,9,emd_polygon
2820010800,46,emd_polygon
2820010900,17,emd_polygon
2820011000,10,emd_polygon
2820011100,9,emd_polygon
2823710100,37,emd_polygon
2823710200,36,emd_polygon
2823710300,25,emd_polygon
2823710400,23,emd_polygon
2823710500,15,emd_polygon
2823710600,19,emd_polygon
2823710700,18,emd_polygon
2823710800,18,emd_point
2823710900,38,emd_polygon
2824510100,54,emd_polygon
2824510200,41,emd_polygon
2824510300,21,emd_polygon
2824510400,5,emd_polygon
2824510500,37,emd_polygon
2824510600,12,emd_polygon
2824510700,14,emd_polygon
2824510800,32,emd_polygon
2824510900,13,emd_polygon
2824511000,10,emd_polygon
2824511100,26,emd_polygon
2824511200,9,emd_polygon
2824511300,8,emd_polygon
2824511400,11,emd_polygon
2824511500,6,emd_polygon
2824511600,14,emd_polygon
2824511700,8,emd_polygon
2824511800,16,emd_polygon
2824511900,57,emd_polygon
2824512000,51,emd_polygon
2824512100,104,emd_polygon
2824512200,57,emd_polygon
2824512300,13,emd_polygon
2827510100,41,region_point
2827510200,41,region_point
2827510300,41,region_point
2827510400,55,emd_point
2827510500,41,region_point
2827510600,41,region_point
2827510700,41,region_point
2827510800,41,region_point
2827510900,41,region_point
2827511000,41,region_point
2827511100,41,region_point
2829010100,26,region_point
2829010200,26,region_point
2829010300,27,emd_point
2829010400,20,emd_point
2829010500,28,emd_point
2829010600,26,region_point
2829010700,26,region_point
2829010800,26,region_point
2829010900,26,region_point
2829011000,26,region_point
2871025000,17,emd_point
2871025021,41,ri_polygon
2871025022,43,ri_polygon
2871025023,73,ri_polygon
2871025024,46,ri_polygon
2871025025,8,ri_polygon
2871025026,9,ri_polygon
2871025027,27,ri_polygon
2871025028,28,ri_polygon
2871025029,9,ri_polygon
2871031000,17,emd_point
2871031021,13,ri_polygon
2871031022,38,ri_polygon
2871031023,7,ri_polygon
2871031024,19,ri_polygon
2871031025,10,ri_polygon
2871031026,43,ri_polygon
2871031027,22,ri_polygon
2871032000,23,emd_point
2871032021,25,ri_polygon
2871032022,59,ri_polygon
2871032023,7,ri_polygon
2871032024,11,ri_polygon
2871032025,14,ri_polygon
2871032026,42,ri_polygon
2871032027,50,ri_polygon
2871032028,34,ri_polygon
2871033000,14,emd_point
2871033021,16,ri_polygon
2871033022,178,ri_polygon
2871033023,83,ri_polygon
2871033024,16,ri_polygon
2871033025,12,ri_polygon
2871033026,24,ri_polygon
2871034000,67,emd_point
2871034021,29,ri_polygon
2871034022,22,ri_polygon
2871034023,17,ri_polygon
2871034024,14,ri_polygon
2871034025,6,ri_polygon
2871034026,57,ri_polygon
2871034027,18,ri_polygon
2871034028,36,ri_polygon
2871034029,127,ri_polygon
2871035000,26,emd_point
2871035021,8,ri_polygon
2871035022,22,ri_polygon
2871035023,7,ri_polygon
2871035024,47,ri_polygon
2871035025,61,ri_polygon
2871035026,48,ri_polygon
2871035027,26,ri_polygon
2871035028,28,ri_polygon
2871036000,15,emd_point
2871036021,22,ri_polygon
2871036022,5,ri_polygon
2871036023,33,ri_polygon
2871036024,19,ri_polygon
2871036025,5,ri_polygon
2871037000,15,emd_point
2871037021,25,ri_polygon
2871037022,68,ri_polygon
2871037023,35,ri_polygon
2871037024,70,ri_polygon
2871037025,16,ri_polygon
2871037026,6,ri_polygon
2871037027,42,ri_polygon
2871037028,37,ri_polygon
2871038000,85,emd_point
2871038021,13,ri_polygon
2871038022,17,ri_polygon
2871038023,10,ri_polygon
2871038024,16,ri_polygon
2871038025,11,ri_polygon
2871039000,20,emd_point
2871039021,11,ri_polygon
2871039022,8,ri_polygon
2871039023,17,ri_polygon
2871039024,25,ri_polygon
2871039025,13,ri_polygon
2871039026,34,ri_polygon
2871039027,36,ri_polygon
2871040000,25,emd_point
2871040021,10,ri_polygon
2871040022,16,ri_polygon
2871040023,40,ri_polygon
2871040024,29,ri_polygon
2871040025,13,ri_polygon
2871040026,11,ri_polygon
2871040027,7,ri_polygon
2871040028,8,ri_polygon
2871040029,4,ri_polygon
2871040030,32,ri_polygon
2871040031,11,ri_polygon
2871040032,7,ri_polygon
2871040033,8,ri_polygon
2871041000,50,emd_point
2871041021,86,ri_polygon
2871041022,5,ri_polygon
2871041023,7,ri_polygon
2871041024,40,ri_polygon
2871041025,7,ri_polygon
2871041026,5,ri_polygon
2871041027,25,ri_polygon
2871042000,124,emd_point
2871042021,20,ri_polygon
2871042022,26,ri_polygon
2871042023,7,ri_polygon
2871042024,26,ri_polygon
2872031000,15,emd_point
2872031021,26,ri_polygon
2872031022,28,ri_polygon
2872031023,29,ri_polygon
2872031024,24,ri_polygon
2872033000,26,emd_point
2872033021,72,ri_polygon
2872033022,28,ri_polygon
2872033023,9,ri_polygon
2872033024,22,ri_polygon
2872033025,29,ri_polygon
2872034000,9,emd_point
2872034021,62,ri_polygon
2872034022,24,ri_polygon
2872035000,0,emd_point
2872035021,80,ri_polygon
2872035022,47,ri_polygon
2872035023,5,ri_polygon
2872035024,40,ri_polygon
2872035025,0,ri_polygon
2872035026,71,ri_polygon
2872035027,171,ri_polygon
2872035028,59,ri_polygon
2872036000,16,emd_point
2872036021,25,ri_polygon
2872036022,73,ri_polygon
2872036023,11,ri_polygon
2872037000,0,emd_point
2872037021,111,ri_polygon
2872037022,56,ri_polygon
2872037023,66,ri_polygon
2872038000,9,emd_point
2872038021,44,ri_polygon
3011010100,57,emd_polygon
3011010200,59,emd_polygon
3011010300,92,emd_point
3011010400,78,emd_polygon
3011010500,80,emd_polygon
3011010600,63,emd_polygon
3011010700,100,emd_polygon
3011010800,143,emd_polygon
3011010900,127,emd_point
3011011000,67,emd_point
3011011100,112,emd_point
3011011200,54,emd_polygon
3011011300,52,emd_polygon
3011011400,76,emd_polygon
3011011500,67,emd_point
3011011600,69,emd_point
3011011700,54,emd_point
3011011800,47,emd_point
3011011900,56,emd_polygon
3011012000,54,emd_polygon
3011012100,89,emd_polygon
3011012200,157,emd_polygon
3011012300,104,emd_polygon
3011012400,70,emd_polygon
3011012500,73,emd_polygon
3011012600,153,emd_polygon
3011012700,135,emd_polygon
3011012800,251,emd_polygon
3011012900,121,emd_polygon
3011013000,100,emd_polygon
3011013100,82,emd_polygon
3011013200,77,emd_polygon
3011013300,79,emd_polygon
3011013400,70,emd_polygon
3011013500,113,emd_polygon
3011013600,167,emd_polygon
3011013700,95,emd_polygon
3011013800,117,emd_polygon
3011013900,198,emd_polygon
3011014000,260,emd_polygon
3011014100,164,emd_polygon
3011014200,116,emd_polygon
3011014300,133,emd_polygon
3011014400,203,emd_polygon
3011014500,197,emd_polygon
3014010100,55,emd_polygon
3014010200,55,emd_polygon
3014010300,68,emd_point
3014010400,53,emd_point
3014010500,63,emd_point
3014010600,61,emd_point
3014010700,78,emd_point
3014010800,170,emd_polygon
3014010900,111,emd_polygon
3014011000,64,emd_point
3014011100,66,emd_point
3014011200,65,emd_point
3014011300,60,emd_point
3014011400,54,emd_polygon
3014011500,51,emd_polygon
3014011600,91,emd_polygon
3014011700,68,emd_point
3014011800,161,emd_polygon
3014011900,66,emd_polygon
3014012000,243,emd_polygon
3014012100,198,emd_polygon
3014012200,153,emd_polygon
3014012300,112,emd_polygon
3014012400,107,emd_polygon
3014012500,255,emd_polygon
3014012600,187,emd_polygon
3017010100,85,emd_point
3017010200,53,emd_point
3017010300,75,emd_polygon
3017010400,65,emd_point
3017010500,41,emd_point
3017010600,74,emd_point
3017010800,48,emd_point
3017010900,49,emd_point
3017011000,58,emd_point
3017011100,68,emd_polygon
3017011200,49,emd_polygon
3017011300,76,emd_polygon
3017011400,79,emd_point
3017011500,49,emd_point
3017011600,69,emd_polygon
3017011700,71,emd_polygon
3017011800,125,emd_polygon
3017011900,117,emd_polygon
3017012000,238,emd_polygon
3017012100,82,emd_polygon
3017012200,114,emd_polygon
3017012300,175,emd_polygon
3017012400,139,emd_polygon
3017012500,74,emd_polygon
3017012600,105,emd_polygon
3017012700,56,emd_polygon
3017012800,45,emd_point
3020010100,76,emd_polygon
3020010200,79,emd_polygon
3020010300,58,emd_polygon
3020010400,62,emd_polygon
3020010500,79,emd_point
3020010600,149,emd_polygon
3020010700,142,emd_polygon
3020010800,145,emd_polygon
3020010900,130,emd_polygon
3020011000,168,emd_polygon
3020011100,54,emd_polygon
3020011200,58,emd_polygon
3020011300,138,emd_polygon
3020011400,44,emd_point
3020011500,65,emd_point
3020011600,70,emd_polygon
3020011700,66,emd_polygon
3020011800,175,emd_polygon
3020011900,65,emd_polygon
3020012000,98,emd_polygon
3020012100,90,emd_polygon
3020012200,55,emd_polygon
3020012300,49,emd_polygon
3020012400,48,emd_polygon
3020012500,59,emd_point
3020012600,84,emd_polygon
3020012700,68,emd_polygon
3020012800,65,emd_polygon
3020012900,89,emd_polygon
3020013000,74,emd_polygon
3020013100,87,emd_polygon
3020013200,77,emd_polygon
3020013300,96,emd_polygon
3020013400,59,emd_polygon
3020013500,93,emd_polygon
3020013600,162,emd_polygon
3020013700,202,emd_polygon
3020013800,85,emd_polygon
3020013900,157,emd_polygon
3020014000,51,emd_polygon
3020014100,43,emd_point
3020014200,74,emd_polygon
3020014300,35,emd_polygon
3020014400,49,emd_polygon
3020014500,36,emd_polygon
3020014600,46,emd_point
3020014700,53,emd_polygon
3020014800,77,emd_polygon
3020014900,43,emd_polygon
3020015000,102,emd_polygon
3020015100,54,emd_polygon
3020015200,93,emd_polygon
3020015300,161,emd_polygon
3023010100,45,emd_point
3023010200,72,emd_point
3023010300,83,emd_polygon
3023010400,146,emd_polygon
3023010500,58,emd_polygon
3023010600,91,emd_polygon
3023010700,113,emd_point
3023010800,149,emd_polygon
3023010900,72,emd_point
3023011000,91,emd_point
3023011100,47,emd_point
3023011200,47,emd_point
3023011300,32,emd_polygon
3023011400,36,emd_polygon
3023011500,48,emd_point
3023011600,62,emd_polygon
3023011700,60,emd_polygon
3023011800,217,emd_polygon
3023011900,54,emd_polygon
3023012000,162,emd_polygon
3023012100,70,emd_polygon
3023012200,70,emd_polygon
3023012300,72,emd_polygon
3023012400,120,emd_polygon
3023012500,63,emd_polygon
3023012600,54,emd_point
3111010100,8,emd_point
3111010200,10,emd_polygon
3111010300,30,emd_point
3111010400,44,emd_polygon
3111010500,9,emd_polygon
3111010600,10,emd_polygon
3111010700,43,emd_polygon
3111010800,5,emd_point
3111010900,169,emd_point
3111011000,100,emd_polygon
3111011100,15,emd_point
3111011200,7,emd_point
3111011300,36,emd_polygon
3111011400,24,emd_polygon
3111011500,14,emd_polygon
3111011600,70,emd_polygon
3111011700,23,emd_point
3111011800,11,emd_polygon
3114010100,15,emd_point
3114010200,35,emd_point
3114010300,62,emd_polygon
3114010400,30,emd_polygon
3114010500,7,emd_point
3114010600,8,emd_point
3114010700,7,emd_polygon
3114010800,12,emd_polygon
3114010900,27,emd_point
3114011000,9,emd_polygon
3114011100,18,emd_polygon
3114011200,41,emd_polygon
3114011300,39,emd_polygon
3114011400,7,emd_polygon
3114011500,40,emd_polygon
3114011600,44,emd_polygon
3114011700,30,emd_polygon
3114011800,33,emd_polygon
3114011900,5,emd_polygon
3117010100,0,emd_point
3117010200,29,emd_point
3117010300,16,emd_point
3117010400,23,emd_polygon
3117010500,25,emd_polygon
3117010600,109,emd_polygon
3117010700,151,emd_polygon
3117010800,95,emd_polygon
3120010100,63,emd_polygon
3120010200,66,emd_polygon
3120010300,160,emd_polygon
3120010400,90,emd_polygon
3120010500,37,emd_polygon
3120010600,134,emd_polygon
3120010700,29,emd_polygon
3120010800,60,emd_polygon
3120010900,46,emd_polygon
3120011000,143,emd_polygon
3120011100,140,emd_polygon
3120011200,99,emd_polygon
3120011300,40,emd_polygon
3120011400,116,emd_polygon
3120011500,188,emd_polygon
3120011600,58,emd_polygon
3120011700,103,emd_polygon
3120011800,98,emd_polygon
3120011900,176,emd_polygon
3120012000,7,emd_polygon
3120012100,7,emd_polygon
3120012200,182,emd_polygon
3120012300,14,emd_point
3120012400,14,emd_point
3120012500,61,emd_polygon
3120012600,16,emd_point
3120012700,27,emd_point
3171025000,72,emd_point
3171025021,27,ri_polygon
3171025022,53,ri_polygon
3171025023,37,ri_polygon
3171025024,15,ri_polygon
3171025025,7,ri_polygon
3171025026,39,ri_polygon
3171025027,4,ri_polygon
3171025028,21,ri_polygon
3171025029,14,ri_polygon
3171025030,56,ri_polygon
3171025031,16,ri_polygon
3171025032,9,ri_polygon
3171025033,83,ri_polygon
3171025300,75,emd_point
3171025321,95,ri_polygon
3171025322,90,ri_polygon
3171025323,98,ri_polygon
3171025324,66,ri_polygon
3171025325,148,ri_polygon
3171025326,138,ri_polygon
3171025327,277,ri_polygon
3171025328,148,ri_polygon
3171025329,82,ri_polygon
3171025330,79,ri_polygon
3171025331,86,ri_polygon
3171025332,71,ri_polygon
3171025333,67,ri_polygon
3171025334,127,ri_polygon
3171025335,65,ri_polygon
3171025600,9,emd_point
3171025621,91,ri_polygon
3171025622,70,ri_polygon
3171025623,32,ri_polygon
3171025624,45,ri_polygon
3171025625,45,ri_polygon
3171025626,94,ri_polygon
3171025627,118,ri_polygon
3171025628,95,ri_polygon
3171025629,190,ri_polygon
3171025630,45,ri_polygon
3171025900,14,emd_point
3171025921,71,ri_polygon
3171025922,146,ri_polygon
3171025923,49,ri_polygon
3171025924,103,ri_polygon
3171025925,91,ri_polygon
3171025926,118,ri_polygon
3171025927,36,ri_polygon
3171025928,239,ri_polygon
3171025929,93,ri_polygon
3171025930,155,ri_polygon
3171026200,7,emd_point
3171026221,7,emd_point
3171026222,7,emd_point
3171026223,7,emd_point
3171026224,7,emd_point
3171026225,7,emd_point
3171026226,7,emd_point
3171026227,7,emd_point
3171026228,7,emd_point
3171026229,7,emd_point
3171026500,117,emd_point
3171026521,117,emd_point
3171026522,117,emd_point
3171026523,117,emd_point
3171026524,117,emd_point
3171026525,117,emd_point
3171031000,6,emd_point
3171031021,18,ri_polygon
3171031022,25,ri_polygon
3171031023,86,ri_polygon
3171031024,102,ri_polygon
3171031025,43,ri_polygon
3171031026,108,ri_polygon
3171031027,52,ri_polygon
3171031028,4,ri_polygon
3171031029,101,ri_polygon
3171031030,37,ri_polygon
3171034000,50,emd_point
3171034021,142,ri_polygon
3171034022,103,ri_polygon
3171034023,87,ri_polygon
3171034024,89,ri_polygon
3171034025,122,ri_polygon
3171034026,182,ri_polygon
3171034027,57,ri_polygon
3171034028,58,ri_polygon
3171034029,101,ri_polygon
3171036000,145,emd_point
3171036021,203,ri_polygon
3171036022,211,ri_polygon
3171036023,242,ri_polygon
3171036024,118,ri_polygon
3171036025,148,ri_polygon
3171036026,100,ri_polygon
3171036027,146,ri_polygon
3171036028,192,ri_polygon
3171037000,124,emd_point
3171037021,240,ri_polygon
3171037022,129,ri_polygon
3171037023,136,ri_polygon
3171037024,278,ri_polygon
3171037025,105,ri_polygon
3171037026,360,ri_polygon
3171037027,234,ri_polygon
3171037028,344,ri_polygon
3171037029,385,ri_polygon
3171038000,122,emd_point
3171038021,115,ri_polygon
3171038022,445,ri_polygon
3171038023,261,ri_polygon
3171038024,164,ri_polygon
3171038025,402,ri_polygon
3171038026,327,ri_polygon
3171038027,189,ri_polygon
3171038028,100,ri_polygon
3171038029,216,ri_polygon
3171038030,268,ri_polygon
3171038032,108,ri_polygon
3171038033,404,ri_polygon
3171038034,122,emd_point
3171040000,58,emd_point
3171040021,134,ri_polygon
3171040022,202,ri_polygon
3171040023,131,ri_polygon
3171040024,136,ri_polygon
3171040025,119,ri_polygon
3171040026,128,ri_polygon
3171040027,108,ri_polygon
3611010100,78,emd_polygon
3611010200,40,emd_polygon
3611010300,16,emd_polygon
3611010400,23,emd_polygon
3611010500,76,emd_polygon
3611010600,45,emd_polygon
3611010700,22,emd_polygon
3611010800,55,emd_polygon
3611010900,41,emd_polygon
3611011000,29,emd_polygon
3611011100,34,emd_polygon
3611011200,90,emd_polygon
3611011300,57,emd_polygon
3611011400,57,emd_polygon
3611011500,22,region_point
3611011600,22,region_point
3611011700,22,region_point
3611011800,22,region_point
3611011900,22,region_point
3611012000,22,region_point
3611012100,22,region_point
3611012200,22,region_point
3611012300,22,region_point
3611025000,48,emd_polygon
3611025021,30,ri_polygon
3611025022,30,ri_polygon
3611025023,31,ri_polygon
3611025024,31,ri_polygon
3611025025,27,ri_polygon
3611025026,29,ri_polygon
3611025027,28,ri_polygon
3611025028,34,ri_polygon
3611025029,38,ri_polygon
3611025030,33,ri_polygon
3611025031,28,ri_polygon
3611025032,80,ri_polygon
3611025033,87,ri_polygon
3611025034,41,ri_polygon
3611031000,112,emd_polygon
3611031021,40,ri_polygon
3611031022,67,ri_polygon
3611031023,36,ri_polygon
3611031024,55,ri_polygon
3611032000,56,emd_polygon
3611032021,47,ri_polygon
3611032022,22,ri_polygon
3611032023,54,ri_polygon
3611032024,45,ri_polygon
3611032025,40,ri_polygon
3611032026,24,ri_polygon
3611032027,22,ri_polygon
3611032028,53,ri_polygon
3611033000,105,emd_polygon
3611033021,31,ri_polygon
3611033022,84,ri_polygon
3611033023,31,ri_polygon
3611033024,91,ri_polygon
3611033025,85,ri_polygon
3611033026,89,ri_polygon
3611033027,99,ri_polygon
3611033028,66,ri_polygon
3611034000,139,emd_polygon
3611034021,32,ri_polygon
3611034022,28,ri_polygon
3611034023,29,ri_polygon
3611034024,54,ri_polygon
3611034025,48,ri_polygon
3611034026,128,ri_polygon
3611034027,111,ri_polygon
3611034028,166,ri_polygon
3611034029,125,ri_polygon
3611034030,41,ri_polygon
3611034031,68,ri_polygon
3611034032,46,ri_polygon
3611034033,82,ri_polygon
3611034034,89,ri_polygon
3611034035,89,ri_polygon
3611034036,57,ri_polygon
3611034037,55,ri_polygon
3611034038,88,ri_polygon
3611034039,27,ri_polygon
3611034040,48,ri_polygon
3611034041,77,ri_polygon
3611034042,179,ri_polygon
3611034043,51,ri_polygon
3611034044,74,ri_polygon
3611034045,53,ri_polygon
3611034046,52,ri_polygon
3611035000,33,emd_polygon
3611035021,40,ri_polygon
3611035022,49,ri_polygon
3611035023,83,ri_polygon
3611035024,50,ri_polygon
3611035025,99,ri_polygon
3611035026,46,ri_polygon
3611035027,91,ri_polygon
3611035028,117,ri_polygon
3611035029,51,ri_polygon
3611035030,80,ri_polygon
3611035031,104,ri_polygon
3611035032,68,ri_polygon
3611035033,98,ri_polygon
3611035034,95,ri_polygon
3611036000,79,emd_polygon
3611036021,52,ri_polygon
3611036022,47,ri_polygon
3611036023,35,ri_polygon
3611036024,62,ri_polygon
3611036025,67,ri_polygon
3611036026,100,ri_polygon
3611036027,117,ri_polygon
3611036028,57,ri_polygon
3611036029,53,ri_polygon
3611036030,63,ri_polygon
3611036031,75,ri_polygon
3611036032,30,ri_polygon
3611036033,34,ri_polygon
3611037000,76,emd_polygon
3611037021,89,ri_polygon
3611037022,72,ri_polygon
3611037023,81,ri_polygon
3611037024,85,ri_polygon
3611037025,117,ri_polygon
3611037026,58,ri_polygon
3611037027,143,ri_polygon
3611037028,125,ri_polygon
3611037029,146,ri_polygon
3611037030,132,ri_polygon
3611037031,161,ri_polygon
3611037032,96,ri_polygon
3611037033,180,ri_polygon
3611037034,177,ri_polygon
3611037035,174,ri_polygon
3611038000,68,emd_polygon
3611038021,101,ri_polygon
3611038022,139,ri_polygon
3611038023,146,ri_polygon
3611038024,78,ri_polygon
3611038025,65,ri_polygon
3611038026,51,ri_polygon
3611038027,68,ri_polygon
3611038028,59,ri_polygon
3611038029,86,ri_polygon
3611038030,111,ri_polygon
3611038031,132,ri_polygon
3611039000,100,emd_polygon
3611039021,42,ri_polygon
3611039022,109,ri_polygon
3611039023,121,ri_polygon
3611039024,110,ri_polygon
4111112900,68,emd_point
4111113000,58,emd_polygon
4111113100,70,emd_polygon
4111113200,65,emd_polygon
4111113300,57,emd_polygon
4111113400,65,emd_point
4111113500,67,emd_point
4111113600,76,emd_polygon
4111113700,74,emd_point
4111113800,167,emd_polygon
4111113900,179,emd_polygon
4111312600,33,emd_polygon
4111312700,29,emd_point
4111312800,28,emd_polygon
4111312900,43,emd_polygon
4111313000,25,emd_polygon
4111313100,35,emd_point
4111313200,42,emd_point
4111313300,34,emd_polygon
4111313400,35,emd_point
4111313500,43,emd_point
4111313600,25,emd_polygon
4111313700,43,emd_polygon
4111313800,30,emd_polygon
4111313900,26,emd_polygon
4111314000,45,emd_point
4111314100,41,emd_polygon
4111512000,53,emd_polygon
4111512100,51,emd_polygon
4111512200,52,emd_polygon
4111512300,76,emd_polygon
4111512400,50,emd_polygon
4111512500,48,emd_polygon
4111512600,48,emd_polygon
4111512700,61,emd_polygon
4111512800,74,emd_polygon
4111512900,58,emd_polygon
4111513000,56,emd_polygon
4111513100,57,emd_polygon
4111513200,53,emd_polygon
4111513300,41,emd_point
4111513400,41,emd_polygon
4111513500,41,emd_polygon
4111513600,51,emd_polygon
4111513700,43,emd_point
4111513800,46,emd_polygon
4111513900,53,emd_point
4111514000,60,emd_polygon
4111514100,44,emd_point
4111710100,29,emd_polygon
4111710200,41,emd_point
4111710300,70,emd_polygon
4111710400,56,emd_polygon
4111710500,80,emd_polygon
4111710600,34,emd_polygon
4111710700,37,emd_polygon
4113110100,76,emd_polygon
4113110200,76,emd_polygon
4113110300,49,emd_polygon
4113110400,60,emd_point
4113110500,107,emd_point
4113110600,112,emd_point
4113110700,32,emd_point
4113110800,59,emd_polygon
4113110900,26,emd_point
4113111000,26,emd_polygon
4113111100,42,emd_polygon
4113111200,41,emd_point
4113111300,135,emd_polygon
4113111400,28,emd_polygon
4113111500,67,emd_point
4113111600,123,emd_polygon
4113111700,46,emd_polygon
4113310100,35,emd_point
4113310300,91,emd_polygon
4113310400,204,emd_polygon
4113310500,115,emd_polygon
4113310600,48,emd_polygon
4113310700,56,emd_point
4113310800,114,emd_polygon
4113310900,90,emd_point
4113313200,70,emd_point
4113510100,108,emd_point
4113510200,63,emd_polygon
4113510300,59,emd_point
4113510400,135,emd_polygon
4113510500,45,emd_polygon
4113510600,72,emd_polygon
4113510700,62,emd_polygon
4113510800,61,emd_point
4113510900,52,emd_point
4113511000,52,emd_point
4113511100,61,emd_point
4113511200,68,emd_polygon
4113511300,108,emd_polygon
4113511400,135,emd_point
4113511500,74,emd_point
4113511600,192,emd_polygon
4113511700,200,emd_polygon
4113511800,111,emd_polygon
4115010100,52,emd_polygon
4115010200,117,emd_polygon
4115010300,42,emd_point
4115010400,65,emd_polygon
4115010500,62,emd_polygon
4115010600,80,emd_polygon
4115010700,74,emd_polygon
4115010800,91,emd_polygon
4115010900,81,emd_polygon
4115011000,52,emd_point
4115011100,62,emd_point
4115011200,58,emd_point
4115011300,65,emd_polygon
4117110100,95,emd_polygon
4117110200,97,emd_polygon
4117110300,31,emd_point
4117310100,97,emd_polygon
4117310200,55,emd_point
4117310300,65,emd_point
4117310400,52,emd_polygon
4119210100,23,region_point
4119210200,23,region_point
4119210300,18,emd_point
4119210400,20,emd_point
4119210500,17,emd_point
4119210600,35,emd_point
4119210700,23,region_point
4119210800,24,emd_point
4119210900,17,emd_point
4119410100,45,emd_point
4119410200,42,emd_point
4119410300,44,emd_point
4119410400,48,emd_point
4119410500,45,region_point
4119410600,18,emd_point
4119410700,45,region_point
4119610100,20,emd_point
4119610200,14,region_point
4119610300,14,region_point
4119610400,14,region_point
4119610500,14,region_point
4119610600,14,region_point
4119610700,14,region_point
4119610800,14,region_point
4121010100,25,emd_polygon
4121010200,23,emd_polygon
4121010300,25,emd_polygon
4121010400,24,emd_polygon
4121010500,33,emd_polygon
4121010600,23,emd_point
4121010700,42,emd_polygon
4121010800,20,emd_polygon
4122010100,37,emd_point
4122010200,35,emd_polygon
4122010300,31,emd_polygon
4122010400,39,emd_polygon
4122010500,26,emd_polygon
4122010600,40,emd_polygon
4122010700,57,emd_polygon
4122010800,49,emd_polygon
4122010900,43,emd_polygon
4122011000,40,emd_point
4122011100,40,emd_polygon
4122011200,21,emd_polygon
4122011300,12,emd_polygon
4122011400,22,emd_point
4122011500,8,emd_polygon
4122011600,9,emd_polygon
4122011700,10,emd_polygon
4122011800,21,emd_polygon
4122011900,17,emd_point
4122012000,16,emd_point
4122012100,14,emd_polygon
4122012200,9,emd_polygon
4122012300,10,emd_polygon
4122012400,23,emd_point
4122012500,35,emd_polygon
4122012600,29,emd_polygon
4122012700,36,emd_polygon
4122012800,20,emd_point
4122025000,23,emd_point
4122025021,21,ri_polygon
4122025022,29,ri_polygon
4122025023,13,ri_polygon
4122025024,23,ri_polygon
4122025025,8,ri_polygon
4122025026,9,ri_polygon
4122025027,18,ri_polygon
4122025028,6,ri_polygon
4122025029,23,ri_polygon
4122025030,5,ri_polygon
4122025031,13,ri_polygon
4122025032,9,ri_polygon
4122025033,11,ri_polygon
4122025034,28,ri_polygon
4122025035,8,ri_polygon
4122025036,13,ri_polygon
4122025037,2,ri_polygon
4122025038,11,ri_polygon
4122025039,15,ri_polygon
4122025040,19,ri_polygon
4122025041,22,ri_polygon
4122025042,15,ri_polygon
4122025043,9,ri_polygon
4122025044,11,ri_polygon
4122025045,16,ri_polygon
4122025300,25,emd_point
4122025321,18,ri_polygon
4122025322,20,ri_polygon
4122025323,13,ri_polygon
4122025324,9,ri_polygon
4122025325,5,ri_polygon
4122025326,37,ri_polygon
4122025327,28,ri_polygon
4122025328,19,ri_polygon
4122025329,13,ri_polygon
4122025330,21,ri_polygon
4122025600,30,emd_point
4122025621,5,ri_polygon
4122025622,29,ri_polygon
4122025623,26,ri_polygon
4122025624,30,ri_polygon
4122025625,11,ri_polygon
4122025626,10,ri_polygon
4122025627,8,ri_polygon
4122025628,22,ri_polygon
4122025629,46,ri_polygon
4122025900,15,emd_point
4122025921,15,emd_point
4122025922,15,emd_point
4122025923,15,emd_point
4122025924,15,emd_point
4122025925,15,emd_point
4122025926,15,emd_point
4122025927,15,emd_point
4122025928,15,emd_point
4122025929,15,emd_point
4122025930,15,emd_point
4122025931,15,emd_point
4122025932,15,emd_point
4122031000,19,emd_point
4122031021,64,ri_polygon
4122031022,22,ri_polygon
4122031023,42,ri_polygon
4122031024,123,ri_polygon
4122031025,70,ri_polygon
4122031026,61,ri_polygon
4122031027,24,ri_polygon
4122031028,16,ri_polygon
4122031029,28,ri_polygon
4122031030,14,ri_polygon
4122031031,13,ri_polygon
4122031032,16,ri_polygon
4122032000,15,emd_point
4122032021,13,ri_polygon
4122032022,59,ri_polygon
4122032023,23,ri_polygon
4122032024,11,ri_polygon
4122032025,12,ri_polygon
4122032026,9,ri_polygon
4122032027,8,ri_polygon
4122032028,12,ri_polygon
4122032029,7,ri_polygon
4122032030,7,ri_polygon
4122033000,17,emd_point
4122033021,43,ri_polygon
4122033022,20,ri_polygon
4122033023,10,ri_polygon
4122033024,6,ri_polygon
4122033025,19,ri_polygon
4122033026,7,ri_polygon
4122033027,5,ri_polygon
4122033028,25,ri_polygon
4122033029,25,ri_polygon
4122033031,30,ri_polygon
4122034000,8,emd_point
4122034021,11,ri_polygon
4122034022,7,ri_polygon
4122034023,8,ri_polygon
4122034024,8,ri_polygon
4122034025,30,ri_polygon
4122034026,14,ri_polygon
4122034027,15,ri_polygon
4122034028,3,ri_polygon
4122034029,7,ri_polygon
4122037000,16,emd_point
4122037021,8,ri_polygon
4122037022,12,ri_polygon
4122037023,9,ri_polygon
4122037024,11,ri_polygon
4122037025,19,ri_polygon
4122037026,21,ri_polygon
4122037027,15,ri_polygon
4122037028,46,ri_polygon
4122037029,48,ri_polygon
4122037030,17,ri_polygon
4122037031,10,ri_polygon
4122037032,4,ri_polygon
4125010100,72,emd_point
4125010200,97,emd_polygon
4125010300,85,emd_polygon
4125010400,149,emd_polygon
4125010500,107,emd_polygon
4125010600,94,emd_point
4125010700,79,emd_polygon
4125010800,142,emd_polygon
4125010900,57,emd_polygon
4125011000,105,emd_polygon
4125011100,280,emd_polygon
4125011200,67,emd_point
4127110100,65,emd_point
4127110200,18,emd_point
4127110300,27,emd_point
4127110400,18,emd_polygon
4127110500,9,emd_polygon
4127110600,26,emd_polygon
4127110700,36,emd_point
4127110800,45,emd_point
4127110900,19,emd_point
4127111000,68,emd_polygon
4127111100,28,emd_polygon
4127111200,64,emd_polygon
4127111300,124,emd_polygon
4127111400,81,emd_polygon
4127111500,40,emd_polygon
4127310100,11,emd_point
4127310200,21,emd_point
4127310300,10,emd_point
4127310400,12,emd_polygon
4127310500,11,emd_polygon
4127310600,18,emd_polygon
4127310700,12,emd_point
4127310800,15,emd_point
4127310900,29,emd_polygon
4127311000,64,emd_polygon
4127311100,11,emd_polygon
4127311200,14,emd_polygon
4127311300,11,emd_polygon
4127311400,123,emd_polygon
4127311500,22,emd_polygon
4128110100,19,emd_point
4128110200,49,emd_polygon
4128110300,39,emd_polygon
4128110400,46,emd_polygon
4128110500,28,emd_polygon
4128110600,47,emd_polygon
4128110700,391,emd_polygon
4128110800,50,emd_point
4128110900,196,emd_polygon
4128111000,124,emd_polygon
4128111100,20,emd_polygon
4128111200,73,emd_polygon
4128111300,31,emd_polygon
4128111400,151,emd_polygon
4128111500,70,emd_polygon
4128111600,80,emd_point
4128111700,113,emd_polygon
4128111800,30,emd_point
4128111900,44,emd_polygon
4128112000,8,emd_polygon
4128112100,6,emd_polygon
4128112200,12,emd_polygon
4128112300,20,emd_polygon
4128112400,11,emd_polygon
4128112500,7,emd_polygon
4128112600,15,emd_polygon
4128112700,4,emd_polygon
4128112800,24,emd_polygon
4128112900,22,emd_point
4128113000,10,emd_polygon
4128113100,56,emd_polygon
4128113200,23,emd_polygon
4128510100,23,emd_point
4128510200,51,emd_polygon
4128510300,27,emd_point
4128510400,9,emd_polygon
4128510500,19,emd_polygon
4128510600,15,emd_polygon
4128510700,30,emd_polygon
4128510800,32,emd_polygon
4128510900,39,emd_polygon
4128511000,33,emd_polygon
4128511100,20,emd_polygon
4128511200,40,emd_polygon
4128511300,49,emd_polygon
4128710100,21,emd_polygon
4128710200,15,emd_polygon
4128710300,36,emd_polygon
4128710400,17,emd_point
4128710500,12,emd_point
4128710600,14,emd_point
4128710700,6,emd_polygon
4128710800,8,emd_polygon
4129010100,167,emd_polygon
4129010200,68,emd_point
4129010300,55,emd_point
4129010400,199,emd_polygon
4129010500,36,emd_point
4129010600,62,emd_polygon
4129010700,50,emd_point
4129010800,58,emd_point
4129010900,71,emd_point
4129011000,61,emd_point
4131010100,37,emd_point
4131010200,35,emd_polygon
4131010300,32,emd_point
4131010400,64,emd_polygon
4131010500,22,emd_polygon
4131010600,78,emd_polygon
4131010700,22,emd_polygon
4136010100,151,emd_point
4136010200,136,emd_point
4136010300,48,emd_point
4136010400,27,emd_polygon
4136010500,36,emd_polygon
4136010600,39,emd_polygon
4136010800,46,emd_polygon
4136010900,31,emd_polygon
4136011000,31,emd_polygon
4136011100,46,emd_point
4136011200,111,region_point
4136025000,30,emd_point
4136025021,39,ri_polygon
4136025022,77,ri_polygon
4136025023,128,ri_polygon
4136025024,145,ri_polygon
4136025025,94,ri_polygon
4136025300,53,emd_point
4136025321,96,ri_polygon
4136025322,58,ri_polygon
4136025323,64,ri_polygon
4136025324,66,ri_polygon
4136025325,111,ri_polygon
4136025326,153,ri_polygon
4136025327,132,ri_polygon
4136025328,143,ri_polygon
4136025600,106,emd_point
4136025621,156,ri_polygon
4136025622,291,ri_polygon
4136025623,196,ri_polygon
4136025624,74,ri_polygon
4136025625,172,ri_polygon
4136025626,108,ri_polygon
4136025627,103,ri_polygon
4136025628,62,ri_polygon
4136025629,128,ri_polygon
4136025630,99,ri_polygon
4136025900,42,emd_point
4136025921,69,ri_polygon
4136025922,58,ri_polygon
4136025923,46,ri_polygon
4136025924,35,ri_polygon
4136025925,115,ri_polygon
4136025926,182,ri_polygon
4136026200,75,emd_point
4136026221,62,ri_polygon
4136026222,238,ri_polygon
4136026223,100,ri_polygon
4136026500,24,emd_point
4136026521,24,emd_point
4136031000,42,emd_point
4136031021,160,ri_polygon
4136031022,150,ri_polygon
4136031023,62,ri_polygon
4136034000,73,emd_point
4136034021,83,ri_polygon
4136034022,183,ri_polygon
4136034023,412,ri_polygon
4136034024,370,ri_polygon
4136034025,317,ri_polygon
4136034026,157,ri_polygon
4136034027,113,ri_polygon
4136036000,27,emd_point
4136036021,31,ri_polygon
4136036022,103,ri_polygon
4136036023,95,ri_polygon
4136036024,142,ri_polygon
4136036025,239,ri_polygon
4136036026,152,ri_polygon
4137010100,22,emd_polygon
4137010200,56,emd_polygon
4137010300,25,emd_polygon
4137010400,36,emd_polygon
4137010500,36,emd_polygon
4137010600,39,emd_polygon
4137010700,78,emd_polygon
4137010800,28,emd_polygon
4137010900,23,emd_polygon
4137011000,34,emd_polygon
4137011100,41,emd_polygon
4137011200,94,emd_polygon
4137011300,33,emd_polygon
4137011400,55,emd_polygon
4137011500,26,emd_polygon
4137011600,32,emd_polygon
4137011700,26,emd_polygon
4137011800,23,emd_polygon
4137011900,28,emd_polygon
4137012000,20,emd_polygon
4137012100,21,emd_polygon
4137012200,37,emd_polygon
4137012300,28,emd_polygon
4137012400,33,emd_polygon
4139010100,29,emd_point
4139010200,20,emd_point
4139010300,14,emd_polygon
4139010400,6,emd_polygon
4139010500,16,emd_polygon
4139010600,10,emd_point
4139010700,28,emd_polygon
4139010800,15,emd_point
4139010900,21,emd_polygon
4139011000,24,emd_polygon
4139011200,22,emd_point
4139011300,24,emd_polygon
4139011700,51,emd_polygon
4139011800,39,emd_point
4139011900,12,emd_polygon
4139012000,7,emd_polygon
4139012100,44,emd_polygon
4139012200,37,emd_polygon
4139012300,121,emd_polygon
4139012400,41,emd_polygon
4139012500,41,emd_polygon
4139012600,29,emd_point
4139012700,15,emd_polygon
4139012800,9,emd_point
4139012900,75,emd_polygon
4139013000,15,emd_point
4139013100,10,emd_point
4139013200,10,emd_polygon
4139013300,10,emd_polygon
4139013400,35,emd_polygon
4139013500,28,region_point
4141010100,76,emd_polygon
4141010200,53,emd_polygon
4141010300,70,emd_polygon
4141010400,78,emd_polygon
4141010500,54,emd_point
4141010600,88,emd_polygon
4141010700,95,emd_polygon
4141010800,64,emd_polygon
4141010900,31,emd_polygon
4143010100,86,emd_point
4143010200,67,emd_polygon
4143010300,58,emd_polygon
4143010400,116,emd_polygon
4143010500,57,emd_point
4143010600,115,emd_polygon
4143010700,127,emd_polygon
4143010800,60,emd_point
4143010900,77,emd_polygon
4143011000,74,emd_polygon
4143011100,48,emd_polygon
4145010100,67,emd_point
4145010200,66,emd_polygon
4145010300,64,emd_polygon
4145010400,211,emd_polygon
4145010500,91,emd_polygon
4145010600,25,emd_polygon
4145010700,9,emd_polygon
4145010800,61,emd_polygon
4145010900,25,emd_polygon
4145011000,22,emd_polygon
4145011100,24,emd_polygon
4145011200,11,emd_polygon
4145011300,41,emd_point
4145011400,30,emd_point
4145011500,88,emd_polygon
4145011600,230,emd_polygon
4145011700,51,emd_polygon
4145011800,45,emd_point
4145011900,76,emd_polygon
4145012000,196,emd_polygon
4145012100,116,emd_polygon
4145012200,47,emd_polygon
4145012300,40,emd_point
4145012400,64,emd_polygon
4146110100,91,emd_polygon
4146110200,101,emd_point
4146110300,158,emd_point
4146110400,133,emd_polygon
4146110500,137,emd_polygon
4146110600,99,emd_polygon
4146110700,104,emd_polygon
4146110800,216,emd_polygon
4146110900,209,emd_polygon
4146111000,220,emd_polygon
4146125000,106,emd_point
4146125021,86,ri_polygon
4146125022,142,ri_polygon
4146125023,78,ri_polygon
4146125024,78,ri_polygon
4146125025,117,ri_polygon
4146125026,160,ri_polygon
4146125027,88,ri_polygon
4146125028,167,ri_polygon
4146125029,107,ri_polygon
4146125300,77,emd_point
4146125321,77,emd_point
4146125322,77,emd_point
4146125323,77,emd_point
4146125324,77,emd_point
4146125325,77,emd_point
4146125326,77,emd_point
4146125327,77,emd_point
4146125328,77,emd_point
4146125600,50,emd_point
4146125621,50,emd_point
4146125622,50,emd_point
4146125623,50,emd_point
4146125624,50,emd_point
4146125625,50,emd_point
4146125626,50,emd_point
4146125627,50,emd_point
4146125628,50,emd_point
4146125629,50,emd_point
4146125900,27,emd_point
4146125921,27,emd_point
4146125922,27,emd_point
4146125923,27,emd_point
4146125924,27,emd_point
4146125925,27,emd_point
4146125926,27,emd_point
4146125927,27,emd_point
4146125928,27,emd_point
4146125929,27,emd_point
4146125930,27,emd_point
4146125931,27,emd_point
4146126200,140,emd_point
4146126221,140,emd_point
4146126222,140,emd_point
4146126223,140,emd_point
4146126224,140,emd_point
4146126225,140,emd_point
4146126226,140,emd_point
4146126227,140,emd_point
4146126228,140,emd_point
4146126229,140,emd_point
4146126230,140,emd_point
4146134000,105,emd_point
4146134021,115,ri_polygon
4146134022,146,ri_polygon
4146134023,142,ri_polygon
4146134024,144,ri_polygon
4146134025,116,ri_polygon
4146134026,121,ri_polygon
4146134027,124,ri_polygon
4146134028,101,ri_polygon
4146134029,73,ri_polygon
4146134030,181,ri_polygon
4146134031,113,ri_polygon
4146134032,110,ri_polygon
4146135000,105,emd_point
4146135021,123,ri_polygon
4146135022,143,ri_polygon
4146135023,114,ri_polygon
4146135024,147,ri_polygon
4146135025,141,ri_polygon
4146135026,112,ri_polygon
4146135027,130,ri_polygon
4146135028,117,ri_polygon
4146135029,136,ri_polygon
4146135030,127,ri_polygon
4146135031,118,ri_polygon
4146135032,120,ri_polygon
4146135033,122,ri_polygon
4146310100,60,emd_point
4146310200,77,emd_point
4146310300,91,emd_point
4146310400,53,emd_polygon
4146310500,57,emd_point
4146310600,187,emd_polygon
4146310700,76,emd_polygon
4146310800,95,emd_polygon
4146310900,71,emd_polygon
4146311000,56,emd_polygon
4146311100,91,emd_polygon
4146311200,110,emd_polygon
4146311300,141,emd_point
4146311400,151,emd_polygon
4146311500,134,emd_polygon
4146311600,121,emd_polygon
4146311700,158,emd_point
4146311800,88,emd_point
4146510100,99,emd_polygon
4146510200,81,emd_polygon
4146510300,70,emd_point
4146510400,167,emd_polygon
4146510500,135,emd_point
4146510600,100,emd_point
4146510700,89,emd_polygon
4148010100,23,emd_polygon
4148010200,52,emd_polygon
4148010400,60,emd_polygon
4148010500,57,emd_polygon
4148010600,13,emd_polygon
4148010700,18,emd_point
4148010800,14,emd_polygon
4148010900,21,emd_polygon
4148011000,9,emd_polygon
4148011100,12,emd_polygon
4148011200,13,emd_polygon
4148011300,28,emd_polygon
4148011400,36,emd_polygon
4148011500,9,emd_polygon
4148011600,9,emd_polygon
4148011700,38,emd_polygon
4148011800,22,emd_polygon
4148011900,23,emd_polygon
4148012000,10,emd_polygon
4148012100,8,emd_polygon
4148012200,15,emd_polygon
4148012300,16,emd_polygon
4148025000,12,emd_point
4148025021,15,ri_polygon
4148025022,46,ri_polygon
4148025023,36,ri_polygon
4148025024,51,ri_polygon
4148025025,36,ri_polygon
4148025026,27,ri_polygon
4148025027,9,ri_polygon
4148025028,25,ri_polygon
4148025029,79,ri_polygon
4148025030,120,ri_polygon
4148025300,27,emd_point
4148025321,24,ri_polygon
4148025322,56,ri_polygon
4148025323,56,ri_polygon
4148025324,32,ri_polygon
4148025325,36,ri_polygon
4148025326,31,ri_polygon
4148025327,88,ri_polygon
4148025600,59,emd_point
4148025621,242,ri_polygon
4148025622,135,ri_polygon
4148025623,82,ri_polygon
4148025624,53,ri_polygon
4148025625,66,ri_polygon
4148025626,135,ri_polygon
4148025627,143,ri_polygon
4148025628,143,ri_polygon
4148025629,69,ri_polygon
4148025630,153,ri_polygon
4148026200,20,emd_point
4148026221,80,ri_polygon
4148026222,15,ri_polygon
4148026223,16,ri_polygon
4148026224,38,ri_polygon
4148026225,35,ri_polygon
4148026226,16,ri_polygon
4148026227,14,ri_polygon
4148031000,18,emd_point
4148031021,17,ri_polygon
4148031022,34,ri_polygon
4148031023,96,ri_polygon
4148031024,53,ri_polygon
4148031025,21,ri_polygon
4148032000,23,emd_point
4148032021,18,ri_polygon
4148032022,42,ri_polygon
4148032023,10,ri_polygon
4148032024,39,ri_polygon
4148032025,6,ri_polygon
4148032026,5,ri_polygon
4148032027,46,ri_polygon
4148032028,24,ri_polygon
4148032029,6,ri_polygon
4148032030,8,ri_polygon
4148032031,20,ri_polygon
4148035000,94,emd_point
4148035021,64,ri_polygon
4148035022,33,ri_polygon
4148035023,80,ri_polygon
4148035024,94,ri_polygon
4148035025,30,ri_polygon
4148035026,83,ri_polygon
4148035027,90,ri_polygon
4148035028,127,ri_polygon
4148035029,120,ri_polygon
4148036000,51,emd_point
4148036021,88,ri_polygon
4148036022,16,ri_polygon
4148036023,73,ri_polygon
4148036024,34,ri_polygon
4148036026,109,ri_polygon
4148036027,21,ri_polygon
4148036028,102,ri_polygon
4148037000,47,emd_point
4148037021,38,ri_polygon
4148037022,38,ri_polygon
4148037023,68,ri_polygon
4148037024,97,ri_polygon
4148037025,77,ri_polygon
4148037026,41,ri_polygon
4148037027,133,ri_polygon
4148037028,23,ri_polygon
4148037029,40,ri_polygon
4148037030,46,ri_polygon
4148037031,27,ri_polygon
4148037032,195,ri_polygon
4148037033,69,ri_polygon
4148037034,41,ri_polygon
4148037035,99,ri_polygon
4148037036,54,ri_polygon
4148038000,41,emd_polygon
4148038021,40,ri_polygon
4148038022,33,ri_polygon
4148038023,20,ri_polygon
4148038024,42,ri_polygon
4148038025,34,ri_polygon
4148038026,38,ri_polygon
4148038027,48,ri_polygon
4148039000,36,emd_point
4148039021,41,ri_polygon
4148039022,5,ri_polygon
4148039023,8,ri_polygon
4148039024,23,ri_polygon
4148039025,27,ri_polygon
4148039026,17,ri_polygon
4148039027,29,ri_polygon
4148039028,8,ri_polygon
4148039029,36,emd_point
4148040000,31,emd_polygon
4148040021,14,ri_polygon
4148040022,49,ri_polygon
4148040023,37,ri_polygon
4148040024,38,ri_polygon
4148040025,28,ri_polygon
4148041000,38,emd_polygon
4148041022,46,ri_polygon
4148041023,35,ri_polygon
4148041024,35,region_point
4150010100,68,emd_point
4150010200,68,emd_point
4150010300,64,emd_point
4150010400,98,emd_polygon
4150010500,57,emd_polygon
4150010600,55,emd_polygon
4150010700,55,emd_polygon
4150010800,56,emd_polygon
4150010900,73,emd_point
4150011000,92,emd_polygon
4150011100,93,emd_polygon
4150011200,65,emd_polygon
4150011300,75,emd_polygon
4150011400,79,emd_polygon
4150011500,59,emd_polygon
4150025000,74,emd_point
4150025021,62,ri_polygon
4150025022,72,ri_polygon
4150025023,81,ri_polygon
4150025024,136,ri_polygon
4150025025,76,ri_polygon
4150025026,79,ri_polygon
4150025027,111,ri_polygon
4150025028,94,ri_polygon
4150025029,103,ri_polygon
4150025030,91,ri_polygon
4150025031,94,ri_polygon
4150025032,69,ri_polygon
4150025033,61,ri_polygon
4150025300,66,emd_point
4150025321,63,ri_polygon
4150025322,66,ri_polygon
4150025323,48,ri_polygon
4150025324,58,ri_polygon
4150025325,51,ri_polygon
4150025326,63,ri_polygon
4150025327,86,ri_polygon
4150025328,62,ri_polygon
4150025329,65,ri_polygon
4150025330,67,ri_polygon
4150025331,69,ri_polygon
4150025332,66,ri_polygon
4150025333,77,ri_polygon
4150025334,56,ri_polygon
4150031000,64,emd_point
4150031021,87,ri_polygon
4150031022,81,ri_polygon
4150031023,139,ri_polygon
4150031024,164,ri_polygon
4150031025,61,ri_polygon
4150031026,75,ri_polygon
4150031027,72,ri_polygon
4150031028,115,ri_polygon
4150031029,104,ri_polygon
4150031030,159,ri_polygon
4150031031,144,ri_polygon
4150031032,75,ri_polygon
4150031033,82,ri_polygon
4150032000,57,emd_point
4150032021,58,ri_polygon
4150032022,98,ri_polygon
4150032023,116,ri_polygon
4150032024,163,ri_polygon
4150032025,76,ri_polygon
4150032026,69,ri_polygon
4150032027,45,ri_polygon
4150032028,78,ri_polygon
4150032029,46,ri_polygon
4150032030,74,ri_polygon
4150032031,42,ri_polygon
4150032032,56,ri_polygon
4150033000,62,emd_point
4150033021,69,ri_polygon
4150033022,69,ri_polygon
4150033023,79,ri_polygon
4150033024,79,ri_polygon
4150033025,113,ri_polygon
4150033026,93,ri_polygon
4150033027,77,ri_polygon
4150033028,63,ri_polygon
4150033029,78,ri_polygon
4150034000,83,emd_point
4150034021,149,ri_polygon
4150034022,88,ri_polygon
4150034023,102,ri_polygon
4150034024,113,ri_polygon
4150034025,99,ri_polygon
4150034026,102,ri_polygon
4150034027,125,ri_polygon
4150034028,102,ri_polygon
4150034029,86,ri_polygon
4150034030,96,ri_polygon
4150034031,75,ri_polygon
4150034032,143,ri_polygon
4150034033,116,ri_polygon
4150035000,71,emd_point
4150035025,89,ri_polygon
4150035026,73,ri_polygon
4150035027,75,ri_polygon
4150035028,104,ri_polygon
4150035029,77,ri_polygon
4150035030,74,ri_polygon
4150035031,75,ri_polygon
4150035032,77,ri_polygon
4150035033,65,ri_polygon
4150035034,80,ri_polygon
4150036000,93,emd_point
4150036021,96,ri_polygon
4150036022,86,ri_polygon
4150036023,186,ri_polygon
4150036024,99,ri_polygon
4150036025,88,ri_polygon
4150036026,82,ri_polygon
4150036027,75,ri_polygon
4150036028,89,ri_polygon
4150036029,73,ri_polygon
4150036030,88,ri_polygon
4150036031,106,ri_polygon
4150037000,109,emd_point
4150037021,102,ri_polygon
4150037022,91,ri_polygon
4150037023,79,ri_polygon
4150037024,78,ri_polygon
4150037025,101,ri_polygon
4150037026,103,ri_polygon
4150037027,107,ri_polygon
4150037028,90,ri_polygon
4150037029,92,ri_polygon
4150037030,75,ri_polygon
4150037031,88,ri_polygon
4150037032,109,ri_polygon
4150038000,93,emd_point
4150038021,78,ri_polygon
4150038022,74,ri_polygon
4150038023,83,ri_polygon
4150038024,87,ri_polygon
4150038025,171,ri_polygon
4150038026,86,ri_polygon
4150038027,155,ri_polygon
4150038028,97,ri_polygon
4150038029,116,ri_polygon
4150038030,98,ri_polygon
4155010100,48,emd_polygon
4155010200,41,emd_polygon
4155010300,30,emd_polygon
4155010400,51,emd_polygon
4155010500,42,emd_polygon
4155010600,34,emd_polygon
4155010700,95,emd_polygon
4155010800,31,emd_polygon
4155010900,32,emd_polygon
4155011000,30,emd_polygon
4155011100,31,emd_polygon
4155011200,31,emd_polygon
4155011300,29,emd_polygon
4155011400,43,emd_polygon
4155011500,36,emd_polygon
4155011600,33,emd_polygon
4155011700,33,emd_polygon
4155011800,28,emd_polygon
4155011900,26,emd_polygon
4155012000,71,emd_polygon
4155012100,40,emd_polygon
4155012200,25,emd_polygon
4155012300,49,emd_polygon
4155012400,48,emd_polygon
4155012500,44,emd_polygon
4155012600,45,emd_polygon
4155012700,35,emd_polygon
4155012800,44,emd_polygon
4155012900,57,emd_polygon
4155013000,54,emd_polygon
4155013100,35,emd_polygon
4155013200,35,emd_polygon
4155013300,56,emd_polygon
4155025000,30,emd_point
4155025021,27,ri_polygon
4155025022,27,ri_polygon
4155025023,38,ri_polygon
4155025024,13,ri_polygon
4155025025,39,ri_polygon
4155025026,17,ri_polygon
4155025027,12,ri_polygon
4155025028,20,ri_polygon
4155025029,36,ri_polygon
4155025030,31,ri_polygon
4155025031,15,ri_polygon
4155031000,101,emd_point
4155031021,72,ri_polygon
4155031022,60,ri_polygon
4155031023,134,ri_polygon
4155031024,51,ri_polygon
4155031025,100,ri_polygon
4155031026,53,ri_polygon
4155031027,77,ri_polygon
4155031028,69,ri_polygon
4155031029,67,ri_polygon
4155031030,55,ri_polygon
4155031031,40,ri_polygon
4155031032,70,ri_polygon
4155031033,67,ri_polygon
4155031034,45,ri_polygon
4155031035,64,ri_polygon
4155031036,96,ri_polygon
4155031037,73,ri_polygon
4155031038,81,ri_polygon
4155031039,107,ri_polygon
4155032000,169,emd_point
4155032021,54,ri_polygon
4155032022,52,ri_polygon
4155032023,127,ri_polygon
4155032024,217,ri_polygon
4155032025,108,ri_polygon
4155032026,115,ri_polygon
4155032027,157,ri_polygon
4155032028,183,ri_polygon
4155032029,150,ri_polygon
4155032030,111,ri_polygon
4155032031,100,ri_polygon
4155032032,167,ri_polygon
4155032033,107,ri_polygon
4155032034,68,ri_polygon
4155033000,51,emd_point
4155033021,146,ri_polygon
4155033022,160,ri_polygon
4155033023,47,ri_polygon
4155033024,39,ri_polygon
4155033025,157,ri_polygon
4155033026,43,ri_polygon
4155033027,45,ri_polygon
4155033028,49,ri_polygon
4155033029,71,ri_polygon
4155033030,49,ri_polygon
4155033031,31,ri_polygon
4155033032,109,ri_polygon
4155033033,113,ri_polygon
4155033034,71,ri_polygon
4155034000,34,emd_point
4155034021,48,ri_polygon
4155034022,54,ri_polygon
4155034023,26,ri_polygon
4155034024,13,ri_polygon
4155034025,40,ri_polygon
4155034026,39,ri_polygon
4155034027,21,ri_polygon
4155034028,18,ri_polygon
4155034029,74,ri_polygon
4155034030,15,ri_polygon
4155034031,34,ri_polygon
4155034032,25,ri_polygon
4155034033,27,ri_polygon
4155034034,26,ri_polygon
4155034035,54,ri_polygon
4155034036,18,ri_polygon
4155034037,39,ri_polygon
4155034038,45,ri_polygon
4155035000,26,emd_point
4155035021,44,ri_polygon
4155035022,34,ri_polygon
4155035023,38,ri_polygon
4155035024,46,ri_polygon
4155035025,29,ri_polygon
4155035026,50,ri_polygon
4155035027,35,ri_polygon
4155035028,43,ri_polygon
4155035029,49,ri_polygon
4155035030,20,ri_polygon
4155035031,40,ri_polygon
4155035032,30,ri_polygon
4155035033,43,ri_polygon
4155035034,42,ri_polygon
4155036000,36,emd_point
4155036021,89,ri_polygon
4155036022,34,ri_polygon
4155036023,67,ri_polygon
4155036024,64,ri_polygon
4155036025,53,ri_polygon
4155036026,81,ri_polygon
4155036027,116,ri_polygon
4155036028,75,ri_polygon
4155036029,109,ri_polygon
4155036030,58,ri_polygon
4155036031,74,ri_polygon
4155036032,198,ri_polygon
4155036033,47,ri_polygon
4155036034,43,ri_polygon
4155036035,56,ri_polygon
4155036036,46,ri_polygon
4155036037,23,ri_polygon
4155036038,49,ri_polygon
4155038000,34,emd_point
4155038021,94,ri_polygon
4155038022,60,ri_polygon
4155038023,39,ri_polygon
4155038024,57,ri_polygon
4155038025,46,ri_polygon
4155038026,43,ri_polygon
4155038027,63,ri_polygon
4155038028,96,ri_polygon
4155039000,86,emd_point
4155039021,96,ri_polygon
4155039022,84,ri_polygon
4155039023,120,ri_polygon
4155039024,105,ri_polygon
4155039025,81,ri_polygon
4155039026,84,ri_polygon
4155039027,144,ri_polygon
4155039028,98,ri_polygon
4155039029,133,ri_polygon
4155039030,97,ri_polygon
4155039031,94,ri_polygon
4155039032,106,ri_polygon
4155039033,117,ri_polygon
4155039034,104,ri_polygon
4155039035,120,ri_polygon
4155040000,94,emd_point
4155040021,109,ri_polygon
4155040022,120,ri_polygon
4155040023,114,ri_polygon
4155040024,95,ri_polygon
4155040025,190,ri_polygon
4155040026,158,ri_polygon
4155040027,120,ri_polygon
4155040028,162,ri_polygon
4155040029,144,ri_polygon
4155040030,142,ri_polygon
4155041000,156,emd_point
4155041021,118,ri_polygon
4155041022,104,ri_polygon
4155041023,109,ri_polygon
4155041024,114,ri_polygon
4155041025,145,ri_polygon
4155041026,169,ri_polygon
4155041027,155,ri_polygon
4155041028,108,ri_polygon
4155041029,59,ri_polygon
4155041030,96,ri_polygon
4155042000,44,emd_point
4155042021,86,ri_polygon
4155042022,97,ri_polygon
4155042023,38,ri_polygon
4155042024,68,ri_polygon
4155042025,53,ri_polygon
4155042026,53,ri_polygon
4155042027,83,ri_polygon
4157010100,17,emd_polygon
4157010200,5,emd_polygon
4157010300,13,emd_point
4157010400,10,emd_point
4157010500,38,emd_polygon
4157010600,15,emd_point
4157010700,27,emd_point
4157010800,21,emd_point
4157010900,11,emd_point
4157025000,20,emd_point
4157025021,16,ri_polygon
4157025022,29,ri_polygon
4157025023,27,ri_polygon
4157025024,5,ri_polygon
4157025025,15,ri_polygon
4157025026,14,ri_polygon
4157025027,39,ri_polygon
4157025028,12,ri_polygon
4157025029,33,ri_polygon
4157025300,13,emd_point
4157025321,9,ri_polygon
4157025322,13,emd_point
4157025323,13,emd_point
4157025324,13,emd_point
4157025325,13,emd_point
4157025600,16,emd_point
4157025621,16,emd_point
4157025622,16,emd_point
4157025623,16,emd_point
4157025624,16,emd_point
4157025625,16,emd_point
4157025626,16,emd_point
4157025627,16,emd_point
4157025628,16,emd_point
4157034000,25,emd_point
4157034021,17,ri_polygon
4157034022,22,ri_polygon
4157034023,82,ri_polygon
4157034024,21,ri_polygon
4157034025,35,ri_polygon
4157034026,22,ri_polygon
4157034027,17,ri_polygon
4157034028,11,ri_polygon
4157034029,14,ri_polygon
4157034030,34,ri_polygon
4157034031,35,ri_polygon
4157034032,30,ri_polygon
4157034033,19,ri_polygon
4157035000,11,emd_point
4157035021,23,ri_polygon
4157035022,27,ri_polygon
4157035023,61,ri_polygon
4157035024,20,ri_polygon
4157035025,11,ri_polygon
4157035026,101,ri_polygon
4157035027,0,ri_polygon
4157035028,9,ri_polygon
4157035029,9,ri_polygon
4157035030,7,ri_polygon
4157036000,20,emd_point
4157036021,12,ri_polygon
4157036022,9,ri_polygon
4157036023,8,ri_polygon
4157036024,29,ri_polygon
4157036025,12,ri_polygon
4157036026,84,ri_polygon
4157036027,19,ri_polygon
4157036028,23,ri_polygon
4157036029,14,ri_polygon
4157036030,9,ri_polygon
4157036031,10,ri_polygon
4157036032,12,ri_polygon
4159110100,0,emd_point
4159125000,32,emd_point
4159125021,32,emd_point
4159125022,32,emd_point
4159125023,32,emd_point
4159125024,32,emd_point
4159125025,32,emd_point
4159125026,32,emd_point
4159125027,32,emd_point
4159125028,32,emd_point
4159125029,32,emd_point
4159125030,32,emd_point
4159125031,32,emd_point
4159125032,32,emd_point
4159125033,32,emd_point
4159125300,35,emd_point
4159125321,35,emd_point
4159125322,35,emd_point
4159125323,35,emd_point
4159125324,35,emd_point
4159125325,35,emd_point
4159125326,35,emd_point
4159125327,35,emd_point
4159125328,35,emd_point
4159125329,35,emd_point
4159125330,35,emd_point
4159125331,35,emd_point
4159125332,35,emd_point
4159125333,35,emd_point
4159125334,35,emd_point
4159125335,35,emd_point
4159125336,35,emd_point
4159125337,35,emd_point
4159125338,35,emd_point
4159125339,35,emd_point
4159125340,35,emd_point
4159125341,35,emd_point
4159125600,28,emd_point
4159125621,28,emd_point
4159125622,28,emd_point
4159125623,28,emd_point
4159125624,28,emd_point
4159125625,28,emd_point
4159125626,28,emd_point
4159125627,28,emd_point
4159125628,28,emd_point
4159125629,28,emd_point
4159125630,28,emd_point
4159125631,28,emd_point
4159125632,28,emd_point
4159125633,28,emd_point
4159125634,28,emd_point
4159125635,28,emd_point
4159131000,12,emd_point
4159131021,12,emd_point
4159131022,12,emd_point
4159131023,12,emd_point
4159131024,12,emd_point
4159131025,12,emd_point
4159131026,12,emd_point
4159131027,12,emd_point
4159131028,12,emd_point
4159131029,12,emd_point
4159131030,12,emd_point
4159132000,40,emd_point
4159132021,40,emd_point
4159132022,40,emd_point
4159132023,40,emd_point
4159132024,40,emd_point
4159132025,40,emd_point
4159132026,40,emd_point
4159132027,40,emd_point
4159132028,40,emd_point
4159132029,40,emd_point
4159132030,40,emd_point
4159132031,40,emd_point
4159132032,40,emd_point
4159132033,40,emd_point
4159132034,40,emd_point
4159132035,40,emd_point
4159133000,12,emd_point
4159133021,12,emd_point
4159133022,12,emd_point
4159133023,12,emd_point
4159133024,12,emd_point
4159133025,12,emd_point
4159133026,12,emd_point
4159133027,12,emd_point
4159133028,12,emd_point
4159133029,12,emd_point
4159133030,12,emd_point
4159133031,12,emd_point
4159133032,12,emd_point
4159134000,34,emd_point
4159134021,34,emd_point
4159134022,34,emd_point
4159134023,34,emd_point
4159134024,34,emd_point
4159134025,34,emd_point
4159134026,34,emd_point
4159134027,34,emd_point
4159134028,34,emd_point
4159134029,34,emd_point
4159134030,34,emd_point
4159134031,34,emd_point
4159134032,34,emd_point
4159134033,34,emd_point
4159134034,34,emd_point
4159134035,34,emd_point
4159134036,34,emd_point
4159135000,54,emd_point
4159135021,54,emd_point
4159135022,54,emd_point
4159135023,54,emd_point
4159135024,54,emd_point
4159135025,54,emd_point
4159135026,54,emd_point
4159135027,54,emd_point
4159135028,54,emd_point
4159135029,54,emd_point
4159135030,54,emd_point
4159136000,27,emd_point
4159136021,27,emd_point
4159136022,27,emd_point
4159136023,27,emd_point
4159136024,27,emd_point
4159136025,27,emd_point
4159136026,27,emd_point
4159136027,27,emd_point
4159310100,51,region_point
4159310200,51,region_point
4159325000,42,emd_point
4159325021,42,emd_point
4159325022,42,emd_point
4159325023,42,emd_point
4159325024,42,emd_point
4159325025,42,emd_point
4159325026,42,emd_point
4159325027,42,emd_point
4159325028,42,emd_point
4159325029,42,emd_point
4159325030,42,emd_point
4159325031,42,emd_point
4159325032,42,emd_point
4159325033,42,emd_point
4159325034,42,emd_point
4159325035,42,emd_point
4159325036,42,emd_point
4159331000,15,emd_point
4159331021,15,emd_point
4159331022,15,emd_point
4159331023,15,emd_point
4159331024,15,emd_point
4159331025,15,emd_point
4159331026,15,emd_point
4159331027,15,emd_point
4159332000,35,emd_point
4159332021,35,emd_point
4159332022,35,emd_point
4159332023,35,emd_point
4159332024,35,emd_point
4159332025,35,emd_point
4159332026,35,emd_point
4159332027,35,emd_point
4159332028,35,emd_point
4159333000,56,emd_point
4159333021,56,emd_point
4159333022,56,emd_point
4159333023,56,emd_point
4159333024,56,emd_point
4159333025,56,emd_point
4159333026,56,emd_point
4159333027,56,emd_point
4159333028,56,emd_point
4159333029,56,emd_point
4159333030,56,emd_point
4159333031,56,emd_point
4159333032,56,emd_point
4159333033,56,emd_point
4159333034,56,emd_point
4159333035,56,emd_point
4159333036,56,emd_point
4159333037,56,emd_point
4159333038,56,emd_point
4159333039,56,emd_point
4159510100,33,emd_point
4159510200,34,region_point
4159510300,34,region_point
4159510400,34,region_point
4159510500,43,emd_point
4159510600,34,region_point
4159510700,34,region_point
4159510800,34,region_point
4159510900,34,region_point
4159710100,59,region_point
4159710200,59,region_point
4159710300,59,region_point
4159710500,59,region_point
4159710600,59,region_point
4159710700,59,region_point
4159710800,59,region_point
4159710900,59,region_point
4159711000,59,region_point
4159711100,59,region_point
4159711200,59,region_point
4159711300,59,region_point
4159711400,59,region_point
4159711500,59,region_point
4161010100,46,emd_point
4161010200,98,emd_point
4161010300,64,emd_point
4161010400,116,emd_polygon
4161010500,62,emd_point
4161010600,124,emd_polygon
4161010700,177,emd_polygon
4161010800,120,emd_polygon
4161010900,116,emd_polygon
4161011000,96,emd_polygon
4161011100,61,emd_polygon
4161011200,43,emd_polygon
4161011300,121,emd_polygon
4161011400,46,region_point
4161011500,151,emd_point
4161011600,120,emd_point
4161011700,46,region_point
4161011800,46,region_point
4161011900,46,region_point
4161012000,46,region_point
4161025300,84,emd_point
4161025321,145,ri_polygon
4161025322,142,ri_polygon
4161025323,135,ri_polygon
4161025324,72,ri_polygon
4161025325,182,ri_polygon
4161025326,92,ri_polygon
4161025327,68,ri_polygon
4161025328,109,ri_polygon
4161025329,40,ri_polygon
4161025330,155,ri_polygon
4161025331,59,ri_polygon
4161025332,68,ri_polygon
4161025900,163,emd_point
4161025921,92,ri_polygon
4161025922,150,ri_polygon
4161025923,171,ri_polygon
4161025924,131,ri_polygon
4161025925,131,ri_polygon
4161025926,209,ri_polygon
4161025927,122,ri_polygon
4161025928,155,ri_polygon
4161025929,177,ri_polygon
4161025930,196,ri_polygon
4161025931,278,ri_polygon
4161025932,120,ri_polygon
4161025933,197,ri_polygon
4161025934,249,ri_polygon
4161025935,167,ri_polygon
4161025936,95,ri_polygon
4161033000,146,emd_point
4161033021,191,ri_polygon
4161033022,216,ri_polygon
4161033023,193,ri_polygon
4161033024,289,ri_polygon
4161033025,214,ri_polygon
4161033026,233,ri_polygon
4161033027,98,ri_polygon
4161033028,130,ri_polygon
4161034000,112,emd_point
4161034021,48,ri_polygon
4161034022,81,ri_polygon
4161034023,212,ri_polygon
4161034024,193,ri_polygon
4161034025,109,ri_polygon
4161034026,44,ri_polygon
4161034027,50,ri_polygon
4161034028,156,ri_polygon
4161034029,92,ri_polygon
4161034030,44,ri_polygon
4161035000,95,emd_point
4161035021,40,ri_polygon
4161035022,40,ri_polygon
4161035023,130,ri_polygon
4161035024,108,ri_polygon
4161035025,123,ri_polygon
4161035026,181,ri_polygon
4161035027,91,ri_polygon
4161035028,28,ri_polygon
4161037000,107,emd_point
4161037021,107,emd_point
4161037022,107,emd_point
4161037023,107,emd_point
4161037024,107,emd_point
4161037025,107,emd_point
4161037026,107,emd_point
4161037027,107,emd_point
4161037028,107,emd_point
4163010100,127,emd_polygon
4163010200,129,emd_polygon
4163010300,68,emd_polygon
4163010400,74,emd_polygon
4163010500,93,emd_polygon
4163010600,65,emd_polygon
4163010700,104,emd_polygon
4163010800,106,emd_polygon
4163010900,99,emd_polygon
4163011000,89,emd_polygon
4163011100,109,emd_polygon
4163011200,101,emd_polygon
4163011300,103,emd_polygon
4163011400,90,emd_polygon
4163011500,83,emd_polygon
4163011600,97,emd_polygon
4163011700,89,emd_polygon
4163025000,106,emd_point
4163025021,148,ri_polygon
4163025022,101,ri_polygon
4163025023,283,ri_polygon
4163025024,124,ri_polygon
4163025025,120,ri_polygon
4163025026,122,ri_polygon
4163025027,273,ri_polygon
4163031000,84,emd_point
4163031021,80,ri_polygon
4163031022,108,ri_polygon
4163031023,88,ri_polygon
4163031024,104,ri_polygon
4163031025,95,ri_polygon
4163031026,120,ri_polygon
4163032000,109,emd_point
4163032021,118,ri_polygon
4163032022,187,ri_polygon
4163032023,130,ri_polygon
4163032024,118,ri_polygon
4163032025,104,ri_polygon
4163032026,112,ri_polygon
4163032027,95,ri_polygon
4163032028,108,ri_polygon
4163032029,119,ri_polygon
4163032030,166,ri_polygon
4163033000,91,emd_point
4163033021,106,ri_polygon
4163033022,112,ri_polygon
4163033023,165,ri_polygon
4163033024,95,ri_polygon
4163033025,123,ri_polygon
4163033026,115,ri_polygon
4163033027,99,ri_polygon
4163034000,120,emd_point
4163034021,240,ri_polygon
4163034022,276,ri_polygon
4163034023,147,ri_polygon
4163034024,246,ri_polygon
4163034025,113,ri_polygon
4163034026,75,ri_polygon
4163034027,77,ri_polygon
4165010100,144,emd_polygon
4165010200,125,emd_polygon
4165010300,150,emd_polygon
4165010400,119,emd_point
4165010500,165,emd_polygon
4165010600,161,emd_polygon
4165025000,112,emd_point
4165025021,128,ri_polygon
4165025022,161,ri_polygon
4165025023,180,ri_polygon
4165025024,171,ri_polygon
4165025025,116,ri_polygon
4165025026,197,ri_polygon
4165025027,123,ri_polygon
4165025028,141,ri_polygon
4165025029,228,ri_polygon
4165031000,116,emd_point
4165031021,112,ri_polygon
4165031022,130,ri_polygon
4165031023,110,ri_polygon
4165031024,128,ri_polygon
4165031025,150,ri_polygon
4165031026,230,ri_polygon
4165031027,137,ri_polygon
4165031028,99,ri_polygon
4165032000,137,emd_point
4165032021,164,ri_polygon
4165032022,167,ri_polygon
4165032023,123,ri_polygon
4165032024,283,ri_polygon
4165032025,244,ri_polygon
4165032026,333,ri_polygon
4165033000,118,emd_point
4165033021,125,ri_polygon
4165033022,113,ri_polygon
4165033023,113,ri_polygon
4165033024,130,ri_polygon
4165033025,138,ri_polygon
4165033026,122,ri_polygon
4165033027,311,ri_polygon
4165033028,184,ri_polygon
4165034000,102,emd_point
4165034021,139,ri_polygon
4165034022,168,ri_polygon
4165034023,112,ri_polygon
4165034024,90,ri_polygon
4165034025,180,ri_polygon
4165034026,134,ri_polygon
4165034027,146,ri_polygon
4165034028,151,ri_polygon
4165034029,253,ri_polygon
4165034030,243,ri_polygon
4165034031,200,ri_polygon
4165034032,138,ri_polygon
4165035000,106,emd_point
4165035021,148,ri_polygon
4165035022,113,ri_polygon
4165035023,89,ri_polygon
4165035024,100,ri_polygon
4165035025,274,ri_polygon
4165035026,155,ri_polygon
4165035027,216,ri_polygon
4165036000,83,emd_point
4165036021,113,ri_polygon
4165036022,130,ri_polygon
4165036023,89,ri_polygon
4165036024,92,ri_polygon
4165036025,121,ri_polygon
4165036026,73,ri_polygon
4165037000,156,emd_point
4165037021,127,ri_polygon
4165037022,180,ri_polygon
4165037023,214,ri_polygon
4165037024,211,ri_polygon
4165037025,165,ri_polygon
4165037026,346,ri_polygon
4165038000,164,emd_point
4165038021,174,ri_polygon
4165038022,418,ri_polygon
4165038023,240,ri_polygon
4165038024,191,ri_polygon
4165039000,165,emd_point
4165039021,202,ri_polygon
4165039022,171,ri_polygon
4165039023,258,ri_polygon
4165039024,144,ri_polygon
4165039025,155,ri_polygon
4165039026,132,ri_polygon
4165039027,147,ri_polygon
4165040000,182,emd_point
4165040021,160,ri_polygon
4165040022,444,ri_polygon
4165040023,254,ri_polygon
4165040024,187,ri_polygon
4165040025,159,ri_polygon
4165040026,197,ri_polygon
4165041000,137,emd_point
4165041021,210,ri_polygon
4165041022,187,ri_polygon
4165041023,160,ri_polygon
4167010100,50,region_point
4167010200,50,region_point
4167010300,50,region_point
4167010400,50,region_point
4167010500,50,region_point
4167010600,50,region_point
4167010700,50,region_point
4167010800,50,region_point
4167010900,50,region_point
4167011000,50,region_point
4167011100,50,region_point
4167011200,50,region_point
4167011300,50,region_point
4167011400,50,region_point
4167011500,50,region_point
4167011600,50,region_point
4167011700,50,region_point
4167011800,50,region_point
4167011900,50,region_point
4167012000,50,region_point
4167012100,50,emd_point
4167012200,50,region_point
4167012300,50,region_point
4167025000,74,emd_point
4167025021,74,emd_point
4167025022,74,emd_point
4167025023,74,emd_point
4167025024,74,emd_point
4167025025,74,emd_point
4167025026,74,emd_point
4167025027,74,emd_point
4167025028,74,emd_point
4167025029,74,emd_point
4167025030,74,emd_point
4167025031,74,emd_point
4167025032,74,emd_point
4167025033,74,emd_point
4167025034,74,emd_point
4167025035,74,emd_point
4167025036,74,emd_point
4167025037,74,emd_point
4167025038,74,emd_point
4167025039,74,emd_point
4167025040,74,emd_point
4167031000,95,emd_point
4167031021,95,emd_point
4167031022,95,emd_point
4167031023,95,emd_point
4167031024,95,emd_point
4167031025,95,emd_point
4167031026,95,emd_point
4167031027,95,emd_point
4167031028,95,emd_point
4167031029,95,emd_point
4167031030,95,emd_point
4167031031,95,emd_point
4167031032,95,emd_point
4167031033,95,emd_point
4167031034,95,emd_point
4167031035,95,emd_point
4167032000,50,emd_point
4167032021,50,emd_point
4167032022,50,emd_point
4167032023,50,emd_point
4167032024,50,emd_point
4167032025,50,emd_point
4167032026,50,emd_point
4167032027,50,emd_point
4167032028,50,emd_point
4167032029,50,emd_point
4167032030,50,emd_point
4167032031,50,emd_point
4167032032,50,emd_point
4167032033,50,emd_point
4167032034,50,emd_point
4167033000,38,emd_point
4167033021,38,emd_point
4167033022,38,emd_point
4167033023,38,emd_point
4167033024,38,emd_point
4167033025,38,emd_point
4167033026,38,emd_point
4167033027,38,emd_point
4167033028,38,emd_point
4167033029,38,emd_point
4167033030,38,emd_point
4167033031,38,emd_point
4167034500,57,emd_point
4167034521,57,emd_point
4167034522,57,emd_point
4167034523,57,emd_point
4167034524,57,emd_point
4167034525,57,emd_point
4167034526,57,emd_point
4167034527,57,emd_point
4167034528,57,emd_point
4167034529,57,emd_point
4167034530,57,emd_point
4167034531,57,emd_point
4167034532,57,emd_point
4167034533,57,emd_point
4167035000,40,emd_point
4167035021,40,emd_point
4167035022,40,emd_point
4167035023,40,emd_point
4167035024,40,emd_point
4167035025,40,emd_point
4167035026,40,emd_point
4167035027,40,emd_point
4167035028,40,emd_point
4167035029,40,emd_point
4167035030,40,emd_point
4167035031,40,emd_point
4167035032,40,emd_point
4167035033,40,emd_point
4167035034,40,emd_point
4167035035,40,emd_point
4167035036,40,emd_point
4167035037,40,emd_point
4167035038,40,emd_point
4167035039,40,emd_point
4167036000,52,emd_point
4167036021,52,emd_point
4167036022,52,emd_point
4167036023,52,emd_point
4167036024,52,emd_point
4167036025,52,emd_point
4167036026,52,emd_point
4167036027,52,emd_point
4167036028,52,emd_point
4167036029,52,emd_point
4167036030,52,emd_point
4167036031,52,emd_point
4167036032,52,emd_point
4167036033,52,emd_point
4167036034,52,emd_point
4167036035,52,emd_point
4167037000,79,emd_point
4167037021,79,emd_point
4167037022,79,emd_point
4167037023,79,emd_point
4167037024,79,emd_point
4167037025,79,emd_point
4167037026,79,emd_point
4167037027,79,emd_point
4167037028,79,emd_point
4167037029,79,emd_point
4167038000,131,emd_point
4167038021,131,emd_point
4167038022,131,emd_point
4167038023,131,emd_point
4167038024,131,emd_point
4167038025,131,emd_point
4167038026,131,emd_point
4167038027,131,emd_point
4180025000,61,emd_point
4180025021,83,ri_polygon
4180025022,104,ri_polygon
4180025023,95,ri_polygon
4180025024,89,ri_polygon
4180025025,162,ri_polygon
4180025026,98,ri_polygon
4180025027,94,ri_polygon
4180025028,106,ri_polygon
4180025029,311,ri_polygon
4180025030,218,ri_polygon
4180025300,56,emd_point
4180025321,63,ri_polygon
4180025322,73,ri_polygon
4180025323,90,ri_polygon
4180025324,119,ri_polygon
4180025325,56,ri_polygon
4180025326,119,ri_polygon
4180025327,239,ri_polygon
4180025328,312,ri_polygon
4180031000,74,emd_point
4180031021,79,ri_polygon
4180031022,53,ri_polygon
4180031023,70,ri_polygon
4180031024,79,ri_polygon
4180031025,63,ri_polygon
4180031026,101,ri_polygon
4180031027,60,ri_polygon
4180032000,75,emd_point
4180032021,38,ri_polygon
4180032022,150,ri_polygon
4180032023,92,ri_polygon
4180032024,82,ri_polygon
4180032025,93,ri_polygon
4180033000,74,emd_point
4180033021,48,ri_polygon
4180033022,78,ri_polygon
4180033023,72,ri_polygon
4180033024,29,ri_polygon
4180033025,53,ri_polygon
4180033026,37,ri_polygon
4180033027,50,ri_polygon
4180033028,60,ri_polygon
4180033029,74,ri_polygon
4180033030,86,ri_polygon
4180033031,58,ri_polygon
4180033033,74,emd_point
4180033034,74,emd_point
4180033035,74,emd_point
4180033036,74,emd_point
4180033037,74,emd_point
4180033038,74,emd_point
4180033039,102,ri_polygon
4180033040,74,emd_point
4180033041,74,emd_point
4180033046,68,ri_polygon
4180034000,31,emd_point
4180034021,61,ri_polygon
4180034022,72,ri_polygon
4180034023,61,ri_polygon
4180034024,40,ri_polygon
4180034025,90,ri_polygon
4180034026,95,ri_polygon
4180034027,26,ri_polygon
4180034028,58,ri_polygon
4180035000,35,emd_point
4180035021,80,ri_polygon
4180035022,54,ri_polygon
4180035023,49,ri_polygon
4180035024,61,ri_polygon
4180035025,105,ri_polygon
4180035026,142,ri_polygon
4180035027,95,ri_polygon
4180035028,132,ri_polygon
4180035029,128,ri_polygon
4180035030,68,ri_polygon
4180035031,161,ri_polygon
4180035032,35,emd_point
4180035033,35,emd_point
4180035034,35,emd_point
4180035035,166,ri_polygon
4180035036,35,emd_point
4180035037,35,emd_point
4180035038,35,emd_point
4180036000,103,emd_point
4180036021,150,ri_polygon
4180036022,89,ri_polygon
4180036023,401,ri_polygon
4180036024,196,ri_polygon
4180036025,111,ri_polygon
4180036026,103,emd_point
4180036027,290,ri_polygon
4180036028,142,ri_polygon
4180036029,236,ri_polygon
4180036030,240,ri_polygon
4180037000,40,emd_point
4180037021,77,ri_polygon
4180037022,84,ri_polygon
4180037023,105,ri_polygon
4180037024,162,ri_polygon
4180037025,133,ri_polygon
4180037026,68,ri_polygon
4180037027,101,ri_polygon
4180037028,40,emd_point
4180037029,159,ri_polygon
4180037030,40,emd_point
4180037031,196,ri_polygon
4180038000,26,emd_point
4180038021,72,ri_polygon
4180038022,36,ri_polygon
4180038023,29,ri_polygon
4180038024,20,ri_polygon
4180038025,29,ri_polygon
4182025000,59,emd_point
4182025021,230,ri_polygon
4182025022,117,ri_polygon
4182025023,66,ri_polygon
4182025024,170,ri_polygon
4182025025,119,ri_polygon
4182025026,389,ri_polygon
4182025027,232,ri_polygon
4182025028,574,ri_polygon
4182025029,249,ri_polygon
4182025030,140,ri_polygon
4182025031,129,ri_polygon
4182025032,137,ri_polygon
4182025033,123,ri_polygon
4182025034,144,ri_polygon
4182031000,93,emd_point
4182031021,99,ri_polygon
4182031022,74,ri_polygon
4182031023,179,ri_polygon
4182031024,59,ri_polygon
4182031025,162,ri_polygon
4182031026,125,ri_polygon
4182031027,236,ri_polygon
4182031028,81,ri_polygon
4182031029,168,ri_polygon
4182031030,279,ri_polygon
4182031031,311,ri_polygon
4182031032,423,ri_polygon
4182031033,272,ri_polygon
4182031034,200,ri_polygon
4182031035,269,ri_polygon
4182032500,52,emd_point
4182032521,50,ri_polygon
4182032522,153,ri_polygon
4182032523,52,ri_polygon
4182032524,209,ri_polygon
4182032525,236,ri_polygon
4182032526,154,ri_polygon
4182032527,222,ri_polygon
4182033000,125,emd_point
4182033021,227,ri_polygon
4182033022,203,ri_polygon
4182033023,498,ri_polygon
4182033024,141,ri_polygon
4182033025,139,ri_polygon
4182033026,244,ri_polygon
4182033027,254,ri_polygon
4182033028,284,ri_polygon
4182033029,417,ri_polygon
4182033030,125,emd_point
4182034500,122,emd_point
4182034521,122,emd_point
4182034522,122,emd_point
4182034524,122,emd_point
4182034525,122,emd_point
4182034526,122,emd_point
4182034527,122,emd_point
4182034528,122,emd_point
4182035000,130,emd_point
4182035021,410,ri_polygon
4182035022,317,ri_polygon
4182035023,519,ri_polygon
4182035024,387,ri_polygon
4182035025,523,ri_polygon
4182035026,270,ri_polygon
4182035027,114,ri_polygon
4182035028,130,ri_polygon
4183025000,46,emd_point
4183025021,34,ri_polygon
4183025022,67,ri_polygon
4183025023,188,ri_polygon
4183025024,68,ri_polygon
4183025025,60,ri_polygon
4183025026,128,ri_polygon
4183025027,64,ri_polygon
4183025028,113,ri_polygon
4183025029,80,ri_polygon
4183025030,48,ri_polygon
4183025031,61,ri_polygon
4183025032,67,ri_polygon
4183031000,56,emd_point
4183031021,76,ri_polygon
4183031022,96,ri_polygon
4183031023,55,ri_polygon
4183031024,251,ri_polygon
4183031025,56,ri_polygon
4183031026,84,ri_polygon
4183031027,220,ri_polygon
4183032000,98,emd_point
4183032021,32,ri_polygon
4183032022,49,ri_polygon
4183032023,105,ri_polygon
4183032024,196,ri_polygon
4183032025,282,ri_polygon
4183032026,132,ri_polygon
4183033000,29,emd_point
4183033021,62,ri_polygon
4183033022,74,ri_polygon
4183033023,56,ri_polygon
4183033024,129,ri_polygon
4183033025,87,ri_polygon
4183033026,63,ri_polygon
4183033027,48,ri_polygon
4183033028,76,ri_polygon
4183033029,60,ri_polygon
4183033030,190,ri_polygon
4183033031,226,ri_polygon
4183034000,39,emd_point
4183034021,52,ri_polygon
4183034022,589,ri_polygon
4183034023,148,ri_polygon
4183034024,124,ri_polygon
4183035000,35,emd_point
4183035021,43,ri_polygon
4183035022,167,ri_polygon
4183035023,136,ri_polygon
4183035024,200,ri_polygon
4183035025,141,ri_polygon
4183035026,233,ri_polygon
4183035027,157,ri_polygon
4183035028,101,ri_polygon
4183036000,105,emd_point
4183036021,143,ri_polygon
4183036022,173,ri_polygon
4183036023,204,ri_polygon
4183036024,296,ri_polygon
4183036025,146,ri_polygon
4183036026,229,ri_polygon
4183036027,260,ri_polygon
4183036028,421,ri_polygon
4183036029,312,ri_polygon
4183037000,121,emd_point
4183037021,141,ri_polygon
4183037022,212,ri_polygon
4183037023,134,ri_polygon
4183037024,242,ri_polygon
4183037025,361,ri_polygon
4183037026,366,ri_polygon
4183037027,264,ri_polygon
4183037028,223,ri_polygon
4183037029,164,ri_polygon
4183038000,119,emd_point
4183038021,133,ri_polygon
4183038022,173,ri_polygon
4183038023,297,ri_polygon
4183038024,152,ri_polygon
4183038025,309,ri_polygon
4183038026,259,ri_polygon
4183038027,123,ri_polygon
4183038028,338,ri_polygon
4183039500,143,emd_point
4183039521,136,ri_polygon
4183039522,147,ri_polygon
4183039523,119,ri_polygon
4183039524,179,ri_polygon
4183039525,154,ri_polygon
4183039526,150,ri_polygon
4183039527,130,ri_polygon
4183039528,67,ri_polygon
4183039529,82,ri_polygon
4183039530,92,ri_polygon
4183040000,72,emd_point
4183040021,71,ri_polygon
4183040022,116,ri_polygon
4183040023,66,ri_polygon
4183040024,71,ri_polygon
4183040025,229,ri_polygon
4183040026,74,ri_polygon
4183040027,89,ri_polygon
4183040028,200,ri_polygon
4183040029,238,ri_polygon
4183040030,171,ri_polygon
4183040031,119,ri_polygon
4183040032,201,ri_polygon
4183040033,299,ri_polygon
4183041000,42,emd_point
4183041021,35,ri_polygon
4183041022,71,ri_polygon
4183041023,52,ri_polygon
4183041024,41,ri_polygon
4183041025,110,ri_polygon
4183041026,65,ri_polygon
4183041027,61,ri_polygon
4183041028,48,ri_polygon
4183041029,98,ri_polygon
4183041030,73,ri_polygon
4183041031,118,ri_polygon
4183041032,72,ri_polygon
4183041033,84,ri_polygon
4311110100,45,emd_polygon
4311110200,53,emd_polygon
4311110300,53,emd_polygon
4311110400,50,emd_polygon
4311110500,52,emd_polygon
4311110600,53,emd_polygon
4311110700,52,emd_polygon
4311110800,50,emd_polygon
4311110900,49,emd_polygon
4311111000,49,emd_polygon
4311111100,51,emd_polygon
4311111200,114,emd_polygon
4311111700,63,emd_polygon
4311111800,80,emd_polygon
4311111900,55,emd_point
4311112000,75,emd_point
4311112100,104,emd_polygon
4311112200,163,emd_polygon
4311112300,365,emd_polygon
4311112400,97,emd_polygon
4311112500,120,emd_polygon
4311112600,57,emd_polygon
4311112700,51,emd_polygon
4311112800,73,emd_polygon
4311112900,94,emd_polygon
4311113000,205,emd_polygon
4311131000,288,emd_point
4311131021,288,emd_point
4311131022,288,emd_point
4311131023,288,emd_point
4311131024,288,emd_point
4311131025,288,emd_point
4311131026,288,emd_point
4311131027,288,emd_point
4311131028,288,emd_point
4311131029,288,emd_point
4311131030,288,emd_point
4311131031,288,emd_point
4311131032,288,emd_point
4311132000,259,emd_point
4311132021,259,emd_point
4311132022,259,emd_point
4311132023,259,emd_point
4311132024,259,emd_point
4311132025,259,emd_point
4311132026,259,emd_point
4311132027,259,emd_point
4311132028,259,emd_point
4311132029,259,emd_point
4311132030,259,emd_point
4311132031,259,emd_point
4311132032,259,emd_point
4311132033,259,emd_point
4311132034,259,emd_point
4311132035,259,emd_point
4311132036,259,emd_point
4311132037,259,emd_point
4311132038,259,emd_point
4311132039,259,emd_point
4311132040,259,emd_point
4311132041,259,emd_point
4311132042,259,emd_point
4311132043,259,emd_point
4311132044,259,emd_point
4311133000,106,emd_point
4311133021,106,emd_point
4311133022,106,emd_point
4311133023,106,emd_point
4311133024,106,emd_point
4311133025,106,emd_point
4311133026,106,emd_point
4311133027,106,emd_point
4311133028,106,emd_point
4311133029,106,emd_point
4311133030,106,emd_point
4311133031,106,emd_point
4311133032,106,emd_point
4311133033,106,emd_point
4311133034,106,emd_point
4311133035,106,emd_point
4311134000,79,emd_point
4311134021,79,emd_point
4311134022,79,emd_point
4311134023,79,emd_point
4311134024,79,emd_point
4311134025,79,emd_point
4311134026,79,emd_point
4311134027,79,emd_point
4311134028,79,emd_point
4311134029,79,emd_point
4311134030,79,emd_point
4311134031,79,emd_point
4311134032,79,emd_point
4311135000,87,emd_point
4311135021,87,emd_point
4311135022,87,emd_point
4311135023,87,emd_point
4311135024,87,emd_point
4311135025,87,emd_point
4311135026,87,emd_point
4311135027,87,emd_point
4311135028,87,emd_point
4311135029,87,emd_point
4311135030,87,emd_point
4311135031,87,emd_point
4311135032,87,emd_point
4311135033,87,emd_point
4311135034,87,emd_point
4311135035,87,emd_point
4311135036,87,emd_point
4311135037,87,emd_point
4311135038,87,emd_point
4311135039,87,emd_point
4311135040,87,emd_point
4311135041,87,emd_point
4311135042,87,emd_point
4311210100,43,region_point
4311210200,72,emd_point
4311210300,85,emd_point
4311210400,59,emd_point
4311210500,43,region_point
4311210600,57,emd_point
4311210700,43,region_point
4311210800,43,region_point
4311210900,43,region_point
4311211000,43,region_point
4311211100,43,region_point
4311211200,43,region_point
4311231000,96,emd_point
4311231021,96,emd_point
4311231022,96,emd_point
4311231023,96,emd_point
4311231024,96,emd_point
4311231025,96,emd_point
4311231026,96,emd_point
4311231027,96,emd_point
4311231028,96,emd_point
4311231029,96,emd_point
4311231030,96,emd_point
4311231031,96,emd_point
4311231032,96,emd_point
4311231033,96,emd_point
4311231034,96,emd_point
4311231035,96,emd_point
4311231036,96,emd_point
4311231037,96,emd_point
4311231038,96,emd_point
4311231039,96,emd_point
4311231040,96,emd_point
4311232000,64,emd_point
4311232021,64,emd_point
4311232022,64,emd_point
4311232023,64,emd_point
4311232024,64,emd_point
4311232025,64,emd_point
4311232026,64,emd_point
4311232027,64,emd_point
4311232028,64,emd_point
4311232029,64,emd_point
4311232030,64,emd_point
4311232031,64,emd_point
4311232032,64,emd_point
4311232033,64,emd_point
4311232034,64,emd_point
4311310400,48,emd_polygon
4311310500,56,emd_polygon
4311311300,63,emd_point
4311311400,50,emd_polygon
4311311500,72,emd_polygon
4311311600,57,emd_polygon
4311311700,53,emd_polygon
4311311800,58,emd_polygon
4311311900,79,emd_polygon
4311312000,64,emd_polygon
4311312100,58,emd_polygon
4311312200,64,emd_polygon
4311312300,47,emd_polygon
4311312400,61,emd_polygon
4311312500,38,emd_polygon
4311312600,45,emd_polygon
4311312700,32,emd_polygon
4311312800,32,emd_polygon
4311312900,31,emd_polygon
4311313000,62,emd_polygon
4311313100,33,emd_polygon
4311313200,33,emd_polygon
4311313300,52,emd_polygon
4311313400,46,emd_polygon
4311313500,69,emd_polygon
4311313600,59,emd_polygon
4311313700,49,emd_polygon
4311313800,92,emd_polygon
4311313900,42,emd_polygon
4311314000,31,emd_polygon
4311314100,32,emd_polygon
4311325000,23,emd_point
4311325021,23,emd_point
4311325022,23,emd_point
4311325023,23,emd_point
4311325024,23,emd_point
4311325025,23,emd_point
4311325026,23,emd_point
4311325027,23,emd_point
4311325028,23,emd_point
4311325029,23,emd_point
4311325030,23,emd_point
4311325031,23,emd_point
4311325032,23,emd_point
4311325033,23,emd_point
4311331000,39,emd_point
4311331021,39,emd_point
4311331022,39,emd_point
4311331023,39,emd_point
4311331024,39,emd_point
4311331025,39,emd_point
4311331026,39,emd_point
4311331027,39,emd_point
4311331028,39,emd_point
4311331029,39,emd_point
4311331030,39,emd_point
4311331031,39,emd_point
4311331032,39,emd_point
4311331033,39,emd_point
4311331034,39,emd_point
4311331035,39,emd_point
4311332000,31,emd_point
4311332021,31,emd_point
4311332022,31,emd_point
4311332023,31,emd_point
4311332024,31,emd_point
4311332025,31,emd_point
4311332026,31,emd_point
4311332027,31,emd_point
4311332028,31,emd_point
4311332029,31,emd_point
4311332030,31,emd_point
4311332031,31,emd_point
4311332032,31,emd_point
4311332033,31,emd_point
4311332034,31,emd_point
4311332035,31,emd_point
4311410100,46,emd_point
4311410200,46,region_point
4311410300,46,region_point
4311410400,46,region_point
4311410500,46,region_point
4311410600,46,region_point
4311410700,46,region_point
4311410800,46,region_point
4311410900,46,region_point
4311411000,46,region_point
4311411100,46,region_point
4311411200,46,region_point
4311411300,46,region_point
4311425000,57,emd_point
4311425021,57,emd_point
4311425022,57,emd_point
4311425023,57,emd_point
4311425024,57,emd_point
4311425025,57,emd_point
4311425026,57,emd_point
4311425027,57,emd_point
4311425028,57,emd_point
4311425029,57,emd_point
4311425030,57,emd_point
4311425031,57,emd_point
4311425032,57,emd_point
4311425033,57,emd_point
4311425034,57,emd_point
4311425035,57,emd_point
4311425036,57,emd_point
4311425037,57,emd_point
4311425038,57,emd_point
4311425039,57,emd_point
4311425040,57,emd_point
4311425041,57,emd_point
4311425300,50,emd_point
4311425321,50,emd_point
4311425322,50,emd_point
4311425323,50,emd_point
4311425324,50,emd_point
4311425325,50,emd_point
4311425326,50,emd_point
4311425327,50,emd_point
4311425328,50,emd_point
4311425329,50,emd_point
4311425330,50,emd_point
4311425331,50,emd_point
4311425332,50,emd_point
4311425333,50,emd_point
4311425334,50,emd_point
4311425335,50,emd_point
4311425336,50,emd_point
4311425337,50,emd_point
4311425338,50,emd_point
4311425339,50,emd_point
4311425340,50,emd_point
4311425341,50,emd_point
4311425342,50,emd_point
4311425343,50,emd_point
4311425344,50,emd_point
4311425345,50,emd_point
4311425346,50,emd_point
4311425347,50,emd_point
4311425348,50,emd_point
4311425349,50,emd_point
4311425350,50,emd_point
4311425351,50,emd_point
4311425352,50,emd_point
4311425353,50,emd_point
4311425354,50,emd_point
4311431000,50,emd_point
4311431021,50,emd_point
4311431022,50,emd_point
4311431023,50,emd_point
4311431024,50,emd_point
4311431025,50,emd_point
4311431026,50,emd_point
4311431027,50,emd_point
4311431028,50,emd_point
4311431029,50,emd_point
4311431030,50,emd_point
4311431031,50,emd_point
4311431032,50,emd_point
4311431033,50,emd_point
4311431034,50,emd_point
4311431035,50,emd_point
4311431036,50,emd_point
4311431037,50,emd_point
4311431038,50,emd_point
4311431039,50,emd_point
4311431040,50,emd_point
4311431041,50,emd_point
4311431042,50,emd_point
4311431043,50,emd_point
4311431044,50,emd_point
4311431045,50,emd_point
4311431046,50,emd_point
4313010100,96,emd_polygon
4313010200,97,emd_polygon
4313010300,93,emd_polygon
4313010400,89,emd_polygon
4313010500,97,emd_polygon
4313010600,110,emd_point
4313010700,117,emd_polygon
4313010800,240,emd_polygon
4313010900,82,emd_polygon
4313011000,258,emd_polygon
4313011100,131,emd_polygon
4313011200,86,emd_polygon
4313011300,73,emd_polygon
4313011400,77,emd_point
4313011500,78,emd_point
4313011600,76,emd_polygon
4313011800,90,emd_point
4313011900,131,emd_polygon
4313012000,154,emd_polygon
4313012100,306,emd_polygon
4313012200,153,emd_polygon
4313012300,317,emd_polygon
4313012400,85,emd_polygon
4313012500,99,emd_point
4313012700,105,emd_point
4313012800,131,emd_polygon
4313025000,91,emd_point
4313025021,220,ri_polygon
4313025022,93,ri_polygon
4313025023,118,ri_polygon
4313025024,108,ri_polygon
4313025025,84,ri_polygon
4313025026,112,ri_polygon
4313025027,166,ri_polygon
4313025028,103,ri_polygon
4313025029,104,ri_polygon
4313025030,129,ri_polygon
4313025031,106,ri_polygon
4313031000,126,emd_point
4313031021,227,ri_polygon
4313031022,181,ri_polygon
4313031023,303,ri_polygon
4313031024,155,ri_polygon
4313031025,239,ri_polygon
4313031026,142,ri_polygon
4313031027,280,ri_polygon
4313031028,163,ri_polygon
4313031029,157,ri_polygon
4313031030,188,ri_polygon
4313031031,144,ri_polygon
4313031032,119,ri_polygon
4313031033,90,ri_polygon
4313032500,217,emd_point
4313032521,216,ri_polygon
4313032522,229,ri_polygon
4313032523,264,ri_polygon
4313032524,368,ri_polygon
4313032525,369,ri_polygon
4313032526,262,ri_polygon
4313032527,363,ri_polygon
4313032528,161,ri_polygon
4313033500,79,emd_point
4313033521,89,ri_polygon
4313033522,132,ri_polygon
4313033523,182,ri_polygon
4313033524,209,ri_polygon
4313033525,152,ri_polygon
4313033526,231,ri_polygon
4313033527,146,ri_polygon
4313033528,196,ri_polygon
4313033529,146,ri_polygon
4313033530,126,ri_polygon
4313033531,87,ri_polygon
4313033532,142,ri_polygon
4313035000,104,emd_point
4313035021,170,ri_polygon
4313035022,133,ri_polygon
4313035023,122,ri_polygon
4313035024,211,ri_polygon
4313035025,233,ri_polygon
4313035026,219,ri_polygon
4313035027,286,ri_polygon
4313035028,211,ri_polygon
4313035029,236,ri_polygon
4313035030,221,ri_polygon
4313035031,134,ri_polygon
4313035032,154,ri_polygon
4313035033,218,ri_polygon
4313035034,94,ri_polygon
4313036000,136,emd_point
4313036021,213,ri_polygon
4313036022,227,ri_polygon
4313036023,187,ri_polygon
4313036024,221,ri_polygon
4313036025,232,ri_polygon
4313036026,146,ri_polygon
4313036027,193,ri_polygon
4313036028,115,ri_polygon
4313037000,108,emd_point
4313037021,161,ri_polygon
4313037022,123,ri_polygon
4313037023,111,ri_polygon
4313037024,56,ri_polygon
4313037025,128,ri_polygon
4313037026,168,ri_polygon
4313037027,200,ri_polygon
4313037028,159,ri_polygon
4313037029,213,ri_polygon
4313037030,240,ri_polygon
4313037031,254,ri_polygon
4313037032,170,ri_polygon
4313037033,179,ri_polygon
4313037034,129,ri_polygon
4313037035,136,ri_polygon
4313038500,70,emd_point
4313038521,70,emd_point
4313038522,70,emd_point
4313038523,70,emd_point
4313038524,70,emd_point
4313038525,70,emd_point
4313038526,70,emd_point
4313038527,70,emd_point
4313038528,70,emd_point
4313039000,76,emd_point
4313039021,82,ri_polygon
4313039022,79,ri_polygon
4313039023,82,ri_polygon
4313039024,86,ri_polygon
4313039025,82,ri_polygon
4313039026,95,ri_polygon
4313039027,106,ri_polygon
4313039028,77,ri_polygon
4313039029,86,ri_polygon
4313039030,96,ri_polygon
4313040000,74,emd_point
4313040021,146,ri_polygon
4313040022,183,ri_polygon
4313040023,285,ri_polygon
4313040024,291,ri_polygon
4313040025,159,ri_polygon
4313040026,77,ri_polygon
4313040027,121,ri_polygon
4313040028,179,ri_polygon
4313040029,179,ri_polygon
4313040030,166,ri_polygon
4313040031,135,ri_polygon
4313040032,169,ri_polygon
4313040033,142,ri_polygon
4313041000,104,emd_point
4313041021,187,ri_polygon
4313041022,156,ri_polygon
4313041023,161,ri_polygon
4313041024,289,ri_polygon
4313042000,79,emd_point
4313042021,97,ri_polygon
4313042022,70,ri_polygon
4313042023,92,ri_polygon
4313042024,109,ri_polygon
4313042025,73,ri_polygon
4313042026,121,ri_polygon
4313042027,99,ri_polygon
4313042028,120,ri_polygon
4313042029,156,ri_polygon
4313042030,396,ri_polygon
4313042031,247,ri_polygon
4313043000,97,emd_point
4313043021,132,ri_polygon
4313043022,138,ri_polygon
4313043023,289,ri_polygon
4313043024,212,ri_polygon
4313043025,173,ri_polygon
4313043026,114,ri_polygon
4313043027,173,ri_polygon
4313043028,68,ri_polygon
4313043029,133,ri_polygon
4315010100,261,emd_polygon
4315010200,252,emd_polygon
4315010300,247,emd_polygon
4315010400,258,emd_polygon
4315010500,282,emd_point
4315010600,259,emd_polygon
4315010700,262,emd_polygon
4315010800,250,emd_polygon
4315010900,259,emd_point
4315011000,241,emd_polygon
4315011100,288,emd_polygon
4315011200,290,emd_polygon
4315011300,273,emd_point
4315011400,384,emd_polygon
4315011500,274,emd_polygon
4315011600,251,emd_polygon
4315011700,281,emd_polygon
4315011800,394,emd_polygon
4315011900,258,emd_polygon
4315012000,241,emd_point
4315012100,245,emd_polygon
4315012200,278,emd_polygon
4315012300,258,emd_polygon
4315012400,282,emd_polygon
4315012500,236,emd_polygon
4315012600,238,emd_polygon
4315012700,339,emd_polygon
4315012800,268,emd_polygon
4315025000,244,emd_point
4315025021,216,ri_polygon
4315025022,223,ri_polygon
4315025023,388,ri_polygon
4315025024,549,ri_polygon
4315025025,237,ri_polygon
4315025026,474,ri_polygon
4315025027,440,ri_polygon
4315025028,479,ri_polygon
4315025029,309,ri_polygon
4315025030,268,ri_polygon
4315025031,219,ri_polygon
4315025032,308,ri_polygon
4315025033,312,ri_polygon
4315025034,236,ri_polygon
4315025035,312,ri_polygon
4315025036,246,ri_polygon
4315031000,273,emd_point
4315031021,168,ri_polygon
4315031022,289,ri_polygon
4315031023,222,ri_polygon
4315031024,180,ri_polygon
4315031025,316,ri_polygon
4315031026,320,ri_polygon
4315031027,185,ri_polygon
4315031028,181,ri_polygon
4315031029,186,ri_polygon
4315031030,215,ri_polygon
4315031031,215,ri_polygon
4315031032,172,ri_polygon
4315031033,325,ri_polygon
4315031034,196,ri_polygon
4315032000,231,emd_point
4315032021,135,ri_polygon
4315032022,187,ri_polygon
4315032023,135,ri_polygon
4315032024,135,ri_polygon
4315032025,190,ri_polygon
4315032026,265,ri_polygon
4315032027,162,ri_polygon
4315032028,216,ri_polygon
4315032029,245,ri_polygon
4315032030,339,ri_polygon
4315032031,194,ri_polygon
4315032032,198,ri_polygon
4315032033,187,ri_polygon
4315032034,135,ri_polygon
4315032035,183,ri_polygon
4315032036,146,ri_polygon
4315032037,171,ri_polygon
4315032038,135,ri_polygon
4315032039,168,ri_polygon
4315032040,147,ri_polygon
4315032041,186,ri_polygon
4315032042,135,ri_polygon
4315032043,192,ri_polygon
4315032044,138,ri_polygon
4315032045,243,ri_polygon
4315032046,376,ri_polygon
4315032047,370,ri_polygon
4315033000,244,emd_point
4315033021,163,ri_polygon
4315033022,260,ri_polygon
4315033023,308,ri_polygon
4315033024,433,ri_polygon
4315033025,309,ri_polygon
4315033026,283,ri_polygon
4315033027,178,ri_polygon
4315033028,142,ri_polygon
4315033029,132,ri_polygon
4315033030,386,ri_polygon
4315033031,273,ri_polygon
4315033032,186,ri_polygon
4315033033,179,ri_polygon
4315033034,168,ri_polygon
4315033035,139,ri_polygon
4315033036,251,ri_polygon
4315033037,218,ri_polygon
4315033038,312,ri_polygon
4315033039,228,ri_polygon
4315033040,211,ri_polygon
4315033041,377,ri_polygon
4315033042,156,ri_polygon
4315034000,276,emd_point
4315034021,331,ri_polygon
4315034022,369,ri_polygon
4315034023,323,ri_polygon
4315034024,301,ri_polygon
4315034025,436,ri_polygon
4315034026,475,ri_polygon
4315034027,440,ri_polygon
4315035000,221,emd_point
4315035021,199,ri_polygon
4315035022,250,ri_polygon
4315035023,283,ri_polygon
4315035024,135,ri_polygon
4315035025,152,ri_polygon
4315035026,262,ri_polygon
4315035027,188,ri_polygon
4315035028,211,ri_polygon
4315035029,157,ri_polygon
4315035030,376,ri_polygon
4315036000,312,emd_point
4315036021,338,ri_polygon
4315036022,375,ri_polygon
4315036023,440,ri_polygon
4315036024,460,ri_polygon
4315036025,243,ri_polygon
4315036026,319,ri_polygon
4315036027,297,ri_polygon
4315036028,317,ri_polygon
4315036029,260,ri_polygon
4315038000,253,emd_point
4315038021,344,ri_polygon
4315038022,228,ri_polygon
4315038023,282,ri_polygon
4315038024,241,ri_polygon
4315038025,400,ri_polygon
4315038026,325,ri_polygon
4315038027,334,ri_polygon
4315038028,569,ri_polygon
4372025000,155,emd_point
4372025021,159,ri_polygon
4372025022,165,ri_polygon
4372025023,176,ri_polygon
4372025024,187,ri_polygon
4372025025,189,ri_polygon
4372025026,206,ri_polygon
4372025027,175,ri_polygon
4372025028,151,ri_polygon
4372025029,207,ri_polygon
4372025030,171,ri_polygon
4372025031,156,ri_polygon
4372025032,212,ri_polygon
4372025033,204,ri_polygon
4372025034,195,ri_polygon
4372025035,178,ri_polygon
4372025036,299,ri_polygon
4372025037,230,ri_polygon
4372025038,181,ri_polygon
4372025039,160,ri_polygon
4372025040,160,ri_polygon
4372025041,189,ri_polygon
4372025042,161,ri_polygon
4372025043,183,ri_polygon
4372025044,208,ri_polygon
4372025045,243,ri_polygon
4372025046,187,ri_polygon
4372025047,166,ri_polygon
4372025048,184,ri_polygon
4372031500,386,emd_point
4372031521,360,ri_polygon
4372031522,448,ri_polygon
4372031523,365,ri_polygon
4372031524,304,ri_polygon
4372031525,328,ri_polygon
4372031526,335,ri_polygon
4372031527,399,ri_polygon
4372031528,264,ri_polygon
4372031529,485,ri_polygon
4372031530,403,ri_polygon
4372031531,482,ri_polygon
4372032500,160,emd_point
4372032522,206,ri_polygon
4372032523,172,ri_polygon
4372032524,186,ri_polygon
4372032525,175,ri_polygon
4372032526,187,ri_polygon
4372032527,191,ri_polygon
4372032528,282,ri_polygon
4372032529,198,ri_polygon
4372032530,160,emd_point
4372033000,140,emd_point
4372033021,140,ri_polygon
4372033022,181,ri_polygon
4372033023,176,ri_polygon
4372033024,132,ri_polygon
4372033025,195,ri_polygon
4372033026,211,ri_polygon
4372033027,235,ri_polygon
4372033028,150,ri_polygon
4372033029,127,ri_polygon
4372033030,187,ri_polygon
4372033031,157,ri_polygon
4372033032,194,ri_polygon
4372033033,218,ri_polygon
4372033034,211,ri_polygon
4372034000,136,emd_point
4372034021,144,ri_polygon
4372034022,136,ri_polygon
4372034023,168,ri_polygon
4372034024,176,ri_polygon
4372034025,167,ri_polygon
4372034026,155,ri_polygon
4372034027,199,ri_polygon
4372034028,170,ri_polygon
4372034029,164,ri_polygon
4372034030,141,ri_polygon
4372034031,156,ri_polygon
4372034032,183,ri_polygon
4372034033,146,ri_polygon
4372035000,155,emd_point
4372035021,164,ri_polygon
4372035022,180,ri_polygon
4372035023,156,ri_polygon
4372035024,145,ri_polygon
4372035025,153,ri_polygon
4372035026,192,ri_polygon
4372035027,165,ri_polygon
4372035028,150,ri_polygon
4372035029,159,ri_polygon
4372035030,168,ri_polygon
4372035031,241,ri_polygon
4372036000,194,emd_point
4372036021,245,ri_polygon
4372036022,213,ri_polygon
4372036023,190,ri_polygon
4372036024,205,ri_polygon
4372036025,239,ri_polygon
4372036026,281,ri_polygon
4372036027,260,ri_polygon
4372036028,423,ri_polygon
4372036029,164,ri_polygon
4372036030,227,ri_polygon
4372036031,219,ri_polygon
4372036032,260,ri_polygon
4372036033,273,ri_polygon
4372036034,281,ri_polygon
4372036035,289,ri_polygon
4372036036,375,ri_polygon
4372036037,459,ri_polygon
4372037000,80,emd_point
4372037021,116,ri_polygon
4372037022,193,ri_polygon
4372037023,249,ri_polygon
4372037024,71,ri_polygon
4372037025,180,ri_polygon
4372037026,137,ri_polygon
4372037027,71,ri_polygon
4372037028,173,ri_polygon
4372037029,155,ri_polygon
4372037031,111,ri_polygon
4372037032,223,ri_polygon
4372037033,128,ri_polygon
4372037034,70,ri_polygon
4372037035,102,ri_polygon
4372037037,136,ri_polygon
4372037038,127,ri_polygon
4372037039,235,ri_polygon
4372037040,80,emd_point
4372038500,109,emd_point
4372038521,150,ri_polygon
4372038522,222,ri_polygon
4372038523,222,ri_polygon
4372038524,204,ri_polygon
4372038525,394,ri_polygon
4372038526,171,ri_polygon
4372038527,130,ri_polygon
4372038528,275,ri_polygon
4372038529,198,ri_polygon
4372038530,146,ri_polygon
4372038531,174,ri_polygon
4372038532,103,ri_polygon
4372038533,143,ri_polygon
4372038534,85,ri_polygon
4372038535,149,ri_polygon
4372039000,226,emd_point
4372039021,239,ri_polygon
4372039022,290,ri_polygon
4372039023,217,ri_polygon
4372039024,265,ri_polygon
4372039025,286,ri_polygon
4372039026,401,ri_polygon
4372039027,289,ri_polygon
4372039028,309,ri_polygon
4372039029,272,ri_polygon
4372039030,220,ri_polygon
4372039031,242,ri_polygon
4372039032,312,ri_polygon
4372039033,310,ri_polygon
4372039034,265,ri_polygon
4372039035,315,ri_polygon
4372039036,274,ri_polygon
4372039037,332,ri_polygon
4372039038,237,ri_polygon
4372039039,178,ri_polygon
4372039040,281,ri_polygon
4372040000,224,emd_point
4372040021,257,ri_polygon
4372040022,198,ri_polygon
4372040023,266,ri_polygon
4372040024,281,ri_polygon
4372040025,331,ri_polygon
4372040026,279,ri_polygon
4372040027,266,ri_polygon
4372040028,309,ri_polygon
4372040029,244,ri_polygon
4372040030,377,ri_polygon
4372040031,390,ri_polygon
4372040032,283,ri_polygon
4372040033,332,ri_polygon
4372040034,281,ri_polygon
4372040035,274,ri_polygon
4372040036,265,ri_polygon
4372040037,326,ri_polygon
4372040038,249,ri_polygon
4373025000,118,emd_point
4373025021,123,ri_polygon
4373025022,125,ri_polygon
4373025023,118,ri_polygon
4373025024,113,ri_polygon
4373025025,263,ri_polygon
4373025026,125,ri_polygon
4373025027,221,ri_polygon
4373025028,114,ri_polygon
4373025029,138,ri_polygon
4373025030,133,ri_polygon
4373025031,141,ri_polygon
4373025032,152,ri_polygon
4373025033,128,ri_polygon
4373025034,123,ri_polygon
4373025035,120,ri_polygon
4373025036,95,ri_polygon
4373025037,110,ri_polygon
4373025038,122,ri_polygon
4373025039,95,ri_polygon
4373025040,139,ri_polygon
4373025041,143,ri_polygon
4373031000,104,emd_point
4373031021,133,ri_polygon
4373031022,131,ri_polygon
4373031023,99,ri_polygon
4373031024,96,ri_polygon
4373031025,239,ri_polygon
4373031026,221,ri_polygon
4373031027,145,ri_polygon
4373031028,130,ri_polygon
4373031029,114,ri_polygon
4373031030,151,ri_polygon
4373032000,80,emd_point
4373032021,290,ri_polygon
4373032022,94,ri_polygon
4373032023,150,ri_polygon
4373032024,121,ri_polygon
4373032025,95,ri_polygon
4373032026,191,ri_polygon
4373032027,180,ri_polygon
4373033000,84,emd_point
4373033021,107,ri_polygon
4373033022,195,ri_polygon
4373033023,126,ri_polygon
4373033024,313,ri_polygon
4373033025,136,ri_polygon
4373033026,186,ri_polygon
4373033027,109,ri_polygon
4373033028,176,ri_polygon
4373033029,247,ri_polygon
4373033030,105,ri_polygon
4373033031,153,ri_polygon
4373033032,257,ri_polygon
4373033033,199,ri_polygon
4373034000,107,emd_point
4373034021,125,ri_polygon
4373034022,299,ri_polygon
4373034023,162,ri_polygon
4373034024,116,ri_polygon
4373034025,175,ri_polygon
4373034026,188,ri_polygon
4373034027,246,ri_polygon
4373034028,218,ri_polygon
4373034029,112,ri_polygon
4373034030,131,ri_polygon
4373034031,124,ri_polygon
4373034032,151,ri_polygon
4373034033,187,ri_polygon
4373034034,195,ri_polygon
4373034035,214,ri_polygon
4373034036,233,ri_polygon
4373034037,232,ri_polygon
4373035000,112,emd_point
4373035021,108,ri_polygon
4373035022,162,ri_polygon
4373035023,213,ri_polygon
4373035024,162,ri_polygon
4373035025,109,ri_polygon
4373035026,180,ri_polygon
4373035027,134,ri_polygon
4373035028,199,ri_polygon
4373035029,121,ri_polygon
4373035030,124,ri_polygon
4373035031,180,ri_polygon
4373035032,147,ri_polygon
4373035033,128,ri_polygon
4373035034,176,ri_polygon
4373035035,388,ri_polygon
4373035036,253,ri_polygon
4373035037,140,ri_polygon
4373035038,159,ri_polygon
4373036000,118,emd_point
4373036021,124,ri_polygon
4373036022,167,ri_polygon
4373036023,182,ri_polygon
4373036024,141,ri_polygon
4373036025,189,ri_polygon
4373036026,282,ri_polygon
4373036027,210,ri_polygon
4373036028,209,ri_polygon
4373036029,194,ri_polygon
4373036030,187,ri_polygon
4373036031,145,ri_polygon
4373036032,201,ri_polygon
4373036033,125,ri_polygon
4373036034,214,ri_polygon
4373036035,161,ri_polygon
4373037000,122,emd_point
4373037021,121,ri_polygon
4373037022,192,ri_polygon
4373037023,154,ri_polygon
4373037024,145,ri_polygon
4373037025,125,ri_polygon
4373037026,233,ri_polygon
4373037027,144,ri_polygon
4373037028,114,ri_polygon
4373037029,126,ri_polygon
4373037030,99,ri_polygon
4373038000,89,emd_point
4373038021,146,ri_polygon
4373038022,157,ri_polygon
4373038023,136,ri_polygon
4373038024,158,ri_polygon
4373038025,70,ri_polygon
4373038026,157,ri_polygon
4373038027,119,ri_polygon
4373038028,93,ri_polygon
4373038029,70,ri_polygon
4373038031,166,ri_polygon
4373038032,84,ri_polygon
4373038033,159,ri_polygon
4373038034,260,ri_polygon
4373038035,118,ri_polygon
4374025000,132,emd_point
4374025021,131,ri_polygon
4374025022,175,ri_polygon
4374025023,142,ri_polygon
4374025024,236,ri_polygon
4374025025,372,ri_polygon
4374025026,248,ri_polygon
4374025027,163,ri_polygon
4374025028,179,ri_polygon
4374025029,142,ri_polygon
4374025030,122,ri_polygon
4374025031,180,ri_polygon
4374025032,226,ri_polygon
4374025033,229,ri_polygon
4374025034,219,ri_polygon
4374025035,261,ri_polygon
4374025036,276,ri_polygon
4374031000,155,emd_point
4374031021,181,ri_polygon
4374031022,173,ri_polygon
4374031023,210,ri_polygon
4374031024,196,ri_polygon
4374031025,200,ri_polygon
4374031026,135,ri_polygon
4374031027,135,ri_polygon
4374031028,265,ri_polygon
4374031029,141,ri_polygon
4374031030,182,ri_polygon
4374031031,205,ri_polygon
4374031032,256,ri_polygon
4374031033,207,ri_polygon
4374031034,200,ri_polygon
4374031035,290,ri_polygon
4374031036,177,ri_polygon
4374031037,156,ri_polygon
4374031038,149,ri_polygon
4374031039,162,ri_polygon
4374032000,166,emd_point
4374032021,205,ri_polygon
4374032022,330,ri_polygon
4374032023,218,ri_polygon
4374032024,285,ri_polygon
4374032025,231,ri_polygon
4374032026,247,ri_polygon
4374032027,179,ri_polygon
4374032028,271,ri_polygon
4374032029,179,ri_polygon
4374032030,193,ri_polygon
4374032031,334,ri_polygon
4374032032,209,ri_polygon
4374032033,272,ri_polygon
4374032034,221,ri_polygon
4374033500,222,emd_point
4374033521,239,ri_polygon
4374033522,403,ri_polygon
4374033523,246,ri_polygon
4374033524,225,ri_polygon
4374033525,273,ri_polygon
4374033526,282,ri_polygon
4374033527,354,ri_polygon
4374033528,393,ri_polygon
4374033529,255,ri_polygon
4374034000,185,emd_point
4374034021,277,ri_polygon
4374034023,194,ri_polygon
4374034024,271,ri_polygon
4374034025,220,ri_polygon
4374034026,379,ri_polygon
4374034027,197,ri_polygon
4374034028,552,ri_polygon
4374034029,352,ri_polygon
4374035000,265,emd_point
4374035021,271,ri_polygon
4374035022,260,ri_polygon
4374035023,334,ri_polygon
4374035024,436,ri_polygon
4374035025,625,ri_polygon
4374035026,618,ri_polygon
4374035027,506,ri_polygon
4374035028,424,ri_polygon
4374035029,550,ri_polygon
4374035030,576,ri_polygon
4374035031,322,ri_polygon
4374036000,156,emd_point
4374036021,153,ri_polygon
4374036022,182,ri_polygon
4374036023,146,ri_polygon
4374036024,370,ri_polygon
4374036025,287,ri_polygon
4374036026,291,ri_polygon
4374036027,270,ri_polygon
4374036028,179,ri_polygon
4374036029,241,ri_polygon
4374036030,123,ri_polygon
4374036031,194,ri_polygon
4374036032,116,ri_polygon
4374036033,235,ri_polygon
4374036034,172,ri_polygon
4374037000,319,emd_point
4374037021,363,ri_polygon
4374037022,560,ri_polygon
4374037023,440,ri_polygon
4374037024,432,ri_polygon
4374037025,382,ri_polygon
4374037026,336,ri_polygon
4374037027,442,ri_polygon
4374038000,142,emd_point
4374038021,203,ri_polygon
4374038022,180,ri_polygon
4374038023,239,ri_polygon
4374038024,279,ri_polygon
4374038025,212,ri_polygon
4374038026,283,ri_polygon
4374038027,158,ri_polygon
4374038028,171,ri_polygon
4374038029,180,ri_polygon
4374038030,219,ri_polygon
4374039000,129,emd_point
4374039021,140,ri_polygon
4374039022,119,ri_polygon
4374039023,152,ri_polygon
4374039024,301,ri_polygon
4374039025,120,ri_polygon
4374039026,130,ri_polygon
4374039027,162,ri_polygon
4374039028,349,ri_polygon
4374039029,168,ri_polygon
4374040000,114,emd_point
4374040021,131,ri_polygon
4374040022,172,ri_polygon
4374040023,245,ri_polygon
4374040024,109,ri_polygon
4374040025,135,ri_polygon
4374040026,94,ri_polygon
4374040027,249,ri_polygon
4374040028,190,ri_polygon
4374040029,147,ri_polygon
4374040030,147,ri_polygon
4374040031,175,ri_polygon
4374040032,162,ri_polygon
4374040033,104,ri_polygon
4374040034,147,ri_polygon
4374525000,65,emd_point
4374525021,76,ri_polygon
4374525022,65,ri_polygon
4374525023,63,ri_polygon
4374525024,64,ri_polygon
4374525025,67,ri_polygon
4374525026,57,ri_polygon
4374525027,61,ri_polygon
4374525028,63,ri_polygon
4374525029,105,ri_polygon
4374525030,67,ri_polygon
4374525031,100,ri_polygon
4374525032,73,ri_polygon
4374525033,91,ri_polygon
4374525034,68,ri_polygon
4374525035,88,ri_polygon
4374525036,105,ri_polygon
4374525037,156,ri_polygon
4374525038,233,ri_polygon
4374525039,107,ri_polygon
4374525040,100,ri_polygon
4374531000,68,emd_point
4374531021,98,ri_polygon
4374531022,108,ri_polygon
4374531023,178,ri_polygon
4374531024,100,ri_polygon
4374531025,88,ri_polygon
4374531026,85,ri_polygon
4374531027,143,ri_polygon
4375025000,77,emd_point
4375025021,162,ri_polygon
4375025022,67,ri_polygon
4375025023,145,ri_polygon
4375025024,68,ri_polygon
4375025025,68,ri_polygon
4375025026,74,ri_polygon
4375025027,132,ri_polygon
4375025028,96,ri_polygon
4375025029,111,ri_polygon
4375025030,230,ri_polygon
4375025031,139,ri_polygon
4375025032,166,ri_polygon
4375025033,255,ri_polygon
4375025034,166,ri_polygon
4375025035,256,ri_polygon
4375025036,61,ri_polygon
4375025037,68,ri_polygon
4375025038,64,ri_polygon
4375025039,58,ri_polygon
4375025040,63,ri_polygon
4375025300,69,emd_point
4375025321,69,emd_point
4375025322,69,emd_point
4375025323,69,emd_point
4375025324,69,emd_point
4375025325,69,emd_point
4375025326,69,emd_point
4375025327,69,emd_point
4375025328,69,emd_point
4375025329,69,emd_point
4375025330,69,emd_point
4375025331,69,emd_point
4375025332,69,emd_point
4375032000,88,emd_point
4375032021,211,ri_polygon
4375032022,113,ri_polygon
4375032023,63,ri_polygon
4375032024,100,ri_polygon
4375032025,89,ri_polygon
4375032026,77,ri_polygon
4375032027,91,ri_polygon
4375032028,60,ri_polygon
4375032029,87,ri_polygon
4375032030,68,ri_polygon
4375032031,64,ri_polygon
4375032032,59,ri_polygon
4375033000,85,emd_point
4375033021,89,ri_polygon
4375033022,84,ri_polygon
4375033023,57,ri_polygon
4375033025,156,ri_polygon
4375033026,143,ri_polygon
4375033027,183,ri_polygon
4375033028,78,ri_polygon
4375033029,67,ri_polygon
4375033030,141,ri_polygon
4375033031,94,ri_polygon
4375033032,85,emd_point
4375034000,106,emd_point
4375034021,169,ri_polygon
4375034022,135,ri_polygon
4375034023,227,ri_polygon
4375034024,307,ri_polygon
4375034025,183,ri_polygon
4375034026,181,ri_polygon
4375034027,215,ri_polygon
4375034028,187,ri_polygon
4375034029,126,ri_polygon
4375035000,75,emd_point
4375035021,94,ri_polygon
4375035022,84,ri_polygon
4375035023,123,ri_polygon
4375035024,77,ri_polygon
4375035025,131,ri_polygon
4375035026,70,ri_polygon
4375035027,76,ri_polygon
4375035028,86,ri_polygon
4375035029,91,ri_polygon
4375035030,241,ri_polygon
4375035031,75,ri_polygon
4375035032,72,ri_polygon
4375037000,102,emd_point
4375037021,103,ri_polygon
4375037022,87,ri_polygon
4375037023,152,ri_polygon
4375037024,113,ri_polygon
4375037025,235,ri_polygon
4375037026,152,ri_polygon
4375037027,107,ri_polygon
4376025000,117,emd_point
4376025021,156,ri_polygon
4376025022,149,ri_polygon
4376025023,164,ri_polygon
4376025024,135,ri_polygon
4376025025,163,ri_polygon
4376025026,116,ri_polygon
4376025027,111,ri_polygon
4376025028,128,ri_polygon
4376025029,130,ri_polygon
4376025030,122,ri_polygon
4376025031,128,ri_polygon
4376031000,131,emd_point
4376031021,136,ri_polygon
4376031022,129,ri_polygon
4376031023,118,ri_polygon
4376031024,240,ri_polygon
4376031025,167,ri_polygon
4376031026,119,ri_polygon
4376031027,327,ri_polygon
4376032000,223,emd_point
4376032021,192,ri_polygon
4376032022,137,ri_polygon
4376032023,227,ri_polygon
4376032024,109,ri_polygon
4376032025,148,ri_polygon
4376032026,312,ri_polygon
4376032028,233,ri_polygon
4376033000,313,emd_point
4376033021,241,ri_polygon
4376033022,312,ri_polygon
4376033023,430,ri_polygon
4376033024,406,ri_polygon
4376033025,431,ri_polygon
4376033026,346,ri_polygon
4376033027,314,ri_polygon
4376033028,195,ri_polygon
4376033029,444,ri_polygon
4376034000,122,emd_point
4376034021,120,ri_polygon
4376034022,135,ri_polygon
4376034023,178,ri_polygon
4376034024,474,ri_polygon
4376034025,177,ri_polygon
4376034026,149,ri_polygon
4376034027,290,ri_polygon
4376034028,122,ri_polygon
4376034029,141,ri_polygon
4376034030,146,ri_polygon
4376034031,207,ri_polygon
4376034032,342,ri_polygon
4376035000,129,emd_point
4376035021,144,ri_polygon
4376035022,129,ri_polygon
4376035023,232,ri_polygon
4376035024,156,ri_polygon
4376035025,159,ri_polygon
4376035026,200,ri_polygon
4376035027,259,ri_polygon
4376035028,330,ri_polygon
4376035029,176,ri_polygon
4376035030,182,ri_polygon
4376036000,175,emd_point
4376036021,257,ri_polygon
4376036022,347,ri_polygon
4376036023,250,ri_polygon
4376036024,179,ri_polygon
4376036025,216,ri_polygon
4376036026,259,ri_polygon
4376036027,228,ri_polygon
4376036028,213,ri_polygon
4376036029,349,ri_polygon
4376036030,211,ri_polygon
4376036031,156,ri_polygon
4376036032,298,ri_polygon
4376036033,272,ri_polygon
4376036034,279,ri_polygon
4376036035,248,ri_polygon
4376036036,207,ri_polygon
4376036037,344,ri_polygon
4376036038,167,ri_polygon
4376036039,244,ri_polygon
4376036040,146,ri_polygon
4376036041,223,ri_polygon
4376036042,196,ri_polygon
4376036043,228,ri_polygon
4376036044,220,ri_polygon
4376036045,222,ri_polygon
4376036046,298,ri_polygon
4376036047,365,ri_polygon
4376036048,296,ri_polygon
4376036049,338,ri_polygon
4376036050,396,ri_polygon
4376036051,469,ri_polygon
4376037000,80,emd_point
4376037021,98,ri_polygon
4376037022,85,ri_polygon
4376037023,166,ri_polygon
4376037024,162,ri_polygon
4376037025,132,ri_polygon
4376037026,71,ri_polygon
4376037027,285,ri_polygon
4376037028,322,ri_polygon
4376037029,267,ri_polygon
4376037030,213,ri_polygon
4376037031,283,ri_polygon
4376039000,89,emd_point
4376039021,120,ri_polygon
4376039022,150,ri_polygon
4376039023,163,ri_polygon
4376039024,78,ri_polygon
4376039025,104,ri_polygon
4376039026,238,ri_polygon
4376039027,188,ri_polygon
4376039028,194,ri_polygon
4376040000,157,emd_point
4376040021,198,ri_polygon
4376040022,186,ri_polygon
4376040023,150,ri_polygon
4376040024,194,ri_polygon
4376040025,291,ri_polygon
4376040026,235,ri_polygon
4376040027,228,ri_polygon
4376040028,187,ri_polygon
4376041000,92,emd_point
4376041021,146,ri_polygon
4376041022,294,ri_polygon
4376041023,125,ri_polygon
4376041024,146,ri_polygon
4376041025,270,ri_polygon
4376041026,168,ri_polygon
4376041027,204,ri_polygon
4376041028,244,ri_polygon
4376041029,217,ri_polygon
4376041030,162,ri_polygon
4376041031,118,ri_polygon
4376041032,119,ri_polygon
4377025000,148,emd_point
4377025021,155,ri_polygon
4377025022,131,ri_polygon
4377025023,129,ri_polygon
4377025024,188,ri_polygon
4377025025,211,ri_polygon
4377025026,200,ri_polygon
4377025027,321,ri_polygon
4377025028,179,ri_polygon
4377025029,165,ri_polygon
4377025030,248,ri_polygon
4377025031,321,ri_polygon
4377025032,142,ri_polygon
4377025300,106,emd_point
4377025321,106,ri_polygon
4377025322,121,ri_polygon
4377025323,100,ri_polygon
4377025324,205,ri_polygon
4377025325,221,ri_polygon
4377025326,127,ri_polygon
4377025327,156,ri_polygon
4377025328,111,ri_polygon
4377025329,115,ri_polygon
4377025330,95,ri_polygon
4377025331,103,ri_polygon
4377025332,113,ri_polygon
4377025333,116,ri_polygon
4377025334,104,ri_polygon
4377025335,131,ri_polygon
4377025336,89,ri_polygon
4377025337,107,ri_polygon
4377025338,110,ri_polygon
4377025339,139,ri_polygon
4377025340,125,ri_polygon
4377025341,107,ri_polygon
4377025342,103,ri_polygon
4377025600,86,emd_point
4377025621,86,emd_point
4377025622,86,emd_point
4377025623,86,emd_point
4377025624,86,emd_point
4377025625,86,emd_point
4377025626,86,emd_point
4377025627,86,emd_point
4377025628,86,emd_point
4377025629,86,emd_point
4377025630,86,emd_point
4377025631,86,emd_point
4377025632,86,emd_point
4377031000,114,emd_point
4377031021,128,ri_polygon
4377031022,170,ri_polygon
4377031023,137,ri_polygon
4377031024,112,ri_polygon
4377031025,160,ri_polygon
4377031026,153,ri_polygon
4377031027,155,ri_polygon
4377031028,209,ri_polygon
4377031029,180,ri_polygon
4377032000,155,emd_point
4377032021,159,ri_polygon
4377032022,170,ri_polygon
4377032023,182,ri_polygon
4377032024,184,ri_polygon
4377032025,215,ri_polygon
4377032026,193,ri_polygon
4377032027,204,ri_polygon
4377032028,231,ri_polygon
4377032029,215,ri_polygon
4377032030,122,ri_polygon
4377032031,121,ri_polygon
4377032032,142,ri_polygon
4377032033,202,ri_polygon
4377033000,99,emd_point
4377033021,98,ri_polygon
4377033022,145,ri_polygon
4377033023,108,ri_polygon
4377033024,85,ri_polygon
4377033025,75,ri_polygon
4377033026,94,ri_polygon
4377033027,86,ri_polygon
4377033028,89,ri_polygon
4377033029,182,ri_polygon
4377033030,146,ri_polygon
4377033031,99,emd_point
4377035000,98,emd_point
4377035021,109,ri_polygon
4377035022,116,ri_polygon
4377035023,159,ri_polygon
4377035024,118,ri_polygon
4377035025,112,ri_polygon
4377035026,94,ri_polygon
4377035027,84,ri_polygon
4377035028,95,ri_polygon
4377035029,114,ri_polygon
4377035030,134,ri_polygon
4377035031,95,ri_polygon
4377035032,148,ri_polygon
4377036000,90,emd_point
4377036021,98,ri_polygon
4377036022,181,ri_polygon
4377036023,126,ri_polygon
4377036024,107,ri_polygon
4377036025,91,ri_polygon
4377036026,115,ri_polygon
4377036027,111,ri_polygon
4377036028,121,ri_polygon
4377036029,99,ri_polygon
4377036030,216,ri_polygon
4377036031,167,ri_polygon
4377036032,241,ri_polygon
4377037000,76,emd_point
4377037021,83,ri_polygon
4377037022,79,ri_polygon
4377037023,82,ri_polygon
4377037024,122,ri_polygon
4377037025,163,ri_polygon
4377037026,126,ri_polygon
4377037027,278,ri_polygon
4377037028,166,ri_polygon
4377037029,94,ri_polygon
4377037030,101,ri_polygon
4377037031,92,ri_polygon
4377037032,98,ri_polygon
4380025000,157,emd_point
4380025021,141,ri_polygon
4380025022,215,ri_polygon
4380025023,440,ri_polygon
4380025024,132,ri_polygon
4380025025,203,ri_polygon
4380025026,163,ri_polygon
4380025027,260,ri_polygon
4380025028,291,ri_polygon
4380025029,298,ri_polygon
4380025030,441,ri_polygon
4380025031,275,ri_polygon
4380025032,707,ri_polygon
4380025033,699,ri_polygon
4380025034,877,ri_polygon
4380025035,219,ri_polygon
4380025036,205,ri_polygon
4380025037,161,ri_polygon
4380025300,159,emd_point
4380025321,148,ri_polygon
4380025322,228,ri_polygon
4380025324,196,ri_polygon
4380025325,294,ri_polygon
4380025326,164,ri_polygon
4380025327,165,ri_polygon
4380025328,191,ri_polygon
4380025329,231,ri_polygon
4380025330,220,ri_polygon
4380025331,260,ri_polygon
4380025332,188,ri_polygon
4380025333,259,ri_polygon
4380025334,250,ri_polygon
4380025335,296,ri_polygon
4380025336,159,emd_point
4380031000,191,emd_point
4380031021,352,ri_polygon
4380031023,309,ri_polygon
4380031024,485,ri_polygon
4380031033,272,ri_polygon
4380031034,220,ri_polygon
4380031035,361,ri_polygon
4380031036,419,ri_polygon
4380031037,341,ri_polygon
4380031038,535,ri_polygon
4380031039,323,ri_polygon
4380031040,424,ri_polygon
4380031041,376,ri_polygon
4380031042,578,ri_polygon
4380031043,702,ri_polygon
4380031044,661,ri_polygon
4380031045,712,ri_polygon
4380031046,514,ri_polygon
4380031047,751,ri_polygon
4380031048,706,ri_polygon
4380032000,204,emd_point
4380032021,385,ri_polygon
4380032022,187,ri_polygon
4380032023,297,ri_polygon
4380032024,247,ri_polygon
4380032025,362,ri_polygon
4380032026,629,ri_polygon
4380032027,410,ri_polygon
4380032028,520,ri_polygon
4380033000,200,emd_point
4380033021,344,ri_polygon
4380033022,189,ri_polygon
4380033023,374,ri_polygon
4380033024,407,ri_polygon
4380033025,472,ri_polygon
4380033026,691,ri_polygon
4380033027,395,ri_polygon
4380033028,406,ri_polygon
4380033029,354,ri_polygon
4380033030,280,ri_polygon
4380033031,323,ri_polygon
4380033032,337,ri_polygon
4380033033,281,ri_polygon
4380033034,361,ri_polygon
4380034000,232,emd_point
4380034021,278,ri_polygon
4380034022,300,ri_polygon
4380034023,355,ri_polygon
4380034024,362,ri_polygon
4380034025,219,ri_polygon
4380034026,247,ri_polygon
4380034027,172,ri_polygon
4380034028,267,ri_polygon
4380035000,189,emd_point
4380035021,323,ri_polygon
4380035022,175,ri_polygon
4380035023,294,ri_polygon
4380035024,339,ri_polygon
4380035025,361,ri_polygon
4380035026,202,ri_polygon
4380035027,356,ri_polygon
4380035028,283,ri_polygon
4380035029,261,ri_polygon
4380035030,278,ri_polygon
4380035031,322,ri_polygon
4380035032,317,ri_polygon
4380035033,303,ri_polygon
4380036000,210,emd_point
4380036021,309,ri_polygon
4380036022,149,ri_polygon
4380036023,147,ri_polygon
4380036024,299,ri_polygon
4380036025,274,ri_polygon
4380036026,193,ri_polygon
4380036027,194,ri_polygon
4380036028,248,ri_polygon
4380036029,413,ri_polygon
4380036030,491,ri_polygon
4380036031,453,ri_polygon
4380036032,440,ri_polygon
4380036033,349,ri_polygon
4380036034,416,ri_polygon
4413110100,41,emd_polygon
4413110200,48,emd_polygon
4413110300,46,emd_polygon
4413110400,32,emd_polygon
4413110500,34,emd_polygon
4413110600,46,emd_polygon
4413110700,40,emd_polygon
4413110800,131,emd_polygon
4413110900,61,emd_polygon
4413111000,66,emd_polygon
4413111100,53,emd_polygon
4413111200,85,emd_polygon
4413111300,33,emd_point
4413111400,41,emd_polygon
4413111500,24,emd_polygon
4413111600,22,emd_point
4413111700,51,emd_polygon
4413111800,50,emd_polygon
4413111900,204,emd_polygon
4413112000,61,emd_polygon
4413125000,72,emd_point
4413125021,108,ri_polygon
4413125022,128,ri_polygon
4413125023,235,ri_polygon
4413125024,184,ri_polygon
4413125025,273,ri_polygon
4413125026,238,ri_polygon
4413125027,191,ri_polygon
4413125028,72,ri_polygon
4413125029,97,ri_polygon
4413125030,107,ri_polygon
4413125031,174,ri_polygon
4413125032,115,ri_polygon
4413125033,103,ri_polygon
4413125034,88,ri_polygon
4413125035,92,ri_polygon
4413125036,65,ri_polygon
4413125037,102,ri_polygon
4413125038,71,ri_polygon
4413131000,38,emd_point
4413131021,41,ri_polygon
4413131022,56,ri_polygon
4413131023,69,ri_polygon
4413131024,42,ri_polygon
4413131025,27,ri_polygon
4413131026,41,ri_polygon
4413131027,61,ri_polygon
4413131028,53,ri_polygon
4413132000,68,emd_point
4413132021,153,ri_polygon
4413132022,156,ri_polygon
4413132023,107,ri_polygon
4413132024,163,ri_polygon
4413132025,158,ri_polygon
4413132026,50,ri_polygon
4413132027,88,ri_polygon
4413132028,143,ri_polygon
4413132029,93,ri_polygon
4413132030,76,ri_polygon
4413132031,112,ri_polygon
4413133000,104,emd_point
4413133021,71,ri_polygon
4413133022,76,ri_polygon
4413133023,144,ri_polygon
4413133024,75,ri_polygon
4413133025,144,ri_polygon
4413133026,236,ri_polygon
4413133027,132,ri_polygon
4413133028,118,ri_polygon
4413133029,149,ri_polygon
4413133030,196,ri_polygon
4413133031,235,ri_polygon
4413133032,218,ri_polygon
4413133033,202,ri_polygon
4413134000,64,emd_point
4413134021,99,ri_polygon
4413134022,103,ri_polygon
4413134023,88,ri_polygon
4413134024,124,ri_polygon
4413134025,91,ri_polygon
4413134026,89,ri_polygon
4413134027,81,ri_polygon
4413134028,82,ri_polygon
4413134029,87,ri_polygon
4413135000,53,emd_point
4413135021,61,ri_polygon
4413135022,58,ri_polygon
4413135023,80,ri_polygon
4413135024,96,ri_polygon
4413135025,135,ri_polygon
4413135026,57,ri_polygon
4413136000,59,emd_point
4413136021,88,ri_polygon
4413136022,109,ri_polygon
4413136023,69,ri_polygon
4413136024,106,ri_polygon
4413136025,222,ri_polygon
4413136026,182,ri_polygon
4413136027,166,ri_polygon
4413136028,78,ri_polygon
4413136029,51,ri_polygon
4413137000,86,emd_point
4413137021,86,ri_polygon
4413137022,140,ri_polygon
4413137023,98,ri_polygon
4413137024,167,ri_polygon
4413137025,157,ri_polygon
4413137026,142,ri_polygon
4413137027,177,ri_polygon
4413137028,166,ri_polygon
4413137029,165,ri_polygon
4413137030,150,ri_polygon
4413137031,116,ri_polygon
4413310100,35,emd_polygon
4413310200,52,emd_polygon
4413310300,73,emd_point
4413310400,56,emd_polygon
4413310500,44,emd_polygon
4413310600,47,emd_polygon
4413310700,45,emd_polygon
4413310800,34,emd_polygon
4413310900,44,emd_polygon
4413311000,43,emd_polygon
4413311100,60,emd_polygon
4413325000,44,emd_point
4413325021,17,ri_polygon
4413325022,41,ri_polygon
4413325023,48,ri_polygon
4413325024,40,ri_polygon
4413325025,35,ri_polygon
4413325026,34,ri_polygon
4413325027,37,ri_polygon
4413325028,27,ri_polygon
4413325029,27,ri_polygon
4413325030,11,ri_polygon
4413325031,8,ri_polygon
4413325032,25,ri_polygon
4413325033,32,ri_polygon
4413325034,25,ri_polygon
4413325035,25,ri_polygon
4413325036,12,ri_polygon
4413325037,13,ri_polygon
4413325038,29,ri_polygon
4413325300,58,emd_point
4413325321,63,ri_polygon
4413325322,117,ri_polygon
4413325323,51,ri_polygon
4413325324,44,ri_polygon
4413325325,49,ri_polygon
4413325326,43,ri_polygon
4413325327,29,ri_polygon
4413325328,33,ri_polygon
4413325329,78,ri_polygon
4413325330,48,ri_polygon
4413325331,65,ri_polygon
4413325332,52,ri_polygon
4413325333,38,ri_polygon
4413325600,32,emd_point
4413325621,48,ri_polygon
4413325622,36,ri_polygon
4413325623,71,ri_polygon
4413325624,43,ri_polygon
4413325625,33,ri_polygon
4413325626,31,ri_polygon
4413325627,25,ri_polygon
4413325628,45,ri_polygon
4413325629,62,ri_polygon
4413325630,43,ri_polygon
4413325631,35,ri_polygon
4413325632,47,ri_polygon
4413325633,49,ri_polygon
4413325634,48,ri_polygon
4413331000,37,emd_point
4413331021,36,ri_polygon
4413331022,40,ri_polygon
4413331023,73,ri_polygon
4413331024,217,ri_polygon
4413331025,133,ri_polygon
4413331026,53,ri_polygon
4413331027,119,ri_polygon
4413331028,77,ri_polygon
4413331029,39,ri_polygon
4413331030,38,ri_polygon
4413331031,26,ri_polygon
4413331032,39,ri_polygon
4413331033,36,ri_polygon
4413331034,38,ri_polygon
4413331035,28,ri_polygon
4413331036,46,ri_polygon
4413331037,34,ri_polygon
4413331038,51,ri_polygon
4415010100,59,emd_polygon
4415010200,37,emd_polygon
4415010300,28,emd_point
4415010400,28,emd_polygon
4415010500,23,emd_polygon
4415010600,27,emd_polygon
4415010700,23,emd_point
4415010800,22,emd_polygon
4415010900,92,emd_point
4415011000,58,emd_point
4415011100,56,emd_polygon
4415011200,63,emd_polygon
4415011300,42,emd_polygon
4415011400,61,emd_polygon
4415011500,30,emd_polygon
4415011600,33,emd_polygon
4415011700,122,emd_polygon
4415011800,53,emd_polygon
4415011900,39,emd_point
4415012000,24,emd_point
4415012100,17,emd_polygon
4415012200,17,emd_polygon
4415012300,34,emd_polygon
4415012400,46,emd_polygon
4415012500,90,emd_polygon
4415012600,36,emd_polygon
4415012700,89,emd_polygon
4415025000,61,emd_point
4415025021,104,ri_polygon
4415025022,205,ri_polygon
4415025023,67,ri_polygon
4415025024,91,ri_polygon
4415025025,120,ri_polygon
4415025026,69,ri_polygon
4415025027,129,ri_polygon
4415025028,108,ri_polygon
4415025029,141,ri_polygon
4415025030,230,ri_polygon
4415025031,317,ri_polygon
4415025032,305,ri_polygon
4415025033,248,ri_polygon
4415025034,141,ri_polygon
4415025035,208,ri_polygon
4415025036,298,ri_polygon
4415025037,360,ri_polygon
4415025038,65,ri_polygon
4415031000,48,emd_point
4415031021,49,ri_polygon
4415031022,12,ri_polygon
4415031023,48,ri_polygon
4415031024,51,ri_polygon
4415031025,67,ri_polygon
4415031026,50,ri_polygon
4415031027,101,ri_polygon
4415031028,79,ri_polygon
4415031029,65,ri_polygon
4415031030,59,ri_polygon
4415031031,115,ri_polygon
4415031032,90,ri_polygon
4415031033,57,ri_polygon
4415031034,100,ri_polygon
4415031035,71,ri_polygon
4415031036,52,ri_polygon
4415031037,52,ri_polygon
4415032000,84,emd_point
4415032021,56,ri_polygon
4415032022,45,ri_polygon
4415032023,19,ri_polygon
4415032024,42,ri_polygon
4415032025,69,ri_polygon
4415032026,22,ri_polygon
4415032027,62,ri_polygon
4415032028,51,ri_polygon
4415032029,54,ri_polygon
4415032030,24,ri_polygon
4415032031,52,ri_polygon
4415032032,10,ri_polygon
4415032033,27,ri_polygon
4415032034,53,ri_polygon
4415032035,50,ri_polygon
4415032036,55,ri_polygon
4415032037,87,ri_polygon
4415033000,55,emd_point
4415033021,126,ri_polygon
4415033022,88,ri_polygon
4415033023,112,ri_polygon
4415033024,50,ri_polygon
4415033025,113,ri_polygon
4415033026,160,ri_polygon
4415033027,194,ri_polygon
4415033028,80,ri_polygon
4415033029,107,ri_polygon
4415033030,34,ri_polygon
4415033031,31,ri_polygon
4415033032,41,ri_polygon
4415033033,44,ri_polygon
4415033034,74,ri_polygon
4415033035,53,ri_polygon
4415033036,82,ri_polygon
4415033037,82,ri_polygon
4415034000,75,emd_point
4415034021,74,ri_polygon
4415034023,228,ri_polygon
4415034028,128,ri_polygon
4415034029,123,ri_polygon
4415034030,276,ri_polygon
4415034031,100,ri_polygon
4415034032,237,ri_polygon
4415034033,361,ri_polygon
4415036000,103,emd_point
4415036021,110,ri_polygon
4415036022,107,ri_polygon
4415036023,21,ri_polygon
4415036024,19,ri_polygon
4415036025,27,ri_polygon
4415036026,22,ri_polygon
4415036027,111,ri_polygon
4415036033,89,ri_polygon
4415036034,128,ri_polygon
4415036035,110,ri_polygon
4415036036,136,ri_polygon
4415036037,40,ri_polygon
4415037000,48,emd_point
4415037021,110,ri_polygon
4415037022,57,ri_polygon
4415037023,98,ri_polygon
4415037024,133,ri_polygon
4415037025,121,ri_polygon
4415037026,32,ri_polygon
4415037027,66,ri_polygon
4415037028,149,ri_polygon
4415037029,100,ri_polygon
4415037030,81,ri_polygon
4415037031,43,ri_polygon
4415037032,52,ri_polygon
4415037033,104,ri_polygon
4415037034,70,ri_polygon
4415037035,147,ri_polygon
4415037036,108,ri_polygon
4415037037,178,ri_polygon
4415037038,109,ri_polygon
4415037039,193,ri_polygon
4415037040,180,ri_polygon
4415037041,303,ri_polygon
4415037042,355,ri_polygon
4415038000,14,emd_point
4415038021,91,ri_polygon
4415038022,40,ri_polygon
4415038023,85,ri_polygon
4415038024,24,ri_polygon
4415038025,55,ri_polygon
4415038026,25,ri_polygon
4415038027,119,ri_polygon
4415038028,57,ri_polygon
4415038029,155,ri_polygon
4415038030,54,ri_polygon
4415038031,55,ri_polygon
4415038032,34,ri_polygon
4415038033,22,ri_polygon
4415038034,120,ri_polygon
4415038035,36,ri_polygon
4415038036,17,ri_polygon
4415038037,142,ri_polygon
4415038038,30,ri_polygon
4415038039,133,ri_polygon
4415038040,145,ri_polygon
4415038041,57,ri_polygon
4415038042,49,ri_polygon
4415038043,55,ri_polygon
4415039000,31,emd_point
4415039021,40,ri_polygon
4415039022,65,ri_polygon
4415039023,84,ri_polygon
4415039024,119,ri_polygon
4415039025,32,ri_polygon
4415039026,48,ri_polygon
4415039027,198,ri_polygon
4415039028,72,ri_polygon
4415039029,173,ri_polygon
4415039030,263,ri_polygon
4415039031,196,ri_polygon
4415039032,190,ri_polygon
4415039033,299,ri_polygon
4415040000,72,emd_point
4415040021,65,ri_polygon
4415040022,151,ri_polygon
4415040023,118,ri_polygon
4415040024,225,ri_polygon
4415040025,143,ri_polygon
4415040026,241,ri_polygon
4415040027,89,ri_polygon
4415040028,63,ri_polygon
4415040029,103,ri_polygon
4415040030,62,ri_polygon
4415040031,102,ri_polygon
4415040032,37,ri_polygon
4415040033,67,ri_polygon
4415040034,162,ri_polygon
4418010100,3,emd_polygon
4418010200,50,emd_polygon
4418010300,58,emd_polygon
4418010400,46,emd_polygon
4418010500,62,emd_polygon
4418010600,7,emd_polygon
4418010700,4,emd_polygon
4418010800,21,emd_polygon
4418010900,18,emd_polygon
4418011000,19,emd_polygon
4418025000,10,emd_point
4418025021,6,ri_polygon
4418025022,117,ri_polygon
4418025023,81,ri_polygon
4418025024,42,ri_polygon
4418025025,13,ri_polygon
4418025026,44,ri_polygon
4418025027,65,ri_polygon
4418025028,31,ri_polygon
4418025029,13,ri_polygon
4418025030,3,ri_polygon
4418025031,9,ri_polygon
4418025032,20,ri_polygon
4418025033,10,ri_polygon
4418031000,59,emd_point
4418031021,62,ri_polygon
4418031022,34,ri_polygon
4418031023,35,ri_polygon
4418031024,33,ri_polygon
4418031025,42,ri_polygon
4418032000,15,emd_point
4418032021,48,ri_polygon
4418032022,48,ri_polygon
4418032023,88,ri_polygon
4418032024,40,ri_polygon
4418032025,6,ri_polygon
4418032026,22,ri_polygon
4418032027,0,ri_polygon
4418032028,34,ri_polygon
4418032029,43,ri_polygon
4418032030,18,ri_polygon
4418033000,25,emd_point
4418033021,18,ri_polygon
4418033022,45,ri_polygon
4418033023,34,ri_polygon
4418033024,81,ri_polygon
4418033025,23,ri_polygon
4418033026,28,ri_polygon
4418033027,28,ri_polygon
4418033028,104,ri_polygon
4418034000,13,emd_point
4418034021,3,ri_polygon
4418034022,24,ri_polygon
4418034023,57,ri_polygon
4418034024,39,ri_polygon
4418034025,119,ri_polygon
4418034026,47,ri_polygon
4418034027,35,ri_polygon
4418034028,2,ri_polygon
4418035000,67,emd_point
4418035021,129,ri_polygon
4418035022,100,ri_polygon
4418035023,71,ri_polygon
4418035024,92,ri_polygon
4418035025,97,ri_polygon
4418035026,52,ri_polygon
4418035027,234,ri_polygon
4418035028,120,ri_polygon
4418035029,173,ri_polygon
4418035030,102,ri_polygon
4418035031,103,ri_polygon
4418036000,41,emd_point
4418036021,87,ri_polygon
4418036022,82,ri_polygon
4418036023,106,ri_polygon
4418036024,28,ri_polygon
4418036025,11,ri_polygon
4418036026,1,ri_polygon
4418036027,20,ri_polygon
4418036028,75,ri_polygon
4418036029,16,ri_polygon
4418036030,24,ri_polygon
4418036031,6,ri_polygon
4418036032,32,ri_polygon
4418036033,4,ri_polygon
4418038000,65,emd_point
4418038021,97,ri_polygon
4418038022,51,ri_polygon
4418038023,42,ri_polygon
4418038024,26,ri_polygon
4418038025,26,ri_polygon
4418038026,41,ri_polygon
4418038027,33,ri_polygon
4418038028,24,ri_polygon
4418038029,42,ri_polygon
4418038030,62,ri_polygon
4418038031,41,ri_polygon
4418039000,143,emd_point
4418039021,174,ri_polygon
4418039022,142,ri_polygon
4418039023,72,ri_polygon
4418039024,132,ri_polygon
4418039025,99,ri_polygon
4418039026,224,ri_polygon
4418039027,104,ri_polygon
4418039028,126,ri_polygon
4418039029,107,ri_polygon
4418039030,161,ri_polygon
4418039031,125,ri_polygon
4418039032,118,ri_polygon
4418039033,124,ri_polygon
4418039034,123,ri_polygon
4418040000,139,emd_point
4418040021,173,ri_polygon
4418040022,172,ri_polygon
4418041000,14,emd_point
4418041021,18,ri_polygon
4418041022,9,ri_polygon
4418041023,75,ri_polygon
4418041024,63,ri_polygon
4418041025,33,ri_polygon
4418041026,51,ri_polygon
4420010100,19,emd_polygon
4420010200,22,emd_polygon
4420010300,36,emd_polygon
4420010400,45,emd_polygon
4420010500,89,emd_polygon
4420010600,70,emd_polygon
4420010700,46,emd_polygon
4420010800,25,emd_polygon
4420010900,23,emd_polygon
4420011000,42,emd_polygon
4420011100,30,emd_polygon
4420011200,58,emd_polygon
4420011300,18,emd_polygon
4420011400,14,emd_polygon
4420011500,9,emd_polygon
4420011600,25,emd_polygon
4420011700,29,emd_polygon
4420011800,14,emd_polygon
4420011900,14,emd_polygon
4420025000,7,emd_point
4420025021,22,ri_polygon
4420025022,75,ri_polygon
4420025023,81,ri_polygon
4420025024,13,ri_polygon
4420025025,48,ri_polygon
4420025026,57,ri_polygon
4420025027,42,ri_polygon
4420025028,13,ri_polygon
4420025029,31,ri_polygon
4420025030,6,ri_polygon
4420025031,30,ri_polygon
4420025032,22,ri_polygon
4420025033,29,ri_polygon
4420025034,102,ri_polygon
4420025300,25,emd_point
4420025321,124,ri_polygon
4420025322,187,ri_polygon
4420025323,55,ri_polygon
4420025324,56,ri_polygon
4420025325,37,ri_polygon
4420025326,65,ri_polygon
4420025327,78,ri_polygon
4420025328,67,ri_polygon
4420025329,39,ri_polygon
4420025330,34,ri_polygon
4420025331,34,ri_polygon
4420025332,15,ri_polygon
4420031000,49,emd_point
4420031021,55,ri_polygon
4420031022,51,ri_polygon
4420031023,112,ri_polygon
4420031024,254,ri_polygon
4420031025,252,ri_polygon
4420031026,61,ri_polygon
4420031027,201,ri_polygon
4420031028,143,ri_polygon
4420031029,226,ri_polygon
4420031030,244,ri_polygon
4420031031,135,ri_polygon
4420031032,135,ri_polygon
4420031033,77,ri_polygon
4420033000,27,emd_point
4420033021,46,ri_polygon
4420033022,65,ri_polygon
4420033023,36,ri_polygon
4420033024,25,ri_polygon
4420033025,23,ri_polygon
4420033026,21,ri_polygon
4420035000,44,emd_point
4420035021,79,ri_polygon
4420035022,81,ri_polygon
4420035023,108,ri_polygon
4420035024,47,ri_polygon
4420035025,96,ri_polygon
4420035026,45,ri_polygon
4420035027,42,ri_polygon
4420035028,14,ri_polygon
4420035029,30,ri_polygon
4420035030,37,ri_polygon
4420035031,41,ri_polygon
4420035032,67,ri_polygon
4420035033,50,ri_polygon
4420035034,31,ri_polygon
4420035035,58,ri_polygon
4420035036,74,ri_polygon
4420036000,12,emd_point
4420036021,16,ri_polygon
4420036022,23,ri_polygon
4420036023,6,ri_polygon
4420036024,12,ri_polygon
4420036025,16,ri_polygon
4420036026,20,ri_polygon
4420036027,22,ri_polygon
4420036028,26,ri_polygon
4420036029,32,ri_polygon
4420036030,26,ri_polygon
4420036031,13,ri_polygon
4420036032,28,ri_polygon
4420036033,22,ri_polygon
4420036034,27,ri_polygon
4420036035,36,ri_polygon
4420037000,38,emd_point
4420037021,49,ri_polygon
4420037022,85,ri_polygon
4420037023,55,ri_polygon
4420037024,45,ri_polygon
4420037025,39,ri_polygon
4420037026,4,ri_polygon
4420037027,13,ri_polygon
4420037028,8,ri_polygon
4420037029,4,ri_polygon
4420037030,119,ri_polygon
4420037031,41,ri_polygon
4420037032,19,ri_polygon
4420037033,32,ri_polygon
4420038000,8,emd_point
4420038021,10,ri_polygon
4420038022,7,ri_polygon
4420038023,47,ri_polygon
4420038024,6,ri_polygon
4420038025,8,ri_polygon
4420038026,5,ri_polygon
4420038027,9,ri_polygon
4420038028,19,ri_polygon
4420038029,31,ri_polygon
4420038030,32,ri_polygon
4420038031,20,ri_polygon
4420038032,76,ri_polygon
4420039000,20,emd_point
4420039021,28,ri_polygon
4420039022,2,ri_polygon
4420039023,3,ri_polygon
4420039024,5,ri_polygon
4420039025,4,ri_polygon
4420039026,54,ri_polygon
4420039027,31,ri_polygon
4420039028,65,ri_polygon
4420039029,21,ri_polygon
4420039030,16,ri_polygon
4420039031,3,ri_polygon
4420039032,8,ri_polygon
4420039033,6,ri_polygon
4420039034,17,ri_polygon
4420039035,5,ri_polygon
4420040000,31,emd_point
4420040021,38,ri_polygon
4420040022,6,ri_polygon
4420040023,73,ri_polygon
4420040024,69,ri_polygon
4420040025,87,ri_polygon
4420040026,62,ri_polygon
4420040027,75,ri_polygon
4420040028,70,ri_polygon
4420040029,93,ri_polygon
4420040030,102,ri_polygon
4420040031,68,ri_polygon
4420040032,52,ri_polygon
4420040033,17,ri_polygon
4420040034,46,ri_polygon
4420040035,46,ri_polygon
4420040036,18,ri_polygon
4420041000,27,emd_point
4420041021,16,ri_polygon
4420041022,36,ri_polygon
4420041023,41,ri_polygon
4420041024,56,ri_polygon
4420041025,40,ri_polygon
4420041026,18,ri_polygon
4420041027,6,ri_polygon
4420041028,26,ri_polygon
4420041029,18,ri_polygon
4420041030,6,ri_polygon
4420041031,5,ri_polygon
4420041032,24,ri_polygon
4421010100,53,emd_polygon
4421010200,40,emd_polygon
4421010300,49,emd_polygon
4421010400,30,emd_polygon
4421010500,15,emd_polygon
4421010600,17,emd_point
4421010700,14,emd_polygon
4421010800,15,emd_point
4421010900,24,emd_polygon
4421011000,9,emd_polygon
4421011100,5,emd_polygon
4421011200,14,emd_polygon
4421011300,12,emd_polygon
4421011400,19,emd_polygon
4421025000,38,emd_point
4421025021,18,ri_polygon
4421025022,50,ri_polygon
4421025023,39,ri_polygon
4421025024,16,ri_polygon
4421025025,3,ri_polygon
4421025027,21,ri_polygon
4421025028,28,ri_polygon
4421025029,3,ri_polygon
4421025030,25,ri_polygon
4421025031,30,ri_polygon
4421031000,18,emd_point
4421031021,27,ri_polygon
4421031022,6,ri_polygon
4421031023,25,ri_polygon
4421031024,30,ri_polygon
4421031025,25,ri_polygon
4421031026,36,ri_polygon
4421031027,22,ri_polygon
4421031028,37,ri_polygon
4421031029,43,ri_polygon
4421031030,21,ri_polygon
4421032000,34,emd_point
4421032021,10,ri_polygon
4421032022,20,ri_polygon
4421032023,3,ri_polygon
4421032024,29,ri_polygon
4421032025,0,ri_polygon
4421032026,49,ri_polygon
4421032027,20,ri_polygon
4421032028,5,ri_polygon
4421032029,5,ri_polygon
4421032030,1,ri_polygon
4421032031,4,ri_polygon
4421032032,8,ri_polygon
4421032033,1,ri_polygon
4421032034,2,ri_polygon
4421033000,12,emd_point
4421033021,38,ri_polygon
4421033022,36,ri_polygon
4421033023,50,ri_polygon
4421033024,91,ri_polygon
4421033025,38,ri_polygon
4421033026,11,ri_polygon
4421033027,17,ri_polygon
4421033028,77,ri_polygon
4421033029,27,ri_polygon
4421034000,52,emd_point
4421034021,48,ri_polygon
4421034022,72,ri_polygon
4421034023,28,ri_polygon
4421034024,18,ri_polygon
4421034025,5,ri_polygon
4421034026,20,ri_polygon
4421034027,45,ri_polygon
4421034028,29,ri_polygon
4421034029,32,ri_polygon
4421036000,19,emd_point
4421036021,41,ri_polygon
4421036022,89,ri_polygon
4421036023,53,ri_polygon
4421036024,66,ri_polygon
4421036025,9,ri_polygon
4421036026,33,ri_polygon
4421036027,15,ri_polygon
4421036028,27,ri_polygon
4421036029,21,ri_polygon
4421037000,45,emd_point
4421037021,34,ri_polygon
4421037022,45,ri_polygon
4421037023,40,ri_polygon
4421037024,39,ri_polygon
4421037025,35,ri_polygon
4421037026,24,ri_polygon
4421037027,31,ri_polygon
4421037028,32,ri_polygon
4421037029,35,ri_polygon
4421037030,25,ri_polygon
4421038000,44,emd_point
4421038021,87,ri_polygon
4421038022,323,ri_polygon
4421038023,63,ri_polygon
4421038024,135,ri_polygon
4421038025,195,ri_polygon
4421038026,195,ri_polygon
4421038027,99,ri_polygon
4421038028,115,ri_polygon
4421038029,52,ri_polygon
4421038030,42,ri_polygon
4421038031,26,ri_polygon
4421038032,48,ri_polygon
4421038033,54,ri_polygon
4421038034,52,ri_polygon
4421038035,50,ri_polygon
4421038036,45,ri_polygon
4421038037,24,ri_polygon
4421038038,30,ri_polygon
4421038039,28,ri_polygon
4421039000,37,emd_point
4421039021,35,ri_polygon
4421039022,79,ri_polygon
4421039023,203,ri_polygon
4421039024,126,ri_polygon
4421039025,147,ri_polygon
4421039026,54,ri_polygon
4421039027,61,ri_polygon
4421039028,31,ri_polygon
4421039029,26,ri_polygon
4421039030,28,ri_polygon
4421039031,26,ri_polygon
4421039032,46,ri_polygon
4421039033,6,ri_polygon
4421039034,13,ri_polygon
4421039035,18,ri_polygon
4421039036,14,ri_polygon
4421039037,12,ri_polygon
4421039038,16,ri_polygon
4421039039,21,ri_polygon
4421039040,5,ri_polygon
4421039041,20,ri_polygon
4421039042,27,ri_polygon
4421040000,17,emd_point
4421040021,39,ri_polygon
4421040022,57,ri_polygon
4421040023,105,ri_polygon
4421040024,85,ri_polygon
4421040025,53,ri_polygon
4421040026,26,ri_polygon
4421040027,4,ri_polygon
4421040028,7,ri_polygon
4421040029,8,ri_polygon
4421040030,13,ri_polygon
4421040031,26,ri_polygon
4421040032,7,ri_polygon
4421040033,1,ri_polygon
4423010100,9,emd_polygon
4423010200,13,emd_polygon
4423010300,10,emd_polygon
4423010400,21,emd_point
4423010500,15,emd_point
4423010600,6,emd_polygon
4423010700,10,emd_polygon
4423010800,7,emd_polygon
4423010900,22,emd_polygon
4423011000,25,emd_polygon
4423011100,12,emd_polygon
4423025000,10,emd_point
4423025021,11,ri_polygon
4423025022,7,ri_polygon
4423025023,24,ri_polygon
4423025024,12,ri_polygon
4423025025,8,ri_polygon
4423025026,9,ri_polygon
4423025027,8,ri_polygon
4423025028,8,ri_polygon
4423025029,8,ri_polygon
4423025030,1,ri_polygon
4423025031,15,ri_polygon
4423025032,6,ri_polygon
4423025033,6,ri_polygon
4423025300,12,emd_point
4423025321,17,ri_polygon
4423025322,36,ri_polygon
4423025323,9,ri_polygon
4423025324,21,ri_polygon
4423025325,23,ri_polygon
4423025326,159,ri_polygon
4423025327,58,ri_polygon
4423025328,36,ri_polygon
4423025329,83,ri_polygon
4423025330,40,ri_polygon
4423025331,29,ri_polygon
4423025332,3,ri_polygon
4423025333,15,ri_polygon
4423031000,11,emd_point
4423031021,4,ri_polygon
4423031022,12,ri_polygon
4423031023,5,ri_polygon
4423031024,4,ri_polygon
4423031025,13,ri_polygon
4423031026,5,ri_polygon
4423031027,17,ri_polygon
4423031028,20,ri_polygon
4423031029,6,ri_polygon
4423031030,8,ri_polygon
4423031031,4,ri_polygon
4423032000,19,emd_point
4423032021,14,ri_polygon
4423032022,12,ri_polygon
4423032023,15,ri_polygon
4423032024,16,ri_polygon
4423032025,4,ri_polygon
4423032026,6,ri_polygon
4423032027,7,ri_polygon
4423032028,24,ri_polygon
4423032029,8,ri_polygon
4423032030,25,ri_polygon
4423032031,19,ri_polygon
4423032032,17,ri_polygon
4423032033,23,ri_polygon
4423033000,18,emd_point
4423033021,42,ri_polygon
4423033022,28,ri_polygon
4423033023,56,ri_polygon
4423033024,37,ri_polygon
4423033025,14,ri_polygon
4423033026,40,ri_polygon
4423033027,37,ri_polygon
4423033028,60,ri_polygon
4423033029,15,ri_polygon
4423033030,16,ri_polygon
4423033031,27,ri_polygon
4423033032,28,ri_polygon
4423033033,57,ri_polygon
4423033034,41,ri_polygon
4423034000,19,emd_point
4423034021,56,ri_polygon
4423034022,51,ri_polygon
4423034023,52,ri_polygon
4423034024,59,ri_polygon
4423034025,48,ri_polygon
4423034026,83,ri_polygon
4423034027,74,ri_polygon
4423034028,68,ri_polygon
4423034029,37,ri_polygon
4423034030,25,ri_polygon
4423034031,25,ri_polygon
4423034032,34,ri_polygon
4423034033,17,ri_polygon
4423035000,19,emd_point
4423035021,16,ri_polygon
4423035022,14,ri_polygon
4423035023,63,ri_polygon
4423035024,17,ri_polygon
4423035025,31,ri_polygon
4423035026,34,ri_polygon
4423035027,29,ri_polygon
4423035028,58,ri_polygon
4423035029,12,ri_polygon
4423035030,19,ri_polygon
4423035031,25,ri_polygon
4423035032,11,ri_polygon
4423035033,6,ri_polygon
4423035034,8,ri_polygon
4423036000,39,emd_point
4423036021,41,ri_polygon
4423036022,126,ri_polygon
4423036023,145,ri_polygon
4423036024,44,ri_polygon
4423036025,82,ri_polygon
4423036026,46,ri_polygon
4423036027,48,ri_polygon
4423036028,43,ri_polygon
4423036029,28,ri_polygon
4423036030,111,ri_polygon
4423036031,34,ri_polygon
4423036032,47,ri_polygon
4423036033,58,ri_polygon
4423036034,34,ri_polygon
4423036035,72,ri_polygon
4423036036,85,ri_polygon
4423036037,25,ri_polygon
4423036038,14,ri_polygon
4423036039,12,ri_polygon
4423036040,85,ri_polygon
4423038000,115,emd_point
4423038021,148,ri_polygon
4423038022,167,ri_polygon
4423038023,134,ri_polygon
4423038024,195,ri_polygon
4423038025,225,ri_polygon
4423038026,245,ri_polygon
4423038027,350,ri_polygon
4423038028,184,ri_polygon
4423038029,315,ri_polygon
4423038030,124,ri_polygon
4423038031,115,ri_polygon
4423038032,141,ri_polygon
4423038033,104,ri_polygon
4423038034,335,ri_polygon
4423039000,53,emd_point
4423039021,50,ri_polygon
4423039022,48,ri_polygon
4423039023,126,ri_polygon
4423039024,67,ri_polygon
4423039025,176,ri_polygon
4423039026,176,ri_polygon
4423039027,94,ri_polygon
4423039028,200,ri_polygon
4423039029,101,ri_polygon
4423039030,77,ri_polygon
4423039031,45,ri_polygon
4423039032,33,ri_polygon
4423039033,40,ri_polygon
4423039034,40,ri_polygon
4423039035,44,ri_polygon
4423039036,126,ri_polygon
4423039037,219,ri_polygon
4423040000,56,emd_point
4423040021,66,ri_polygon
4423040022,75,ri_polygon
4423040023,47,ri_polygon
4423040024,57,ri_polygon
4423040025,45,ri_polygon
4423040026,122,ri_polygon
4423040027,27,ri_polygon
4423040028,44,ri_polygon
4423040029,55,ri_polygon
4423040030,32,ri_polygon
4423040031,43,ri_polygon
4423040032,52,ri_polygon
4423040033,94,ri_polygon
4423040034,107,ri_polygon
4423041000,27,emd_point
4423041021,12,ri_polygon
4423041022,18,ri_polygon
4423041023,19,ri_polygon
4423041024,23,ri_polygon
4423041025,12,ri_polygon
4423041026,21,ri_polygon
4423041027,17,ri_polygon
4423041028,20,ri_polygon
4423041029,16,ri_polygon
4423041030,13,ri_polygon
4423042000,9,emd_point
4423042021,12,ri_polygon
4423042022,8,ri_polygon
4423042023,6,ri_polygon
4423042024,11,ri_polygon
4423042025,4,ri_polygon
4423042026,5,ri_polygon
4423042027,6,ri_polygon
4423042028,3,ri_polygon
4425010100,146,emd_point
4425031000,121,emd_point
4425031021,117,ri_polygon
4425031022,101,ri_polygon
4425031023,157,ri_polygon
4425031024,152,ri_polygon
4425031500,138,emd_point
4425031521,139,ri_polygon
4425031522,108,ri_polygon
4425031523,78,ri_polygon
4425031524,132,ri_polygon
4425031525,167,ri_polygon
4425033000,126,emd_point
4425033021,172,ri_polygon
4425033022,134,ri_polygon
4425033023,214,ri_polygon
4425033024,150,ri_polygon
4425033025,232,ri_polygon
4427010100,32,emd_polygon
4427010200,53,emd_polygon
4427010300,8,emd_polygon
4427010400,26,emd_polygon
4427010500,50,emd_polygon
4427010600,49,emd_polygon
4427010700,49,emd_polygon
4427010800,44,emd_polygon
4427010900,27,emd_polygon
4427011000,84,emd_polygon
4427011100,79,emd_polygon
4427025000,18,emd_point
4427025021,13,ri_polygon
4427025022,51,ri_polygon
4427025023,28,ri_polygon
4427025024,38,ri_polygon
4427025025,16,ri_polygon
4427025026,8,ri_polygon
4427025027,26,ri_polygon
4427025028,8,ri_polygon
4427025029,5,ri_polygon
4427025030,7,ri_polygon
4427025031,7,ri_polygon
4427025032,6,ri_polygon
4427025033,5,ri_polygon
4427025034,6,ri_polygon
4427025300,65,emd_point
4427025321,48,ri_polygon
4427025322,68,ri_polygon
4427025323,31,ri_polygon
4427025324,22,ri_polygon
4427025325,18,ri_polygon
4427025326,12,ri_polygon
4427025327,41,ri_polygon
4427025328,27,ri_polygon
4427025329,30,ri_polygon
4427025330,33,ri_polygon
4427025331,6,ri_polygon
4427025332,12,ri_polygon
4427025333,9,ri_polygon
4427025334,13,ri_polygon
4427025335,10,ri_polygon
4427025336,9,ri_polygon
4427025337,16,ri_polygon
4427025338,4,ri_polygon
4427025339,6,ri_polygon
4427025340,8,ri_polygon
4427025341,10,ri_polygon
4427025342,17,ri_polygon
4427031000,12,emd_point
4427031021,30,ri_polygon
4427031022,33,ri_polygon
4427031023,22,ri_polygon
4427031024,21,ri_polygon
4427031025,13,ri_polygon
4427031026,6,ri_polygon
4427031027,16,ri_polygon
4427031028,22,ri_polygon
4427031029,21,ri_polygon
4427032000,22,emd_point
4427032021,0,ri_polygon
4427032022,0,ri_polygon
4427032023,26,ri_polygon
4427032024,18,ri_polygon
4427032025,1,ri_polygon
4427032026,17,ri_polygon
4427032027,7,ri_polygon
4427033000,23,emd_point
4427033021,6,ri_polygon
4427033022,12,ri_polygon
4427033023,3,ri_polygon
4427033024,44,ri_polygon
4427033025,27,ri_polygon
4427033026,35,ri_polygon
4427033027,69,ri_polygon
4427033028,85,ri_polygon
4427033029,44,ri_polygon
4427034000,15,emd_point
4427034021,43,ri_polygon
4427034022,10,ri_polygon
4427034023,31,ri_polygon
4427034024,44,ri_polygon
4427034025,41,ri_polygon
4427034026,43,ri_polygon
4427034027,38,ri_polygon
4427034028,46,ri_polygon
4427034029,51,ri_polygon
4427034030,58,ri_polygon
4427034031,87,ri_polygon
4427034032,45,ri_polygon
4427034033,19,ri_polygon
4427034034,48,ri_polygon
4427034035,67,ri_polygon
4427034036,9,ri_polygon
4427034037,20,ri_polygon
4427035000,44,emd_point
4427035021,63,ri_polygon
4427035022,77,ri_polygon
4427035023,70,ri_polygon
4427035024,41,ri_polygon
4427035025,65,ri_polygon
4427035026,68,ri_polygon
4427035027,70,ri_polygon
4427035028,86,ri_polygon
4427035029,75,ri_polygon
4427035030,130,ri_polygon
4427035031,74,ri_polygon
4427036000,19,emd_point
4427036021,53,ri_polygon
4427036022,38,ri_polygon
4427036023,41,ri_polygon
4427036024,35,ri_polygon
4427036025,33,ri_polygon
4427036026,31,ri_polygon
4427036027,24,ri_polygon
4427036028,61,ri_polygon
4427036029,21,ri_polygon
4427036030,134,ri_polygon
4427036031,32,ri_polygon
4427037000,6,emd_point
4427037021,10,ri_polygon
4427037022,23,ri_polygon
4427037023,13,ri_polygon
4427037024,15,ri_polygon
4427037025,9,ri_polygon
4427037026,7,ri_polygon
4427037027,5,ri_polygon
4427037028,7,ri_polygon
4427037029,7,ri_polygon
4427037030,6,ri_polygon
4427037031,6,ri_polygon
4427037032,4,ri_polygon
4427038000,27,emd_point
4427038021,3,ri_polygon
4427038022,10,ri_polygon
4427038023,20,ri_polygon
4427038024,28,ri_polygon
4427038025,24,ri_polygon
4427038026,7,ri_polygon
4427038027,16,ri_polygon
4427038028,11,ri_polygon
4427038029,7,ri_polygon
4427038030,15,ri_polygon
4427038031,10,ri_polygon
4427038032,6,ri_polygon
4427038033,5,ri_polygon
4427039000,15,emd_point
4427039021,18,ri_polygon
4427039022,46,ri_polygon
4427039023,18,ri_polygon
4427039024,32,ri_polygon
4427039025,29,ri_polygon
4427039026,38,ri_polygon
4427039027,18,ri_polygon
4427039028,24,ri_polygon
4427039029,8,ri_polygon
4427039030,6,ri_polygon
4427039031,16,ri_polygon
4427039032,10,ri_polygon
4427039033,5,ri_polygon
4471025000,157,emd_point
4471025021,145,ri_polygon
4471025022,154,ri_polygon
4471025023,181,ri_polygon
4471025024,171,ri_polygon
4471025025,177,ri_polygon
4471025026,179,ri_polygon
4471025027,221,ri_polygon
4471025028,238,ri_polygon
4471025029,228,ri_polygon
4471031000,165,emd_point
4471031021,166,ri_polygon
4471031022,172,ri_polygon
4471031023,208,ri_polygon
4471031024,187,ri_polygon
4471031025,177,ri_polygon
4471031026,177,ri_polygon
4471031027,162,ri_polygon
4471031028,178,ri_polygon
4471031029,192,ri_polygon
4471031030,211,ri_polygon
4471031031,251,ri_polygon
4471032000,129,emd_point
4471032021,146,ri_polygon
4471032022,138,ri_polygon
4471032023,160,ri_polygon
4471032024,236,ri_polygon
4471032025,143,ri_polygon
4471032026,210,ri_polygon
4471032027,241,ri_polygon
4471032028,241,ri_polygon
4471032029,209,ri_polygon
4471032030,134,ri_polygon
4471032031,189,ri_polygon
4471032032,138,ri_polygon
4471032033,248,ri_polygon
4471033000,156,emd_point
4471033021,143,ri_polygon
4471033022,191,ri_polygon
4471033023,219,ri_polygon
4471033024,228,ri_polygon
4471033025,167,ri_polygon
4471033026,170,ri_polygon
4471033027,181,ri_polygon
4471033028,265,ri_polygon
4471033029,221,ri_polygon
4471033030,155,ri_polygon
4471033031,271,ri_polygon
4471033032,195,ri_polygon
4471034000,217,emd_point
4471034021,152,ri_polygon
4471034022,165,ri_polygon
4471034023,219,ri_polygon
4471034024,165,ri_polygon
4471034025,190,ri_polygon
4471034026,230,ri_polygon
4471034027,217,ri_polygon
4471034028,317,ri_polygon
4471034029,286,ri_polygon
4471034030,461,ri_polygon
4471035000,169,emd_point
4471035021,163,ri_polygon
4471035022,175,ri_polygon
4471035023,156,ri_polygon
4471035024,186,ri_polygon
4471035025,174,ri_polygon
4471035026,232,ri_polygon
4471035027,291,ri_polygon
4471035028,212,ri_polygon
4471035029,183,ri_polygon
4471036000,290,emd_point
4471036021,288,ri_polygon
4471036022,439,ri_polygon
4471036023,356,ri_polygon
4471036024,327,ri_polygon
4471036025,297,ri_polygon
4471036026,200,ri_polygon
4471036027,326,ri_polygon
4471036028,239,ri_polygon
4471036029,311,ri_polygon
4471036030,320,ri_polygon
4471037000,211,emd_point
4471037021,194,ri_polygon
4471037022,313,ri_polygon
4471037023,230,ri_polygon
4471037024,217,ri_polygon
4471037025,371,ri_polygon
4471037026,289,ri_polygon
4471037027,219,ri_polygon
4471037028,198,ri_polygon
4471037029,263,ri_polygon
4471037030,343,ri_polygon
4471037031,194,ri_polygon
4471037032,150,ri_polygon
4471037033,134,ri_polygon
4471038000,155,emd_point
4471038021,183,ri_polygon
4471038022,173,ri_polygon
4471038023,166,ri_polygon
4471038024,162,ri_polygon
4471038025,205,ri_polygon
4471038026,125,ri_polygon
4471038027,259,ri_polygon
4471038028,102,ri_polygon
4471038029,85,ri_polygon
4471039000,183,emd_point
4471039021,257,ri_polygon
4471039022,206,ri_polygon
4471039023,211,ri_polygon
4471039024,304,ri_polygon
4471039025,251,ri_polygon
4471039026,275,ri_polygon
4471039027,199,ri_polygon
4471039028,164,ri_polygon
4471039029,202,ri_polygon
4471039030,218,ri_polygon
4476025000,13,emd_point
4476025021,95,ri_polygon
4476025022,75,ri_polygon
4476025023,18,ri_polygon
4476025024,24,ri_polygon
4476025025,23,ri_polygon
4476025026,79,ri_polygon
4476025027,18,ri_polygon
4476025028,17,ri_polygon
4476025029,16,ri_polygon
4476025030,29,ri_polygon
4476025031,24,ri_polygon
4476025032,12,ri_polygon
4476025033,15,ri_polygon
4476025034,8,ri_polygon
4476025035,27,ri_polygon
4476025036,11,ri_polygon
4476025037,13,ri_polygon
4476025038,18,ri_polygon
4476025039,41,ri_polygon
4476025040,10,ri_polygon
4476025041,6,ri_polygon
4476025042,11,ri_polygon
4476031000,31,emd_point
4476031021,4,ri_polygon
4476031022,44,ri_polygon
4476031023,35,ri_polygon
4476031024,19,ri_polygon
4476031025,32,ri_polygon
4476031026,30,ri_polygon
4476031027,46,ri_polygon
4476031028,26,ri_polygon
4476031029,16,ri_polygon
4476031030,49,ri_polygon
4476031031,8,ri_polygon
4476031032,15,ri_polygon
4476031033,4,ri_polygon
4476031034,8,ri_polygon
4476031035,11,ri_polygon
4476031036,6,ri_polygon
4476031037,31,ri_polygon
4476031038,14,ri_polygon
4476031039,6,ri_polygon
4476032000,16,emd_point
4476032021,15,ri_polygon
4476032022,78,ri_polygon
4476032023,106,ri_polygon
4476032024,27,ri_polygon
4476032025,11,ri_polygon
4476032026,115,ri_polygon
4476032027,118,ri_polygon
4476032028,35,ri_polygon
4476032029,67,ri_polygon
4476032030,127,ri_polygon
4476032031,67,ri_polygon
4476032032,109,ri_polygon
4476032033,63,ri_polygon
4476032034,90,ri_polygon
4476032035,44,ri_polygon
4476032036,47,ri_polygon
4476032037,118,ri_polygon
4476033000,106,emd_point
4476033021,259,ri_polygon
4476033022,151,ri_polygon
4476033023,242,ri_polygon
4476033024,205,ri_polygon
4476033025,188,ri_polygon
4476033026,166,ri_polygon
4476033027,206,ri_polygon
4476033028,147,ri_polygon
4476033029,302,ri_polygon
4476033030,169,ri_polygon
4476033031,148,ri_polygon
4476033032,154,ri_polygon
4476033033,143,ri_polygon
4476034000,41,emd_point
4476034021,41,ri_polygon
4476034022,60,ri_polygon
4476034023,70,ri_polygon
4476034024,77,ri_polygon
4476034025,106,ri_polygon
4476034026,82,ri_polygon
4476034027,112,ri_polygon
4476034028,171,ri_polygon
4476034029,50,ri_polygon
4476034030,37,ri_polygon
4476035000,7,emd_point
4476035021,25,ri_polygon
4476035022,27,ri_polygon
4476035023,11,ri_polygon
4476035024,33,ri_polygon
4476035025,18,ri_polygon
4476035026,24,ri_polygon
4476035027,89,ri_polygon
4476035028,17,ri_polygon
4476035029,16,ri_polygon
4476035030,12,ri_polygon
4476036000,14,emd_point
4476036021,54,ri_polygon
4476036022,28,ri_polygon
4476036023,16,ri_polygon
4476036024,25,ri_polygon
4476036025,38,ri_polygon
4476036026,10,ri_polygon
4476036027,47,ri_polygon
4476036028,28,ri_polygon
4476036029,194,ri_polygon
4476036030,36,ri_polygon
4476037000,28,emd_point
4476037021,80,ri_polygon
4476037022,45,ri_polygon
4476037023,49,ri_polygon
4476037024,75,ri_polygon
4476037025,30,ri_polygon
4476037026,103,ri_polygon
4476037027,51,ri_polygon
4476037028,111,ri_polygon
4476037029,42,ri_polygon
4476037030,34,ri_polygon
4476037031,29,ri_polygon
4476038000,30,emd_point
4476038021,22,ri_polygon
4476038022,9,ri_polygon
4476038023,16,ri_polygon
4476038024,34,ri_polygon
4476038025,25,ri_polygon
4476038026,14,ri_polygon
4476038027,19,ri_polygon
4476038028,28,ri_polygon
4476038029,25,ri_polygon
4476039000,52,emd_point
4476039021,43,ri_polygon
4476039022,19,ri_polygon
4476039023,43,ri_polygon
4476039024,125,ri_polygon
4476039025,53,ri_polygon
4476039026,51,ri_polygon
4476039027,25,ri_polygon
4476039028,65,ri_polygon
4476039029,78,ri_polygon
4476040000,1,emd_point
4476040021,11,ri_polygon
4476040022,5,ri_polygon
4476040023,8,ri_polygon
4476040024,12,ri_polygon
4476040025,10,ri_polygon
4476040026,11,ri_polygon
4476040027,6,ri_polygon
4476040028,25,ri_polygon
4476040029,26,ri_polygon
4476040030,12,ri_polygon
4476040031,65,ri_polygon
4476040032,50,ri_polygon
4476041000,29,emd_point
4476041021,31,ri_polygon
4476041022,12,ri_polygon
4476041023,24,ri_polygon
4476041024,5,ri_polygon
4476041025,23,ri_polygon
4476041026,16,ri_polygon
4476041027,15,ri_polygon
4476041028,64,ri_polygon
4476041029,16,ri_polygon
4476041030,29,ri_polygon
4476041031,79,ri_polygon
4476042000,48,emd_point
4476042021,88,ri_polygon
4476042022,15,ri_polygon
4476042023,5,ri_polygon
4476042024,24,ri_polygon
4476042025,132,ri_polygon
4476042026,17,ri_polygon
4476042027,28,ri_polygon
4476042028,52,ri_polygon
4476042029,34,ri_polygon
4476042030,11,ri_polygon
4476043000,7,emd_point
4476043021,18,ri_polygon
4476043022,64,ri_polygon
4476043023,5,ri_polygon
4476043024,5,ri_polygon
4476043025,4,ri_polygon
4476043026,6,ri_polygon
4476043027,21,ri_polygon
4476043028,7,ri_polygon
4476043029,7,ri_polygon
4476043030,13,ri_polygon
4476043031,42,ri_polygon
4476044000,20,emd_point
4476044021,5,ri_polygon
4476044022,26,ri_polygon
4476044023,30,ri_polygon
4476044024,34,ri_polygon
4476044025,77,ri_polygon
4476044026,37,ri_polygon
4476045000,15,emd_point
4476045021,50,ri_polygon
4476045022,27,ri_polygon
4476045023,8,ri_polygon
4476045024,51,ri_polygon
4476045025,11,ri_polygon
4476045026,30,ri_polygon
4476045027,46,ri_polygon
4476045028,52,ri_polygon
4476045029,11,ri_polygon
4476045030,20,ri_polygon
4476045031,19,ri_polygon
4477025000,7,emd_point
4477025021,8,ri_polygon
4477025022,7,ri_polygon
4477025023,8,ri_polygon
4477025024,10,ri_polygon
4477025025,5,ri_polygon
4477025026,5,ri_polygon
4477025027,4,ri_polygon
4477025028,13,ri_polygon
4477025029,6,ri_polygon
4477025030,28,ri_polygon
4477025300,4,emd_point
4477025321,10,ri_polygon
4477025322,20,ri_polygon
4477025323,18,ri_polygon
4477025324,46,ri_polygon
4477025325,6,ri_polygon
4477025326,9,ri_polygon
4477025327,5,ri_polygon
4477025328,6,ri_polygon
4477025329,17,ri_polygon
4477025330,21,ri_polygon
4477025331,7,ri_polygon
4477025332,10,ri_polygon
4477025333,21,ri_polygon
4477031000,6,emd_point
4477031021,27,ri_polygon
4477031022,17,ri_polygon
4477031023,6,ri_polygon
4477031024,7,ri_polygon
4477031025,8,ri_polygon
4477031026,6,ri_polygon
4477031027,37,ri_polygon
4477031028,12,ri_polygon
4477031029,10,ri_polygon
4477031030,13,ri_polygon
4477031031,6,ri_polygon
4477031032,21,ri_polygon
4477031033,5,ri_polygon
4477031034,8,ri_polygon
4477031035,2,ri_polygon
4477031036,14,ri_polygon
4477031037,12,ri_polygon
4477032000,0,emd_point
4477032021,15,ri_polygon
4477032022,5,ri_polygon
4477032023,5,ri_polygon
4477032024,14,ri_polygon
4477032025,3,ri_polygon
4477032026,30,ri_polygon
4477032027,4,ri_polygon
4477032028,7,ri_polygon
4477032029,24,ri_polygon
4477032030,31,ri_polygon
4477032031,6,ri_polygon
4477032032,11,ri_polygon
4477032033,9,ri_polygon
4477032034,6,ri_polygon
4477032035,16,ri_polygon
4477032036,7,ri_polygon
4477032037,6,ri_polygon
4477032038,4,ri_polygon
4477032039,3,ri_polygon
4477033000,7,emd_point
4477033021,17,ri_polygon
4477033022,22,ri_polygon
4477033023,4,ri_polygon
4477033024,5,ri_polygon
4477033025,7,ri_polygon
4477033026,17,ri_polygon
4477033027,53,ri_polygon
4477033028,7,ri_polygon
4477033029,51,ri_polygon
4477033030,17,ri_polygon
4477033031,43,ri_polygon
4477033032,32,ri_polygon
4477033033,28,ri_polygon
4477034000,19,emd_point
4477034021,75,ri_polygon
4477034022,10,ri_polygon
4477034023,13,ri_polygon
4477034024,16,ri_polygon
4477034025,33,ri_polygon
4477034026,7,ri_polygon
4477034027,45,ri_polygon
4477034028,21,ri_polygon
4477034029,10,ri_polygon
4477034030,11,ri_polygon
4477034031,12,ri_polygon
4477034032,10,ri_polygon
4477034033,21,ri_polygon
4477034034,7,ri_polygon
4477034035,7,ri_polygon
4477034036,8,ri_polygon
4477034037,10,ri_polygon
4477034038,13,ri_polygon
4477034039,4,ri_polygon
4477034040,3,ri_polygon
4477034041,10,ri_polygon
4477035000,32,emd_point
4477035021,36,ri_polygon
4477035022,30,ri_polygon
4477035023,20,ri_polygon
4477035024,28,ri_polygon
4477035025,37,ri_polygon
4477035026,18,ri_polygon
4477035027,73,ri_polygon
4477035028,57,ri_polygon
4477035029,18,ri_polygon
4477035030,66,ri_polygon
4477035031,52,ri_polygon
4477035032,27,ri_polygon
4477035033,22,ri_polygon
4477035034,97,ri_polygon
4477035035,48,ri_polygon
4477035036,22,ri_polygon
4477036000,14,emd_point
4477036021,26,ri_polygon
4477036022,15,ri_polygon
4477036023,8,ri_polygon
4477036024,8,ri_polygon
4477036025,50,ri_polygon
4477036026,6,ri_polygon
4477036027,72,ri_polygon
4477036028,22,ri_polygon
4477036029,30,ri_polygon
4477036030,20,ri_polygon
4477037000,12,emd_point
4477037021,53,ri_polygon
4477037022,28,ri_polygon
4477037023,55,ri_polygon
4477037024,57,ri_polygon
4477037025,94,ri_polygon
4477037026,35,ri_polygon
4477037027,115,ri_polygon
4477037028,97,ri_polygon
4477038000,37,emd_point
4477038021,87,ri_polygon
4477038022,125,ri_polygon
4477038023,199,ri_polygon
4477038024,44,ri_polygon
4477038025,35,ri_polygon
4477038026,38,ri_polygon
4477038027,38,ri_polygon
4477038028,54,ri_polygon
4477038029,34,ri_polygon
4477038030,77,ri_polygon
4477038031,68,ri_polygon
4477038032,66,ri_polygon
4477038033,74,ri_polygon
4477038034,89,ri_polygon
4477038035,66,ri_polygon
4477039000,5,emd_point
4477039021,29,ri_polygon
4477039022,43,ri_polygon
4477039023,40,ri_polygon
4477039024,15,ri_polygon
4477039025,10,ri_polygon
4477039026,5,ri_polygon
4477039027,111,ri_polygon
4477039028,11,ri_polygon
4477039029,23,ri_polygon
4477039030,131,ri_polygon
4477040000,23,emd_point
4477040021,57,ri_polygon
4477040022,42,ri_polygon
4477040023,11,ri_polygon
4477040024,9,ri_polygon
4477040025,50,ri_polygon
4477040026,43,ri_polygon
4477040027,65,ri_polygon
4477040028,60,ri_polygon
4477040029,25,ri_polygon
4477040030,6,ri_polygon
4477040031,4,ri_polygon
4477041000,10,emd_point
4477041021,6,ri_polygon
4477041022,25,ri_polygon
4477041023,6,ri_polygon
4477041024,32,ri_polygon
4477041025,16,ri_polygon
4477041026,5,ri_polygon
4477041027,4,ri_polygon
4477041028,13,ri_polygon
4477041029,7,ri_polygon
4479025000,95,emd_point
4479025021,93,ri_polygon
4479025022,145,ri_polygon
4479025023,106,ri_polygon
4479025024,120,ri_polygon
4479025025,185,ri_polygon
4479025026,104,ri_polygon
4479025027,168,ri_polygon
4479025028,119,ri_polygon
4479025029,150,ri_polygon
4479025030,137,ri_polygon
4479025031,145,ri_polygon
4479031000,106,emd_point
4479031021,144,ri_polygon
4479031022,158,ri_polygon
4479031023,95,ri_polygon
4479031024,189,ri_polygon
4479031025,144,ri_polygon
4479031026,61,ri_polygon
4479031027,55,ri_polygon
4479031028,63,ri_polygon
4479031029,239,ri_polygon
4479032000,113,emd_point
4479032021,198,ri_polygon
4479032022,164,ri_polygon
4479032023,248,ri_polygon
4479032024,84,ri_polygon
4479032025,159,ri_polygon
4479032026,83,ri_polygon
4479032027,64,ri_polygon
4479032028,188,ri_polygon
4479032029,219,ri_polygon
4479032030,208,ri_polygon
4479032031,223,ri_polygon
4479032032,185,ri_polygon
4479032033,217,ri_polygon
4479032034,193,ri_polygon
4479032035,215,ri_polygon
4479032036,126,ri_polygon
4479033000,34,emd_point
4479033021,53,ri_polygon
4479033022,24,ri_polygon
4479033023,41,ri_polygon
4479033024,117,ri_polygon
4479033025,216,ri_polygon
4479033026,83,ri_polygon
4479033027,70,ri_polygon
4479033028,84,ri_polygon
4479033029,263,ri_polygon
4479033030,118,ri_polygon
4479033031,87,ri_polygon
4479033032,57,ri_polygon
4479033033,54,ri_polygon
4479033034,84,ri_polygon
4479033035,87,ri_polygon
4479033036,33,ri_polygon
4479034000,38,emd_point
4479034021,29,ri_polygon
4479034022,28,ri_polygon
4479034023,16,ri_polygon
4479034024,22,ri_polygon
4479034025,133,ri_polygon
4479034026,181,ri_polygon
4479034027,37,ri_polygon
4479035000,11,emd_point
4479035021,10,ri_polygon
4479035022,21,ri_polygon
4479035023,51,ri_polygon
4479035024,61,ri_polygon
4479035025,13,ri_polygon
4479035026,10,ri_polygon
4479035027,11,ri_polygon
4479035028,8,ri_polygon
4479035029,41,ri_polygon
4479035030,15,ri_polygon
4479035031,18,ri_polygon
4479036000,20,emd_point
4479036021,48,ri_polygon
4479036022,83,ri_polygon
4479036023,39,ri_polygon
4479036024,148,ri_polygon
4479036025,119,ri_polygon
4479036026,64,ri_polygon
4479036027,58,ri_polygon
4479036028,137,ri_polygon
4479036029,10,ri_polygon
4479036030,38,ri_polygon
4479036031,45,ri_polygon
4479037000,85,emd_point
4479037021,100,ri_polygon
4479037022,137,ri_polygon
4479037023,157,ri_polygon
4479037024,117,ri_polygon
4479037025,118,ri_polygon
4479037026,120,ri_polygon
4479037027,180,ri_polygon
4479037028,126,ri_polygon
4479037029,174,ri_polygon
4479037030,164,ri_polygon
4479037031,133,ri_polygon
4479037032,108,ri_polygon
4479038000,114,emd_point
4479038021,149,ri_polygon
4479038022,95,ri_polygon
4479038023,119,ri_polygon
4479038024,95,ri_polygon
4479038025,156,ri_polygon
4479038026,127,ri_polygon
4479038027,83,ri_polygon
4479038028,60,ri_polygon
4479038029,62,ri_polygon
4479038030,63,ri_polygon
4479038031,119,ri_polygon
4479038032,131,ri_polygon
4479039000,58,emd_point
4479039021,43,ri_polygon
4479039022,71,ri_polygon
4479039023,116,ri_polygon
4479039024,158,ri_polygon
4479039025,163,ri_polygon
4479039026,67,ri_polygon
4479039027,41,ri_polygon
4479039028,48,ri_polygon
4479039029,86,ri_polygon
4479039030,73,ri_polygon
4480025000,31,emd_point
4480025021,30,ri_polygon
4480025022,36,ri_polygon
4480025023,39,ri_polygon
4480025024,105,ri_polygon
4480025025,132,ri_polygon
4480025026,47,ri_polygon
4480025027,55,ri_polygon
4480025028,46,ri_polygon
4480025029,39,ri_polygon
4480025030,35,ri_polygon
4480025031,46,ri_polygon
4480025032,27,ri_polygon
4480025300,10,emd_point
4480025321,21,ri_polygon
4480025322,5,ri_polygon
4480025323,102,ri_polygon
4480025324,34,ri_polygon
4480025325,25,ri_polygon
4480025326,12,ri_polygon
4480025327,36,ri_polygon
4480025328,127,ri_polygon
4480025329,38,ri_polygon
4480025330,44,ri_polygon
4480025331,52,ri_polygon
4480025332,33,ri_polygon
4480025333,31,ri_polygon
4480025600,26,emd_point
4480025621,26,emd_point
4480025622,26,emd_point
4480025623,26,emd_point
4480025624,26,emd_point
4480025625,26,emd_point
4480025626,26,emd_point
4480025627,26,emd_point
4480025628,26,emd_point
4480025629,26,emd_point
4480025630,26,emd_point
4480025631,26,emd_point
4480025632,26,emd_point
4480025633,26,emd_point
4480032000,57,emd_point
4480032021,72,ri_polygon
4480032022,155,ri_polygon
4480032023,50,ri_polygon
4480032024,36,ri_polygon
4480032025,37,ri_polygon
4480032026,63,ri_polygon
4480032027,52,ri_polygon
4480032028,53,ri_polygon
4480032029,26,ri_polygon
4480032030,35,ri_polygon
4480032031,34,ri_polygon
4480032032,20,ri_polygon
4480032033,25,ri_polygon
4480033000,32,emd_point
4480033021,65,ri_polygon
4480033022,76,ri_polygon
4480033023,42,ri_polygon
4480033024,46,ri_polygon
4480033025,67,ri_polygon
4480033026,65,ri_polygon
4480033027,45,ri_polygon
4480033028,51,ri_polygon
4480033029,48,ri_polygon
4480033030,51,ri_polygon
4480033031,61,ri_polygon
4480033032,91,ri_polygon
4480033033,71,ri_polygon
4480033034,47,ri_polygon
4480034000,48,emd_point
4480034021,43,ri_polygon
4480034022,80,ri_polygon
4480034023,86,ri_polygon
4480034024,206,ri_polygon
4480034025,139,ri_polygon
4480034026,28,ri_polygon
4480034027,37,ri_polygon
4480034028,52,ri_polygon
4480034029,111,ri_polygon
4480034030,186,ri_polygon
4480034031,87,ri_polygon
4480034032,69,ri_polygon
4480034033,77,ri_polygon
4480034034,119,ri_polygon
4480034035,72,ri_polygon
4480034036,80,ri_polygon
4480035000,55,emd_point
4480035021,45,ri_polygon
4480035022,30,ri_polygon
4480035023,38,ri_polygon
4480035024,39,ri_polygon
4480035025,26,ri_polygon
4480035026,14,ri_polygon
4480035027,6,ri_polygon
4480035028,21,ri_polygon
4480035029,31,ri_polygon
4480035030,53,ri_polygon
4480035031,23,ri_polygon
4480036000,24,emd_point
4480036021,21,ri_polygon
4480036022,96,ri_polygon
4480036023,27,ri_polygon
4480036024,6,ri_polygon
4480036025,26,ri_polygon
4480036026,40,ri_polygon
4480036027,23,ri_polygon
4480036028,43,ri_polygon
4480036029,88,ri_polygon
4480037000,75,emd_point
4480037021,18,ri_polygon
4480037022,6,ri_polygon
4480037023,2,ri_polygon
4480037024,24,ri_polygon
4480037025,47,ri_polygon
4480037026,52,ri_polygon
4480037027,24,ri_polygon
4480037028,31,ri_polygon
4480037029,32,ri_polygon
4480037030,33,ri_polygon
4480037031,47,ri_polygon
4480037032,4,ri_polygon
4480038000,17,emd_point
4480038021,20,ri_polygon
4480038022,57,ri_polygon
4480038023,32,ri_polygon
4480038024,142,ri_polygon
4480038025,67,ri_polygon
4480038026,26,ri_polygon
4480038027,18,ri_polygon
4480038028,34,ri_polygon
4480038029,23,ri_polygon
4480038030,37,ri_polygon
4480038031,2,ri_polygon
4480038032,6,ri_polygon
4480038033,33,ri_polygon
4480038034,57,ri_polygon
4480038035,32,ri_polygon
4480038036,178,ri_polygon
4480039000,70,emd_point
4480039021,88,ri_polygon
4480039022,81,ri_polygon
4480039023,66,ri_polygon
4480039024,40,ri_polygon
4480039025,47,ri_polygon
4480039026,55,ri_polygon
4480039027,86,ri_polygon
4480039028,53,ri_polygon
4480039029,78,ri_polygon
4480039030,49,ri_polygon
4480039031,46,ri_polygon
4480039032,69,ri_polygon
4481025000,31,emd_point
4481025021,48,ri_polygon
4481025022,139,ri_polygon
4481025023,68,ri_polygon
4481025024,25,ri_polygon
4481025025,36,ri_polygon
4481025026,14,ri_polygon
4481025027,25,ri_polygon
4481025028,76,ri_polygon
4481025029,10,ri_polygon
4481025030,33,ri_polygon
4481025031,73,ri_polygon
4481025032,9,ri_polygon
4481025033,122,ri_polygon
4481025300,28,emd_point
4481025321,17,ri_polygon
4481025322,8,ri_polygon
4481025323,10,ri_polygon
4481025324,18,ri_polygon
4481025325,15,ri_polygon
4481025326,30,ri_polygon
4481025327,29,ri_polygon
4481025328,19,ri_polygon
4481025329,19,ri_polygon
4481025330,13,ri_polygon
4481025331,35,ri_polygon
4481025332,24,ri_polygon
4481025333,13,ri_polygon
4481025334,15,ri_polygon
4481025335,7,ri_polygon
4481025336,5,ri_polygon
4481025337,4,ri_polygon
4481025338,23,ri_polygon
4481025339,15,ri_polygon
4481025340,30,ri_polygon
4481025341,22,ri_polygon
4481031000,46,emd_point
4481031021,56,ri_polygon
4481031022,84,ri_polygon
4481031023,69,ri_polygon
4481031024,177,ri_polygon
4481031025,77,ri_polygon
4481031026,214,ri_polygon
4481031027,104,ri_polygon
4481031028,189,ri_polygon
4481031029,82,ri_polygon
4481031030,62,ri_polygon
4481031031,76,ri_polygon
4481031032,131,ri_polygon
4481032000,42,emd_point
4481032021,58,ri_polygon
4481032022,53,ri_polygon
4481032023,39,ri_polygon
4481032024,31,ri_polygon
4481032025,43,ri_polygon
4481032026,40,ri_polygon
4481032027,88,ri_polygon
4481032028,53,ri_polygon
4481032029,81,ri_polygon
4481032030,79,ri_polygon
4481032031,58,ri_polygon
4481032032,54,ri_polygon
4481032033,48,ri_polygon
4481032034,147,ri_polygon
4481032035,53,ri_polygon
4481032036,108,ri_polygon
4481033000,29,emd_point
4481033021,48,ri_polygon
4481033022,75,ri_polygon
4481033023,48,ri_polygon
4481033024,35,ri_polygon
4481033025,50,ri_polygon
4481033026,58,ri_polygon
4481033027,75,ri_polygon
4481033028,29,ri_polygon
4481033029,30,ri_polygon
4481033030,90,ri_polygon
4481033031,35,ri_polygon
4481033032,47,ri_polygon
4481033033,104,ri_polygon
4481033034,79,ri_polygon
4481033035,32,ri_polygon
4481033036,30,ri_polygon
4481033037,46,ri_polygon
4481033038,64,ri_polygon
4481033039,56,ri_polygon
4481033040,133,ri_polygon
4481034000,35,emd_point
4481034021,78,ri_polygon
4481034022,103,ri_polygon
4481034023,68,ri_polygon
4481034024,30,ri_polygon
4481034025,26,ri_polygon
4481034026,19,ri_polygon
4481034027,29,ri_polygon
4481034028,70,ri_polygon
4481034029,26,ri_polygon
4481034030,77,ri_polygon
4481034031,64,ri_polygon
4481034032,85,ri_polygon
4481034033,63,ri_polygon
4481034034,64,ri_polygon
4481035000,30,emd_point
4481035021,53,ri_polygon
4481035022,76,ri_polygon
4481035023,103,ri_polygon
4481035024,27,ri_polygon
4481035025,67,ri_polygon
4481035026,22,ri_polygon
4481035027,69,ri_polygon
4481035028,19,ri_polygon
4481035029,55,ri_polygon
4481035030,48,ri_polygon
4481035031,23,ri_polygon
4481035032,34,ri_polygon
4481035033,56,ri_polygon
4481036000,40,emd_point
4481036021,44,ri_polygon
4481036022,42,ri_polygon
4481036023,83,ri_polygon
4481036024,164,ri_polygon
4481036025,86,ri_polygon
4481036026,38,ri_polygon
4481036027,66,ri_polygon
4481036028,72,ri_polygon
4481036029,134,ri_polygon
4481036030,141,ri_polygon
4481036031,90,ri_polygon
4481036032,90,ri_polygon
4481036033,89,ri_polygon
4481036034,47,ri_polygon
4481036035,80,ri_polygon
4481036036,60,ri_polygon
4481037000,52,emd_point
4481037021,66,ri_polygon
4481037022,67,ri_polygon
4481037023,116,ri_polygon
4481037024,143,ri_polygon
4481037025,36,ri_polygon
4481037026,63,ri_polygon
4481037027,50,ri_polygon
4481037028,48,ri_polygon
4481037029,21,ri_polygon
4481037030,37,ri_polygon
4481037031,35,ri_polygon
4481037032,34,ri_polygon
4481037033,121,ri_polygon
4481037034,59,ri_polygon
4481037035,53,ri_polygon
4481038000,15,emd_point
4481038021,18,ri_polygon
4481038022,40,ri_polygon
4481038023,39,ri_polygon
4481038024,28,ri_polygon
4481038025,19,ri_polygon
4481038026,9,ri_polygon
4481038027,12,ri_polygon
4481038028,14,ri_polygon
4481038029,11,ri_polygon
4481038030,8,ri_polygon
4481038031,19,ri_polygon
4481038032,16,ri_polygon
4481039000,9,emd_point
4481039021,20,ri_polygon
4481039022,5,ri_polygon
4481039023,21,ri_polygon
4481039024,3,ri_polygon
4481039025,4,ri_polygon
4481039026,19,ri_polygon
4481039027,21,ri_polygon
4481039028,9,ri_polygon
4481039029,6,ri_polygon
4481039030,18,ri_polygon
4481039031,3,ri_polygon
4481039032,18,ri_polygon
4481039033,10,ri_polygon
4481040000,15,emd_point
4481040021,25,ri_polygon
4481040022,12,ri_polygon
4481040023,29,ri_polygon
4481040024,19,ri_polygon
4481040025,33,ri_polygon
4481040026,13,ri_polygon
4481040027,18,ri_polygon
4481040028,12,ri_polygon
4481040029,14,ri_polygon
4481040030,9,ri_polygon
4481040031,9,ri_polygon
4481040032,21,ri_polygon
4482525000,29,emd_point
4482525021,27,ri_polygon
4482525022,25,ri_polygon
4482525023,7,ri_polygon
4482525024,14,ri_polygon
4482525025,3,ri_polygon
4482525026,10,ri_polygon
4482525027,17,ri_polygon
4482525028,40,ri_polygon
4482525029,16,ri_polygon
4482525030,20,ri_polygon
4482525031,45,ri_polygon
4482525032,18,ri_polygon
4482525033,5,ri_polygon
4482525300,10,emd_point
4482525321,22,ri_polygon
4482525322,14,ri_polygon
4482525323,27,ri_polygon
4482525324,43,ri_polygon
4482525325,1,ri_polygon
4482525326,7,ri_polygon
4482531000,4,emd_point
4482531021,8,ri_polygon
4482531022,23,ri_polygon
4482531023,8,ri_polygon
4482532000,8,emd_point
4482532021,29,ri_polygon
4482532022,18,ri_polygon
4482532023,7,ri_polygon
4482532024,4,ri_polygon
4482532025,3,ri_polygon
4482532026,12,ri_polygon
4482532027,3,ri_polygon
4482532028,-1,ri_polygon
4482532029,19,ri_polygon
4482533000,7,emd_point
4482533021,4,ri_polygon
4482533022,24,ri_polygon
4482533023,9,ri_polygon
4482533024,5,ri_polygon
4482533025,13,ri_polygon
4482533026,19,ri_polygon
4482533027,53,ri_polygon
4482533028,25,ri_polygon
4482533029,0,ri_polygon
4482534000,5,emd_point
4482534021,37,ri_polygon
4482534022,17,ri_polygon
4482534023,117,ri_polygon
4482534024,47,ri_polygon
4482534025,22,ri_polygon
4482534026,50,ri_polygon
4482534027,6,ri_polygon
4482534028,6,ri_polygon
4482534029,19,ri_polygon
4482535000,31,emd_point
4482535021,43,ri_polygon
4482535022,4,ri_polygon
4482535023,12,ri_polygon
4482535024,33,ri_polygon
4482535025,62,ri_polygon
4482535026,7,ri_polygon
4482535027,55,ri_polygon
4482535028,68,ri_polygon
4482535029,19,ri_polygon
4482535030,11,ri_polygon
4482535031,43,ri_polygon
4482536000,62,emd_point
4482536021,68,ri_polygon
4482536022,6,ri_polygon
4482536023,88,ri_polygon
4482536024,18,ri_polygon
4482536025,40,ri_polygon
4711110100,4,emd_polygon
4711110200,3,emd_polygon
4711110300,3,emd_point
4711110400,3,emd_point
4711110500,18,emd_point
4711110600,24,emd_polygon
4711110700,6,emd_polygon
4711110800,9,emd_polygon
4711110900,6,emd_polygon
4711111000,19,emd_polygon
4711111100,44,emd_polygon
4711111200,16,emd_polygon
4711111300,34,emd_polygon
4711111400,7,emd_polygon
4711111500,60,emd_polygon
4711111600,21,emd_polygon
4711111700,73,emd_polygon
4711125000,21,emd_point
4711125021,68,ri_polygon
4711125022,74,ri_polygon
4711125023,85,ri_polygon
4711125024,26,ri_polygon
4711125025,31,ri_polygon
4711125026,39,ri_polygon
4711125027,58,ri_polygon
4711125028,127,ri_polygon
4711125029,88,ri_polygon
4711125030,42,ri_polygon
4711125300,4,emd_point
4711125321,11,ri_polygon
4711125322,4,ri_polygon
4711125323,9,ri_polygon
4711125324,5,ri_polygon
4711125325,30,ri_polygon
4711125326,12,ri_polygon
4711125327,106,ri_polygon
4711125328,59,ri_polygon
4711125329,75,ri_polygon
4711125330,5,ri_polygon
4711125331,37,ri_polygon
4711125332,14,ri_polygon
4711125333,87,ri_polygon
4711125600,41,emd_point
4711125621,23,ri_polygon
4711125622,59,ri_polygon
4711125623,343,ri_polygon
4711125624,177,ri_polygon
4711125625,136,ri_polygon
4711125626,99,ri_polygon
4711125627,116,ri_polygon
4711125628,83,ri_polygon
4711125629,98,ri_polygon
4711125630,38,ri_polygon
4711125631,18,ri_polygon
4711131000,10,emd_point
4711131021,23,ri_polygon
4711131022,69,ri_polygon
4711131023,86,ri_polygon
4711131024,262,ri_polygon
4711131025,87,ri_polygon
4711131026,42,ri_polygon
4711131027,5,ri_polygon
4711131028,57,ri_polygon
4711131029,10,ri_polygon
4711132000,9,emd_point
4711132021,12,ri_polygon
4711132022,43,ri_polygon
4711132023,35,ri_polygon
4711132024,25,ri_polygon
4711132025,102,ri_polygon
4711132026,38,ri_polygon
4711132027,50,ri_polygon
4711132028,104,ri_polygon
4711132029,73,ri_polygon
4711132030,126,ri_polygon
4711132031,44,ri_polygon
4711132032,123,ri_polygon
4711132033,65,ri_polygon
4711132034,60,ri_polygon
4711133000,15,emd_point
4711133021,112,ri_polygon
4711133022,24,ri_polygon
4711133023,42,ri_polygon
4711133024,37,ri_polygon
4711133025,30,ri_polygon
4711133026,29,ri_polygon
4711133027,95,ri_polygon
4711133028,106,ri_polygon
4711133029,48,ri_polygon
4711133030,70,ri_polygon
4711133031,102,ri_polygon
4711133032,171,ri_polygon
4711133033,79,ri_polygon
4711133034,52,ri_polygon
4711133035,89,ri_polygon
4711133036,8,ri_polygon
4711133037,38,ri_polygon
4711133038,54,ri_polygon
4711133039,63,ri_polygon
4711133040,79,ri_polygon
4711133041,90,ri_polygon
4711133042,141,ri_polygon
4711133043,145,ri_polygon
4711135000,23,emd_point
4711135021,143,ri_polygon
4711135022,41,ri_polygon
4711135023,41,ri_polygon
4711135024,103,ri_polygon
4711310100,7,emd_polygon
4711310200,10,emd_polygon
4711310300,8,emd_polygon
4711310400,12,emd_polygon
4711310500,10,emd_polygon
4711310600,6,emd_point
4711310700,7,emd_polygon
4711310800,6,emd_polygon
4711310900,10,emd_polygon
4711311000,7,emd_polygon
4711311100,5,emd_polygon
4711311200,16,emd_polygon
4711311300,10,emd_polygon
4711311400,47,emd_polygon
4711311500,73,emd_polygon
4711311600,3,emd_point
4711311700,6,emd_point
4711311800,15,emd_polygon
4711311900,23,emd_polygon
4711312000,0,emd_point
4711312100,33,emd_polygon
4711312200,16,emd_polygon
4711312300,21,emd_polygon
4711312400,43,emd_polygon
4711325000,24,emd_point
4711325021,139,ri_polygon
4711325022,28,ri_polygon
4711325023,17,ri_polygon
4711325024,28,ri_polygon
4711325025,18,ri_polygon
4711325026,11,ri_polygon
4711325027,15,ri_polygon
4711325028,19,ri_polygon
4711325029,14,ri_polygon
4711325030,8,ri_polygon
4711325031,24,ri_polygon
4711325032,5,ri_polygon
4711325033,45,ri_polygon
4711325034,50,ri_polygon
4711325035,51,ri_polygon
4711325036,77,ri_polygon
4711325037,95,ri_polygon
4711325038,79,ri_polygon
4711325039,46,ri_polygon
4711325040,25,ri_polygon
4711325041,14,ri_polygon
4711325042,72,ri_polygon
4711325043,40,ri_polygon
4711325044,28,ri_polygon
4711325045,28,ri_polygon
4711325046,88,ri_polygon
4711325047,95,ri_polygon
4711325048,19,ri_polygon
4711325049,81,ri_polygon
4711325050,140,ri_polygon
4711331000,74,emd_point
4711331021,152,ri_polygon
4711331022,189,ri_polygon
4711331023,131,ri_polygon
4711331024,154,ri_polygon
4711331025,176,ri_polygon
4711331026,92,ri_polygon
4711331027,64,ri_polygon
4711331028,133,ri_polygon
4711331029,98,ri_polygon
4711331030,167,ri_polygon
4711331031,203,ri_polygon
4711331032,214,ri_polygon
4711331033,56,ri_polygon
4711332000,35,emd_point
4711332021,52,ri_polygon
4711332022,55,ri_polygon
4711332023,84,ri_polygon
4711332024,36,ri_polygon
4711332025,45,ri_polygon
4711332026,9,ri_polygon
4711332027,23,ri_polygon
4711332028,52,ri_polygon
4711332029,29,ri_polygon
4711332030,35,ri_polygon
4711332031,31,ri_polygon
4711332032,96,ri_polygon
4711332033,60,ri_polygon
4711332034,70,ri_polygon
4711332035,92,ri_polygon
4711332036,258,ri_polygon
4711332037,382,ri_polygon
4711332038,203,ri_polygon
4711333000,45,emd_point
4711333021,96,ri_polygon
4711333022,23,ri_polygon
4711333023,633,ri_polygon
4711333024,47,ri_polygon
4711333025,17,ri_polygon
4711333026,44,ri_polygon
4711333027,14,ri_polygon
4711333028,111,ri_polygon
4711333029,170,ri_polygon
4711334000,42,emd_point
4711334021,66,ri_polygon
4711334022,100,ri_polygon
4711334023,209,ri_polygon
4711334024,81,ri_polygon
4711334025,120,ri_polygon
4711334026,98,ri_polygon
4711334027,54,ri_polygon
4711334028,85,ri_polygon
4711334029,96,ri_polygon
4711334030,79,ri_polygon
4711334031,154,ri_polygon
4711334032,212,ri_polygon
4711334033,132,ri_polygon
4711334034,190,ri_polygon
4711334035,170,ri_polygon
4711334036,370,ri_polygon
4711335000,234,emd_point
4711335021,367,ri_polygon
4711335022,267,ri_polygon
4711335023,468,ri_polygon
4711335024,212,ri_polygon
4711335025,431,ri_polygon
4711335026,346,ri_polygon
4711335027,237,ri_polygon
4711335028,333,ri_polygon
4711335029,481,ri_polygon
4711335030,369,ri_polygon
4711335031,361,ri_polygon
4711335032,424,ri_polygon
4711335033,295,ri_polygon
4711335034,304,ri_polygon
4711335035,284,ri_polygon
4711335036,359,ri_polygon
4711335037,489,ri_polygon
4711335038,596,ri_polygon
4711335039,448,ri_polygon
4711336000,122,emd_point
4711336021,196,ri_polygon
4711336022,138,ri_polygon
4711336023,187,ri_polygon
4711336024,266,ri_polygon
4711336025,241,ri_polygon
4711336026,241,ri_polygon
4711336027,261,ri_polygon
4713010100,43,emd_polygon
4713010200,41,emd_polygon
4713010300,40,emd_polygon
4713010400,47,emd_polygon
4713010500,46,emd_point
4713010600,43,emd_polygon
4713010700,39,emd_polygon
4713010800,42,emd_point
4713010900,37,emd_polygon
4713011000,41,emd_point
4713011100,41,emd_polygon
4713011200,44,emd_polygon
4713011300,47,emd_polygon
4713011400,52,emd_polygon
4713011500,38,emd_polygon
4713011600,78,emd_polygon
4713011700,111,emd_polygon
4713011800,68,emd_polygon
4713011900,72,emd_polygon
4713012000,96,emd_polygon
4713012100,49,emd_polygon
4713012200,62,emd_polygon
4713012300,96,emd_polygon
4713012400,44,emd_point
4713012500,40,emd_point
4713012600,48,emd_point
4713012700,97,emd_polygon
4713012800,78,emd_polygon
4713012900,146,emd_polygon
4713013000,113,emd_polygon
4713013100,123,emd_polygon
4713013200,164,emd_polygon
4713013300,227,emd_polygon
4713013400,259,emd_polygon
4713013500,122,emd_polygon
4713013600,133,emd_polygon
4713013700,255,emd_polygon
4713013800,306,emd_polygon
4713013900,232,emd_polygon
4713014000,110,emd_polygon
4713014100,91,emd_polygon
4713014200,107,emd_polygon
4713014300,106,emd_polygon
4713014400,43,emd_polygon
4713025000,6,emd_point
4713025021,84,ri_polygon
4713025022,83,ri_polygon
4713025023,58,ri_polygon
4713025024,118,ri_polygon
4713025025,53,ri_polygon
4713025026,124,ri_polygon
4713025027,91,ri_polygon
4713025028,133,ri_polygon
4713025029,139,ri_polygon
4713025300,16,emd_point
4713025321,62,ri_polygon
4713025322,17,ri_polygon
4713025323,15,ri_polygon
4713025324,39,ri_polygon
4713025325,80,ri_polygon
4713025326,59,ri_polygon
4713025327,46,ri_polygon
4713025328,248,ri_polygon
4713025329,270,ri_polygon
4713025330,94,ri_polygon
4713025331,110,ri_polygon
4713025332,52,ri_polygon
4713025333,12,ri_polygon
4713025334,16,ri_polygon
4713025335,110,ri_polygon
4713025600,80,emd_point
4713025621,76,ri_polygon
4713025622,201,ri_polygon
4713025623,121,ri_polygon
4713025624,277,ri_polygon
4713025625,92,ri_polygon
4713025626,95,ri_polygon
4713025627,78,ri_polygon
4713025628,204,ri_polygon
4713025629,99,ri_polygon
4713025630,72,ri_polygon
4713025631,74,ri_polygon
4713025900,93,emd_point
4713025921,240,ri_polygon
4713025922,164,ri_polygon
4713025923,125,ri_polygon
4713025924,172,ri_polygon
4713025925,176,ri_polygon
4713025926,205,ri_polygon
4713025927,84,ri_polygon
4713025928,192,ri_polygon
4713025929,149,ri_polygon
4713025930,184,ri_polygon
4713025931,84,ri_polygon
4713025932,64,ri_polygon
4713025933,86,ri_polygon
4713025934,124,ri_polygon
4713025935,186,ri_polygon
4713025936,53,ri_polygon
4713025937,82,ri_polygon
4713031500,71,emd_point
4713031521,71,emd_point
4713031522,71,emd_point
4713031523,71,emd_point
4713031524,71,emd_point
4713031525,71,emd_point
4713031526,71,emd_point
4713031527,71,emd_point
4713031528,71,emd_point
4713031529,71,emd_point
4713031530,71,emd_point
4713031531,71,emd_point
4713031532,71,emd_point
4713031533,71,emd_point
4713031534,71,emd_point
4713031535,71,emd_point
4713032000,9,emd_point
4713032021,13,ri_polygon
4713032022,8,ri_polygon
4713032023,55,ri_polygon
4713032024,50,ri_polygon
4713032025,372,ri_polygon
4713032026,64,ri_polygon
4713032027,336,ri_polygon
4713032028,59,ri_polygon
4713032029,258,ri_polygon
4713032030,113,ri_polygon
4713032031,50,ri_polygon
4713032032,41,ri_polygon
4713032033,156,ri_polygon
4713032034,103,ri_polygon
4713032035,22,ri_polygon
4713033000,55,emd_point
4713033021,139,ri_polygon
4713033022,146,ri_polygon
4713033023,79,ri_polygon
4713033024,59,ri_polygon
4713033025,87,ri_polygon
4713033026,83,ri_polygon
4713033027,135,ri_polygon
4713033028,61,ri_polygon
4713033029,144,ri_polygon
4713033030,94,ri_polygon
4713033031,291,ri_polygon
4713033032,171,ri_polygon
4713033033,210,ri_polygon
4713034000,210,emd_point
4713034021,404,ri_polygon
4713034022,316,ri_polygon
4713034023,179,ri_polygon
4713034024,233,ri_polygon
4713034025,168,ri_polygon
4713034026,290,ri_polygon
4713034027,228,ri_polygon
4713034028,553,ri_polygon
4713034029,413,ri_polygon
4713035000,104,emd_point
4713035021,191,ri_polygon
4713035022,148,ri_polygon
4713035023,166,ri_polygon
4713035024,189,ri_polygon
4713035025,124,ri_polygon
4713035026,177,ri_polygon
4713035027,145,ri_polygon
4713035028,109,ri_polygon
4713036000,26,emd_point
4713036021,40,ri_polygon
4713036022,113,ri_polygon
4713036023,86,ri_polygon
4713036024,109,ri_polygon
4713036025,63,ri_polygon
4713036026,116,ri_polygon
4713036027,24,ri_polygon
4713036028,222,ri_polygon
4713036029,121,ri_polygon
4713036030,38,ri_polygon
4713037000,7,emd_point
4713037021,19,ri_polygon
4713037022,16,ri_polygon
4713037023,76,ri_polygon
4713037024,131,ri_polygon
4713037025,87,ri_polygon
4713037026,22,ri_polygon
4713037027,55,ri_polygon
4713037028,66,ri_polygon
4713037029,95,ri_polygon
4713037030,22,ri_polygon
4713037031,7,ri_polygon
4713038000,46,emd_point
4713038021,63,ri_polygon
4713038022,50,ri_polygon
4713038023,130,ri_polygon
4713038024,94,ri_polygon
4713038025,46,ri_polygon
4713038026,190,ri_polygon
4713038027,24,ri_polygon
4713038028,16,ri_polygon
4713038029,25,ri_polygon
4715010100,68,emd_polygon
4715010200,67,emd_polygon
4715010300,66,emd_polygon
4715010400,91,emd_polygon
4715010500,78,emd_polygon
4715010600,150,emd_polygon
4715010700,144,emd_polygon
4715010800,94,emd_polygon
4715010900,134,emd_polygon
4715011000,99,emd_polygon
4715011100,113,emd_polygon
4715011200,86,emd_polygon
4715011300,129,emd_polygon
4715011400,231,emd_polygon
4715011500,89,emd_point
4715011600,87,emd_polygon
4715011700,77,emd_polygon
4715011800,88,emd_polygon
4715011900,108,emd_polygon
4715012000,80,emd_point
4715025000,98,emd_point
4715025021,69,ri_polygon
4715025022,49,ri_polygon
4715025023,54,ri_polygon
4715025024,47,ri_polygon
4715025025,118,ri_polygon
4715025026,69,ri_polygon
4715025027,90,ri_polygon
4715025028,100,ri_polygon
4715025029,89,ri_polygon
4715025030,335,ri_polygon
4715031000,75,emd_point
4715031021,232,ri_polygon
4715031022,80,ri_polygon
4715031023,90,ri_polygon
4715031024,163,ri_polygon
4715031025,233,ri_polygon
4715031026,105,ri_polygon
4715031027,285,ri_polygon
4715032000,79,emd_point
4715032021,78,ri_polygon
4715032022,90,ri_polygon
4715032023,196,ri_polygon
4715032024,310,ri_polygon
4715032025,206,ri_polygon
4715032026,147,ri_polygon
4715032027,161,ri_polygon
4715032028,68,ri_polygon
4715032030,90,ri_polygon
4715034000,54,emd_point
4715034021,79,ri_polygon
4715034022,67,ri_polygon
4715034023,70,ri_polygon
4715034024,72,ri_polygon
4715034025,74,ri_polygon
4715034026,60,ri_polygon
4715034027,49,ri_polygon
4715034028,90,ri_polygon
4715035000,88,emd_point
4715035021,76,ri_polygon
4715035022,109,ri_polygon
4715035023,71,ri_polygon
4715035024,74,ri_polygon
4715035025,135,ri_polygon
4715035026,139,ri_polygon
4715035027,135,ri_polygon
4715035028,228,ri_polygon
4715035029,103,ri_polygon
4715035030,225,ri_polygon
4715035031,91,ri_polygon
4715035032,173,ri_polygon
4715035033,48,ri_polygon
4715035034,54,ri_polygon
4715035035,106,ri_polygon
4715036000,76,emd_point
4715036021,73,ri_polygon
4715036022,138,ri_polygon
4715036023,92,ri_polygon
4715036024,76,ri_polygon
4715036025,72,ri_polygon
4715036026,163,ri_polygon
4715036027,149,ri_polygon
4715036028,235,ri_polygon
4715036029,265,ri_polygon
4715036030,170,ri_polygon
4715036031,286,ri_polygon
4715036032,126,ri_polygon
4715037000,78,emd_point
4715037021,77,ri_polygon
4715037022,184,ri_polygon
4715037023,165,ri_polygon
4715037024,121,ri_polygon
4715037025,132,ri_polygon
4715037026,209,ri_polygon
4715037027,172,ri_polygon
4715037028,189,ri_polygon
4715038000,177,emd_point
4715038021,169,ri_polygon
4715038022,487,ri_polygon
4715038023,572,ri_polygon
4715038024,294,ri_polygon
4715038025,194,ri_polygon
4715038026,98,ri_polygon
4715038027,164,ri_polygon
4715039000,105,emd_point
4715039021,158,ri_polygon
4715039022,152,ri_polygon
4715039023,76,ri_polygon
4715039024,126,ri_polygon
4715039025,93,ri_polygon
4715040000,141,emd_point
4715040021,81,ri_polygon
4715040022,134,ri_polygon
4715040023,171,ri_polygon
4715040024,252,ri_polygon
4715040025,158,ri_polygon
4715040026,257,ri_polygon
4715040027,279,ri_polygon
4715041000,185,emd_point
4715041021,104,ri_polygon
4715041022,169,ri_polygon
4715041023,416,ri_polygon
4715041024,114,ri_polygon
4715041025,115,ri_polygon
4715041026,169,ri_polygon
4715041027,216,ri_polygon
4715041028,188,ri_polygon
4715041029,327,ri_polygon
4715041030,335,ri_polygon
4715041031,431,ri_polygon
4715041032,140,ri_polygon
4715041033,298,ri_polygon
4715041034,245,ri_polygon
4715041035,282,ri_polygon
4715041036,223,ri_polygon
4715041037,130,ri_polygon
4715042000,139,emd_point
4715042021,129,ri_polygon
4715042022,226,ri_polygon
4715042023,246,ri_polygon
4715042024,382,ri_polygon
4715042025,151,ri_polygon
4715042026,404,ri_polygon
4715042027,405,ri_polygon
4715042028,375,ri_polygon
4715042029,323,ri_polygon
4715042030,298,ri_polygon
4715043000,255,emd_point
4715043021,206,ri_polygon
4715043022,177,ri_polygon
4715043023,196,ri_polygon
4715043024,282,ri_polygon
4715043025,321,ri_polygon
4715043026,716,ri_polygon
4715043027,581,ri_polygon
4715043028,522,ri_polygon
4715043029,529,ri_polygon
4715043030,629,ri_polygon
4715043031,594,ri_polygon
4715043032,346,ri_polygon
4715043033,336,ri_polygon
4715044000,278,emd_point
4715044021,318,ri_polygon
4715044022,564,ri_polygon
4715044023,448,ri_polygon
4715044024,581,ri_polygon
4715044025,174,ri_polygon
4715044026,387,ri_polygon
4715044027,384,ri_polygon
4715044028,343,ri_polygon
4715044029,344,ri_polygon
4715044030,395,ri_polygon
4715044031,636,ri_polygon
4715044032,198,ri_polygon
4715045000,367,emd_point
4715045021,548,ri_polygon
4715045022,413,ri_polygon
4715045023,419,ri_polygon
4715045024,587,ri_polygon
4715045025,518,ri_polygon
4715045026,678,ri_polygon
4715045027,408,ri_polygon
4715045028,370,ri_polygon
4715045029,620,ri_polygon
4715045030,716,ri_polygon
4717010100,99,emd_polygon
4717010200,96,emd_polygon
4717010300,101,emd_polygon
4717010400,167,emd_point
4717010500,152,emd_polygon
4717010600,143,emd_polygon
4717010700,108,emd_polygon
4717010800,166,emd_polygon
4717010900,115,emd_polygon
4717011000,101,emd_point
4717011100,102,emd_polygon
4717011200,101,emd_polygon
4717011300,100,emd_polygon
4717011400,98,emd_polygon
4717011500,98,emd_polygon
4717011600,98,emd_polygon
4717011700,95,emd_polygon
4717011800,96,emd_polygon
4717011900,99,emd_polygon
4717012000,97,emd_polygon
4717012100,96,emd_polygon
4717012200,94,emd_point
4717012300,122,emd_polygon
4717012400,100,emd_polygon
4717012500,129,emd_polygon
4717012600,118,emd_polygon
4717012700,97,emd_point
4717012800,122,emd_point
4717012900,141,emd_polygon
4717013000,227,emd_polygon
4717013100,127,emd_polygon
4717013200,206,emd_polygon
4717013300,100,emd_point
4717013400,193,emd_polygon
4717013500,116,emd_polygon
4717013600,132,emd_polygon
4717013700,170,emd_polygon
4717013800,154,emd_polygon
4717013900,128,emd_polygon
4717014000,138,emd_polygon
4717014100,197,emd_polygon
4717014200,89,emd_polygon
4717025000,84,emd_point
4717025021,76,ri_polygon
4717025022,94,ri_polygon
4717025023,80,ri_polygon
4717025024,125,ri_polygon
4717025025,110,ri_polygon
4717025026,138,ri_polygon
4717025027,136,ri_polygon
4717025028,156,ri_polygon
4717025029,172,ri_polygon
4717025030,155,ri_polygon
4717025031,231,ri_polygon
4717025032,145,ri_polygon
4717025033,257,ri_polygon
4717025034,149,ri_polygon
4717025035,140,ri_polygon
4717025036,99,ri_polygon
4717025037,100,ri_polygon
4717025038,129,ri_polygon
4717025039,100,ri_polygon
4717031000,224,emd_point
4717031021,239,ri_polygon
4717031022,210,ri_polygon
4717031023,235,ri_polygon
4717031024,252,ri_polygon
4717031025,246,ri_polygon
4717031026,278,ri_polygon
4717031027,303,ri_polygon
4717031028,189,ri_polygon
4717031029,229,ri_polygon
4717031030,221,ri_polygon
4717031031,200,ri_polygon
4717031032,270,ri_polygon
4717031033,239,ri_polygon
4717031034,227,ri_polygon
4717031035,154,ri_polygon
4717031036,199,ri_polygon
4717031037,154,ri_polygon
4717031038,199,ri_polygon
4717032000,179,emd_point
4717032021,162,ri_polygon
4717032022,174,ri_polygon
4717032023,236,ri_polygon
4717032024,192,ri_polygon
4717032025,162,ri_polygon
4717032026,210,ri_polygon
4717032027,263,ri_polygon
4717032028,319,ri_polygon
4717032029,410,ri_polygon
4717032030,281,ri_polygon
4717032031,165,ri_polygon
4717032032,280,ri_polygon
4717033000,123,emd_point
4717033021,178,ri_polygon
4717033022,134,ri_polygon
4717033023,187,ri_polygon
4717033024,132,ri_polygon
4717033025,122,ri_polygon
4717033026,167,ri_polygon
4717033027,173,ri_polygon
4717033028,109,ri_polygon
4717033029,181,ri_polygon
4717033030,155,ri_polygon
4717033032,123,emd_point
4717034000,89,emd_point
4717034021,97,ri_polygon
4717034022,71,ri_polygon
4717034023,109,ri_polygon
4717034024,129,ri_polygon
4717034025,68,ri_polygon
4717034026,69,ri_polygon
4717034027,180,ri_polygon
4717034028,99,ri_polygon
4717034029,159,ri_polygon
4717034030,151,ri_polygon
4717034031,112,ri_polygon
4717034032,302,ri_polygon
4717034033,70,ri_polygon
4717035000,116,emd_point
4717035021,193,ri_polygon
4717035022,107,ri_polygon
4717035023,180,ri_polygon
4717035024,141,ri_polygon
4717035025,180,ri_polygon
4717035026,283,ri_polygon
4717035027,169,ri_polygon
4717035028,214,ri_polygon
4717035029,209,ri_polygon
4717035030,111,ri_polygon
4717035031,181,ri_polygon
4717035032,160,ri_polygon
4717035033,165,ri_polygon
4717036000,92,emd_point
4717036021,103,ri_polygon
4717036022,98,ri_polygon
4717036023,108,ri_polygon
4717036024,143,ri_polygon
4717036025,130,ri_polygon
4717036026,151,ri_polygon
4717036027,150,ri_polygon
4717036028,174,ri_polygon
4717036029,192,ri_polygon
4717037000,127,emd_point
4717037021,234,ri_polygon
4717037022,132,ri_polygon
4717037023,186,ri_polygon
4717037024,182,ri_polygon
4717037025,176,ri_polygon
4717037026,198,ri_polygon
4717037027,200,ri_polygon
4717037028,216,ri_polygon
4717038000,108,emd_point
4717038021,193,ri_polygon
4717038022,213,ri_polygon
4717038023,182,ri_polygon
4717038024,241,ri_polygon
4717038025,112,ri_polygon
4717038026,264,ri_polygon
4717038027,132,ri_polygon
4717038028,169,ri_polygon
4717039000,132,emd_point
4717039021,130,ri_polygon
4717039022,244,ri_polygon
4717039023,275,ri_polygon
4717039024,373,ri_polygon
4717039025,352,ri_polygon
4717039026,441,ri_polygon
4717039027,351,ri_polygon
4717039028,362,ri_polygon
4717039029,203,ri_polygon
4717039030,327,ri_polygon
4717039031,158,ri_polygon
4717039032,349,ri_polygon
4717039033,345,ri_polygon
4717040000,181,emd_point
4717040021,156,ri_polygon
4717040022,156,ri_polygon
4717040023,238,ri_polygon
4717040024,279,ri_polygon
4717040025,386,ri_polygon
4717040026,174,ri_polygon
4717040027,229,ri_polygon
4717040028,402,ri_polygon
4717040029,232,ri_polygon
4717040030,201,ri_polygon
4717040031,156,ri_polygon
4717040032,181,ri_polygon
4717041000,218,emd_point
4717041021,197,ri_polygon
4717041022,154,ri_polygon
4717041023,166,ri_polygon
4717041024,213,ri_polygon
4717041025,279,ri_polygon
4717041026,300,ri_polygon
4717041027,286,ri_polygon
4717041028,279,ri_polygon
4717041029,372,ri_polygon
4717041030,234,ri_polygon
4717041031,239,ri_polygon
4717041032,191,ri_polygon
4717041033,220,ri_polygon
4717041034,322,ri_polygon
4717041035,336,ri_polygon
4717041036,154,ri_polygon
4717042000,237,emd_point
4717042021,234,ri_polygon
4717042022,185,ri_polygon
4717042023,166,ri_polygon
4717042024,302,ri_polygon
4717042025,339,ri_polygon
4717042026,185,ri_polygon
4717042027,364,ri_polygon
4717042028,277,ri_polygon
4717042029,319,ri_polygon
4717042030,237,ri_polygon
4717042031,236,ri_polygon
4717042032,180,ri_polygon
4717042033,229,ri_polygon
4717043000,232,emd_point
4717043021,252,ri_polygon
4717043022,321,ri_polygon
4717043023,295,ri_polygon
4717043024,185,ri_polygon
4717043025,262,ri_polygon
4717043026,293,ri_polygon
4717043027,227,ri_polygon
4717043028,210,ri_polygon
4717043029,180,ri_polygon
4717043030,256,ri_polygon
4719010100,51,emd_point
4719010200,29,emd_point
4719010300,54,emd_point
4719010400,73,emd_polygon
4719010500,97,emd_polygon
4719010600,93,emd_polygon
4719010700,339,emd_polygon
4719010800,219,emd_polygon
4719010900,79,emd_polygon
4719011000,49,emd_point
4719011100,50,emd_polygon
4719011200,37,emd_point
4719011300,34,emd_point
4719011400,36,emd_point
4719011500,88,emd_polygon
4719011600,130,emd_polygon
4719011700,36,emd_polygon
4719011800,91,emd_polygon
4719011900,106,emd_polygon
4719012000,146,emd_polygon
4719012100,129,emd_polygon
4719012200,55,emd_polygon
4719012300,40,emd_polygon
4719012400,42,emd_polygon
4719012500,45,emd_polygon
4719012600,37,emd_polygon
4719012700,105,emd_polygon
4719012800,44,emd_polygon
4719012900,57,emd_polygon
4719013000,111,emd_polygon
4719025000,48,emd_point
4719025021,36,ri_polygon
4719025022,37,ri_polygon
4719025023,169,ri_polygon
4719025024,41,ri_polygon
4719025025,85,ri_polygon
4719025026,43,ri_polygon
4719025027,43,ri_polygon
4719025028,45,ri_polygon
4719025029,147,ri_polygon
4719025030,38,ri_polygon
4719025031,33,ri_polygon
4719025032,39,ri_polygon
4719025033,96,ri_polygon
4719025034,83,ri_polygon
4719025035,69,ri_polygon
4719025036,49,ri_polygon
4719025037,84,ri_polygon
4719025038,66,ri_polygon
4719025300,36,emd_point
4719025321,40,ri_polygon
4719025322,53,ri_polygon
4719025323,61,ri_polygon
4719025324,77,ri_polygon
4719025325,58,ri_polygon
4719025326,75,ri_polygon
4719025327,36,ri_polygon
4719025328,45,ri_polygon
4719025329,78,ri_polygon
4719025330,93,ri_polygon
4719025331,84,ri_polygon
4719025332,43,ri_polygon
4719025333,34,ri_polygon
4719025334,31,ri_polygon
4719025335,70,ri_polygon
4719025336,40,ri_polygon
4719025337,43,ri_polygon
4719025338,35,ri_polygon
4719025600,44,emd_point
4719025621,44,emd_point
4719025622,44,emd_point
4719025623,44,emd_point
4719025624,44,emd_point
4719025625,44,emd_point
4719025626,44,emd_point
4719025627,44,emd_point
4719025628,44,emd_point
4719025629,44,emd_point
4719025630,44,emd_point
4719031000,67,emd_point
4719031021,210,ri_polygon
4719031022,155,ri_polygon
4719031023,152,ri_polygon
4719031024,288,ri_polygon
4719031025,123,ri_polygon
4719031026,130,ri_polygon
4719031027,130,ri_polygon
4719031028,106,ri_polygon
4719031029,85,ri_polygon
4719031030,97,ri_polygon
4719032000,69,emd_point
4719032021,106,ri_polygon
4719032022,66,ri_polygon
4719032023,95,ri_polygon
4719032024,64,ri_polygon
4719032025,116,ri_polygon
4719032026,372,ri_polygon
4719032027,322,ri_polygon
4719032028,108,ri_polygon
4719032029,106,ri_polygon
4719033000,43,emd_point
4719033021,43,ri_polygon
4719033022,65,ri_polygon
4719033023,44,ri_polygon
4719033024,73,ri_polygon
4719033025,49,ri_polygon
4719033026,183,ri_polygon
4719033027,116,ri_polygon
4719033028,131,ri_polygon
4719033029,49,ri_polygon
4719034000,38,emd_point
4719034021,50,ri_polygon
4719034022,35,ri_polygon
4719034023,48,ri_polygon
4719034024,32,ri_polygon
4719034025,40,ri_polygon
4719034026,77,ri_polygon
4719034027,79,ri_polygon
4719034028,58,ri_polygon
4719034029,119,ri_polygon
4719034030,174,ri_polygon
4719034031,200,ri_polygon
4719034032,32,ri_polygon
4719034033,89,ri_polygon
4719034034,108,ri_polygon
4719034035,43,ri_polygon
4719036000,62,emd_point
4719036021,142,ri_polygon
4719036022,57,ri_polygon
4719036023,90,ri_polygon
4719036024,108,ri_polygon
4719036025,133,ri_polygon
4719036026,67,ri_polygon
4719036027,62,ri_polygon
4719036028,111,ri_polygon
4719036029,64,ri_polygon
4721010100,148,emd_polygon
4721010200,151,emd_point
4721010300,153,emd_point
4721010400,171,emd_polygon
4721010500,183,emd_polygon
4721010600,180,emd_polygon
4721010700,174,emd_polygon
4721010800,160,emd_polygon
4721010900,190,emd_polygon
4721011000,180,emd_polygon
4721011100,185,emd_polygon
4721011200,151,emd_polygon
4721011300,179,emd_polygon
4721025000,206,emd_point
4721025021,211,ri_polygon
4721025022,204,ri_polygon
4721025023,211,ri_polygon
4721025024,281,ri_polygon
4721025025,690,ri_polygon
4721025026,308,ri_polygon
4721025027,367,ri_polygon
4721025028,226,ri_polygon
4721025029,219,ri_polygon
4721025030,309,ri_polygon
4721025031,331,ri_polygon
4721025032,403,ri_polygon
4721025033,488,ri_polygon
4721025034,422,ri_polygon
4721031000,208,emd_point
4721031021,194,ri_polygon
4721031022,169,ri_polygon
4721031023,186,ri_polygon
4721031024,168,ri_polygon
4721031025,232,ri_polygon
4721031026,239,ri_polygon
4721031027,241,ri_polygon
4721031028,215,ri_polygon
4721031029,225,ri_polygon
4721032000,141,emd_point
4721032021,277,ri_polygon
4721032022,216,ri_polygon
4721032023,299,ri_polygon
4721032024,166,ri_polygon
4721032025,174,ri_polygon
4721032026,153,ri_polygon
4721032027,212,ri_polygon
4721033000,176,emd_point
4721033021,193,ri_polygon
4721033022,261,ri_polygon
4721033023,160,ri_polygon
4721033024,169,ri_polygon
4721033025,229,ri_polygon
4721033027,142,ri_polygon
4721033028,148,ri_polygon
4721033029,178,ri_polygon
4721033030,233,ri_polygon
4721034000,122,emd_point
4721034021,142,ri_polygon
4721034022,141,ri_polygon
4721034023,179,ri_polygon
4721034024,212,ri_polygon
4721034025,121,ri_polygon
4721034026,129,ri_polygon
4721034027,159,ri_polygon
4721034028,184,ri_polygon
4721035000,173,emd_point
4721035021,183,ri_polygon
4721035022,246,ri_polygon
4721035023,237,ri_polygon
4721035024,193,ri_polygon
4721035025,199,ri_polygon
4721035026,159,ri_polygon
4721035027,210,ri_polygon
4721035028,184,ri_polygon
4721035029,180,ri_polygon
4721035030,216,ri_polygon
4721035031,243,ri_polygon
4721035032,210,ri_polygon
4721035033,179,ri_polygon
4721035034,205,ri_polygon
4721036000,194,emd_point
4721036021,501,ri_polygon
4721036022,228,ri_polygon
4721036023,332,ri_polygon
4721036024,423,ri_polygon
4721036025,288,ri_polygon
4721036026,413,ri_polygon
4721036027,217,ri_polygon
4721037000,212,emd_point
4721037021,366,ri_polygon
4721037022,181,ri_polygon
4721037023,200,ri_polygon
4721037024,222,ri_polygon
4721037025,249,ri_polygon
4721037026,316,ri_polygon
4721037027,549,ri_polygon
4721037028,739,ri_polygon
4721038000,249,emd_point
4721038021,235,ri_polygon
4721038022,215,ri_polygon
4721038023,225,ri_polygon
4721038024,228,ri_polygon
4721038025,311,ri_polygon
4721038026,503,ri_polygon
4721038027,480,ri_polygon
4721038028,639,ri_polygon
4721039000,283,emd_point
4721039021,541,ri_polygon
4721039022,498,ri_polygon
4721039023,476,ri_polygon
4721039024,403,ri_polygon
4721039025,299,ri_polygon
4721039026,326,ri_polygon
4721039027,251,ri_polygon
4721039028,228,ri_polygon
4721039029,242,ri_polygon
4721039030,236,ri_polygon
4723010100,79,emd_polygon
4723010200,99,emd_polygon
4723010300,106,emd_polygon
4723010400,102,emd_polygon
4723010500,107,emd_polygon
4723010600,103,emd_polygon
4723010700,115,emd_polygon
4723010800,83,emd_polygon
4723010900,81,emd_polygon
4723011000,118,emd_polygon
4723011100,68,emd_polygon
4723011200,78,emd_polygon
4723011300,77,emd_point
4723011400,108,emd_polygon
4723011500,92,emd_polygon
4723011600,89,emd_polygon
4723011700,111,emd_polygon
4723011800,117,emd_polygon
4723011900,135,emd_polygon
4723012000,84,emd_polygon
4723012100,91,emd_polygon
4723012200,151,emd_polygon
4723012300,121,emd_polygon
4723012400,153,emd_polygon
4723012500,90,emd_polygon
4723012600,73,emd_polygon
4723012700,119,emd_polygon
4723012800,105,emd_polygon
4723012900,150,emd_polygon
4723013000,145,emd_polygon
4723025000,55,emd_point
4723025021,60,ri_polygon
4723025022,60,ri_polygon
4723025023,84,ri_polygon
4723025024,82,ri_polygon
4723025025,70,ri_polygon
4723025026,106,ri_polygon
4723025027,56,ri_polygon
4723025028,76,ri_polygon
4723025029,157,ri_polygon
4723025030,62,ri_polygon
4723025031,105,ri_polygon
4723025032,99,ri_polygon
4723025033,148,ri_polygon
4723025034,107,ri_polygon
4723025035,102,ri_polygon
4723025036,81,ri_polygon
4723025037,65,ri_polygon
4723025038,61,ri_polygon
4723025039,78,ri_polygon
4723025040,78,ri_polygon
4723025041,63,ri_polygon
4723031000,88,emd_point
4723031021,77,ri_polygon
4723031022,111,ri_polygon
4723031023,148,ri_polygon
4723031024,91,ri_polygon
4723031025,73,ri_polygon
4723031026,89,ri_polygon
4723031027,77,ri_polygon
4723031028,82,ri_polygon
4723031029,86,ri_polygon
4723031030,335,ri_polygon
4723031031,166,ri_polygon
4723031032,104,ri_polygon
4723031033,140,ri_polygon
4723031034,282,ri_polygon
4723031035,103,ri_polygon
4723032000,139,emd_point
4723032021,441,ri_polygon
4723032022,178,ri_polygon
4723032023,239,ri_polygon
4723032024,284,ri_polygon
4723032025,226,ri_polygon
4723032026,218,ri_polygon
4723032027,165,ri_polygon
4723032028,118,ri_polygon
4723032029,111,ri_polygon
4723032030,272,ri_polygon
4723032031,294,ri_polygon
4723033000,98,emd_point
4723033021,116,ri_polygon
4723033022,117,ri_polygon
4723033023,128,ri_polygon
4723033024,145,ri_polygon
4723033025,267,ri_polygon
4723033026,148,ri_polygon
4723033027,117,ri_polygon
4723033028,117,ri_polygon
4723033029,99,ri_polygon
4723033030,104,ri_polygon
4723033031,93,ri_polygon
4723033032,122,ri_polygon
4723033033,112,ri_polygon
4723033034,121,ri_polygon
4723033035,95,ri_polygon
4723034000,165,emd_point
4723034021,222,ri_polygon
4723034022,220,ri_polygon
4723034023,388,ri_polygon
4723034024,246,ri_polygon
4723034025,469,ri_polygon
4723034026,376,ri_polygon
4723034027,403,ri_polygon
4723034028,348,ri_polygon
4723034029,439,ri_polygon
4723034030,265,ri_polygon
4723034031,334,ri_polygon
4723034032,205,ri_polygon
4723034034,164,ri_polygon
4723035000,115,emd_point
4723035021,144,ri_polygon
4723035022,181,ri_polygon
4723035023,118,ri_polygon
4723035024,165,ri_polygon
4723035025,116,ri_polygon
4723035026,138,ri_polygon
4723035027,131,ri_polygon
4723035028,126,ri_polygon
4723035029,203,ri_polygon
4723035030,187,ri_polygon
4723035031,299,ri_polygon
4723035032,327,ri_polygon
4723035033,178,ri_polygon
4723036000,158,emd_point
4723036021,303,ri_polygon
4723036022,360,ri_polygon
4723036023,324,ri_polygon
4723036024,169,ri_polygon
4723036025,370,ri_polygon
4723036026,201,ri_polygon
4723036027,156,ri_polygon
4723036028,164,ri_polygon
4723036029,388,ri_polygon
4723037000,100,emd_point
4723037021,130,ri_polygon
4723037022,186,ri_polygon
4723037023,143,ri_polygon
4723037024,250,ri_polygon
4723037025,107,ri_polygon
4723037026,129,ri_polygon
4723037027,114,ri_polygon
4723037028,156,ri_polygon
4723037029,252,ri_polygon
4723037030,224,ri_polygon
4723037031,105,ri_polygon
4723037032,125,ri_polygon
4723037033,139,ri_polygon
4723037034,106,ri_polygon
4723038000,107,emd_point
4723038021,84,ri_polygon
4723038022,102,ri_polygon
4723038023,104,ri_polygon
4723038024,95,ri_polygon
4723038025,122,ri_polygon
4723038026,132,ri_polygon
4723038027,177,ri_polygon
4723038028,140,ri_polygon
4723038029,119,ri_polygon
4723038030,131,ri_polygon
4723038031,167,ri_polygon
4723038032,137,ri_polygon
4723038033,161,ri_polygon
4723038034,107,ri_polygon
4723038035,114,ri_polygon
4723038036,122,ri_polygon
4723038037,195,ri_polygon
4723038038,191,ri_polygon
4723038039,167,ri_polygon
4723038040,176,ri_polygon
4723038041,180,ri_polygon
4723038042,165,ri_polygon
4723038043,249,ri_polygon
4723038044,198,ri_polygon
4723038045,162,ri_polygon
4723038046,191,ri_polygon
4723038047,254,ri_polygon
4723038048,199,ri_polygon
4723038049,226,ri_polygon
4723038051,211,ri_polygon
4723039000,93,emd_point
4723039021,214,ri_polygon
4723039022,196,ri_polygon
4723039023,253,ri_polygon
4723039024,205,ri_polygon
4723039025,184,ri_polygon
4723039026,164,ri_polygon
4723039027,118,ri_polygon
4723039028,116,ri_polygon
4723039029,168,ri_polygon
4723039030,111,ri_polygon
4723039031,165,ri_polygon
4723039032,162,ri_polygon
4723039033,193,ri_polygon
4723039034,105,ri_polygon
4723039035,83,ri_polygon
4723039036,107,ri_polygon
4723039037,189,ri_polygon
4723039038,184,ri_polygon
4723039039,113,ri_polygon
4723039040,94,ri_polygon
4723039041,89,ri_polygon
4723039042,85,ri_polygon
4723039043,83,ri_polygon
4723039044,174,ri_polygon
4723040000,75,emd_point
4723040021,202,ri_polygon
4723040022,215,ri_polygon
4723040023,145,ri_polygon
4723040024,154,ri_polygon
4723040025,224,ri_polygon
4723040026,225,ri_polygon
4723040027,160,ri_polygon
4723040028,102,ri_polygon
4723040029,120,ri_polygon
4723040030,126,ri_polygon
4723040031,94,ri_polygon
4723040032,74,ri_polygon
4723040033,72,ri_polygon
4723040034,98,ri_polygon
4725010100,61,emd_polygon
4725010200,56,emd_polygon
4725010300,57,emd_polygon
4725010400,50,emd_polygon
4725010500,56,emd_polygon
4725010600,60,emd_polygon
4725010700,59,emd_polygon
4725010800,60,emd_polygon
4725010900,59,emd_polygon
4725011000,71,emd_polygon
4725011100,119,emd_polygon
4725011200,60,emd_polygon
4725011300,144,emd_polygon
4725011400,79,emd_polygon
4725011500,331,emd_polygon
4725011600,218,emd_polygon
4725011700,57,emd_polygon
4725011800,107,emd_polygon
4725011900,106,emd_polygon
4725012000,141,emd_polygon
4725012100,77,emd_polygon
4725012200,109,emd_polygon
4725012300,65,emd_polygon
4725012400,67,emd_polygon
4725012500,60,emd_polygon
4725012600,52,emd_polygon
4725012700,56,emd_polygon
4725012800,65,emd_polygon
4725012900,99,emd_polygon
4725013000,65,emd_polygon
4725013100,117,emd_polygon
4725013200,62,emd_polygon
4725013300,90,emd_polygon
4725013400,129,emd_polygon
4725013500,89,emd_polygon
4725013600,93,emd_polygon
4725025000,82,emd_point
4725025021,82,ri_polygon
4725025022,69,ri_polygon
4725025023,66,ri_polygon
4725025024,72,ri_polygon
4725025025,95,ri_polygon
4725025026,109,ri_polygon
4725025027,90,ri_polygon
4725025028,78,ri_polygon
4725025029,64,ri_polygon
4725025030,63,ri_polygon
4725025031,62,ri_polygon
4725025032,66,ri_polygon
4725025033,68,ri_polygon
4725025034,56,ri_polygon
4725025035,90,ri_polygon
4725031000,67,emd_point
4725031021,66,ri_polygon
4725031022,139,ri_polygon
4725031023,52,ri_polygon
4725031024,149,ri_polygon
4725031025,57,ri_polygon
4725031026,168,ri_polygon
4725031027,59,ri_polygon
4725032500,56,emd_point
4725032521,56,emd_point
4725032522,56,emd_point
4725032523,56,emd_point
4725032524,56,emd_point
4725032525,56,emd_point
4725032526,56,emd_point
4725032527,56,emd_point
4725032528,56,emd_point
4725032529,56,emd_point
4725032530,56,emd_point
4725032531,56,emd_point
4725032532,56,emd_point
4725032533,56,emd_point
4725032534,56,emd_point
4725032535,56,emd_point
4725033000,76,emd_point
4725033021,137,ri_polygon
4725033022,52,ri_polygon
4725033023,61,ri_polygon
4725033024,86,ri_polygon
4725033025,62,ri_polygon
4725033026,63,ri_polygon
4725033027,130,ri_polygon
4725033028,61,ri_polygon
4725033029,103,ri_polygon
4725033030,55,ri_polygon
4725033031,151,ri_polygon
4725033032,259,ri_polygon
4725033033,242,ri_polygon
4725033034,225,ri_polygon
4725033035,307,ri_polygon
4725033036,259,ri_polygon
4725033037,110,ri_polygon
4725034000,112,emd_point
4725034021,70,ri_polygon
4725034022,165,ri_polygon
4725034023,92,ri_polygon
4725034024,181,ri_polygon
4725034025,162,ri_polygon
4725034026,105,ri_polygon
4725034027,109,ri_polygon
4725034028,66,ri_polygon
4725034029,80,ri_polygon
4725034030,70,ri_polygon
4725034031,71,ri_polygon
4725034032,65,ri_polygon
4725035000,100,emd_point
4725035021,90,ri_polygon
4725035022,86,ri_polygon
4725035023,203,ri_polygon
4725035024,177,ri_polygon
4725035025,236,ri_polygon
4725035026,166,ri_polygon
4725035027,240,ri_polygon
4725035028,113,ri_polygon
4725035029,267,ri_polygon
4725035030,103,ri_polygon
4725035031,82,ri_polygon
4725035032,168,ri_polygon
4725035033,170,ri_polygon
4725035034,353,ri_polygon
4725035035,202,ri_polygon
4725035036,114,ri_polygon
4725035037,314,ri_polygon
4725035038,360,ri_polygon
4725035039,181,ri_polygon
4725036000,84,emd_point
4725036021,206,ri_polygon
4725036022,162,ri_polygon
4725036023,187,ri_polygon
4725036024,150,ri_polygon
4725036025,83,ri_polygon
4725036026,124,ri_polygon
4725036027,101,ri_polygon
4725036028,171,ri_polygon
4725037000,102,emd_point
4725037021,80,ri_polygon
4725037022,271,ri_polygon
4725037023,157,ri_polygon
4725037024,144,ri_polygon
4725037025,201,ri_polygon
4725037026,226,ri_polygon
4725037027,184,ri_polygon
4725037028,120,ri_polygon
4725037029,248,ri_polygon
4725038000,238,emd_point
4725038021,282,ri_polygon
4725038022,257,ri_polygon
4725038023,325,ri_polygon
4725038024,273,ri_polygon
4725038025,239,ri_polygon
4725038026,263,ri_polygon
4725038027,271,ri_polygon
4725038028,307,ri_polygon
4725038029,300,ri_polygon
4725038030,228,ri_polygon
4725039000,244,emd_point
4725039021,262,ri_polygon
4725039022,255,ri_polygon
4725039023,273,ri_polygon
4725039024,212,ri_polygon
4725039025,279,ri_polygon
4725039026,274,ri_polygon
4725039027,252,ri_polygon
4725039028,320,ri_polygon
4725039029,285,ri_polygon
4725039030,257,ri_polygon
4725039031,188,ri_polygon
4725039032,168,ri_polygon
4725040000,257,emd_point
4725040021,280,ri_polygon
4725040022,302,ri_polygon
4725040023,346,ri_polygon
4725040024,285,ri_polygon
4725040025,250,ri_polygon
4725040026,292,ri_polygon
4725040027,306,ri_polygon
4725040028,358,ri_polygon
4725040029,375,ri_polygon
4725041000,299,emd_point
4725041021,304,ri_polygon
4725041022,338,ri_polygon
4725041023,281,ri_polygon
4725041024,262,ri_polygon
4725041025,266,ri_polygon
4725041026,341,ri_polygon
4725041027,290,ri_polygon
4725041028,304,ri_polygon
4725041029,302,ri_polygon
4725041030,207,ri_polygon
4725041031,389,ri_polygon
4725042000,324,emd_point
4725042021,409,ri_polygon
4725042022,402,ri_polygon
4725042023,460,ri_polygon
4725042024,422,ri_polygon
4725042025,333,ri_polygon
4725042026,337,ri_polygon
4725043000,118,emd_point
4725043021,140,ri_polygon
4725043022,83,ri_polygon
4725043023,73,ri_polygon
4725043024,92,ri_polygon
4725043025,105,ri_polygon
4725043026,179,ri_polygon
4725043027,120,ri_polygon
4725043028,194,ri_polygon
4725043029,186,ri_polygon
4725043030,254,ri_polygon
4725043031,340,ri_polygon
4725043032,309,ri_polygon
4725044000,141,emd_point
4725044021,128,ri_polygon
4725044022,233,ri_polygon
4725044023,136,ri_polygon
4725044024,283,ri_polygon
4725044025,176,ri_polygon
4725044026,140,ri_polygon
4725044027,269,ri_polygon
4725044028,136,ri_polygon
4725044029,337,ri_polygon
4725044030,106,ri_polygon
4725045000,109,emd_point
4725045021,91,ri_polygon
4725045022,91,ri_polygon
4725045023,85,ri_polygon
4725045024,82,ri_polygon
4725045025,120,ri_polygon
4725045026,71,ri_polygon
4725045027,88,ri_polygon
4725045028,80,ri_polygon
4725045029,99,ri_polygon
4725045030,109,ri_polygon
4725045031,89,ri_polygon
4725046000,89,emd_point
4725046021,112,ri_polygon
4725046022,125,ri_polygon
4725046023,199,ri_polygon
4725046024,197,ri_polygon
4725046025,123,ri_polygon
4725046026,99,ri_polygon
4725046027,90,ri_polygon
4725046028,105,ri_polygon
4725046029,70,ri_polygon
4725046030,74,ri_polygon
4725046031,75,ri_polygon
4725046033,73,ri_polygon
4725047000,261,emd_point
4725047021,418,ri_polygon
4725047022,344,ri_polygon
4725047023,319,ri_polygon
4725047024,206,ri_polygon
4725047025,323,ri_polygon
4728010100,78,emd_polygon
4728010200,65,emd_polygon
4728010300,82,emd_polygon
4728010400,122,emd_polygon
4728010500,85,emd_polygon
4728010600,102,emd_polygon
4728010700,296,emd_polygon
4728010800,175,emd_polygon
4728010900,165,emd_polygon
4728011000,82,emd_polygon
4728011100,71,emd_polygon
4728025000,166,emd_point
4728025021,288,ri_polygon
4728025022,160,ri_polygon
4728025023,199,ri_polygon
4728025024,176,ri_polygon
4728025025,280,ri_polygon
4728025026,217,ri_polygon
4728025027,194,ri_polygon
4728025028,359,ri_polygon
4728025029,265,ri_polygon
4728025030,507,ri_polygon
4728025031,286,ri_polygon
4728025032,283,ri_polygon
4728025033,411,ri_polygon
4728025034,380,ri_polygon
4728025035,341,ri_polygon
4728025036,309,ri_polygon
4728025037,461,ri_polygon
4728025038,431,ri_polygon
4728025300,140,emd_point
4728025321,218,ri_polygon
4728025322,442,ri_polygon
4728025323,313,ri_polygon
4728025324,161,ri_polygon
4728025325,148,ri_polygon
4728025326,284,ri_polygon
4728025327,178,ri_polygon
4728025328,157,ri_polygon
4728025329,214,ri_polygon
4728025330,283,ri_polygon
4728025331,454,ri_polygon
4728025332,381,ri_polygon
4728025333,217,ri_polygon
4728025334,337,ri_polygon
4728031000,101,emd_point
4728031021,73,ri_polygon
4728031022,70,ri_polygon
4728031023,84,ri_polygon
4728031024,96,ri_polygon
4728031025,75,ri_polygon
4728031026,89,ri_polygon
4728031027,101,ri_polygon
4728031028,67,ri_polygon
4728031029,60,ri_polygon
4728031030,110,ri_polygon
4728031031,87,ri_polygon
4728032000,72,emd_point
4728032021,115,ri_polygon
4728032022,119,ri_polygon
4728032023,105,ri_polygon
4728032024,93,ri_polygon
4728032025,104,ri_polygon
4728032026,121,ri_polygon
4728032027,83,ri_polygon
4728032028,94,ri_polygon
4728032029,73,ri_polygon
4728032030,98,ri_polygon
4728032031,122,ri_polygon
4728032032,92,ri_polygon
4728032033,80,ri_polygon
4728032034,99,ri_polygon
4728032035,116,ri_polygon
4728032036,87,ri_polygon
4728033000,85,emd_point
4728033021,154,ri_polygon
4728033022,151,ri_polygon
4728033023,240,ri_polygon
4728033024,173,ri_polygon
4728033025,172,ri_polygon
4728033026,146,ri_polygon
4728033027,172,ri_polygon
4728033028,198,ri_polygon
4728033029,209,ri_polygon
4728033030,111,ri_polygon
4728033031,212,ri_polygon
4728034000,95,emd_point
4728034021,146,ri_polygon
4728034022,207,ri_polygon
4728034023,195,ri_polygon
4728034024,265,ri_polygon
4728034025,156,ri_polygon
4728034026,291,ri_polygon
4728034027,394,ri_polygon
4728034028,241,ri_polygon
4728034029,415,ri_polygon
4728034030,538,ri_polygon
4728034031,461,ri_polygon
4728034032,415,ri_polygon
4728034033,248,ri_polygon
4728034034,219,ri_polygon
4728034035,167,ri_polygon
4728034036,130,ri_polygon
4728034037,151,ri_polygon
4728034038,316,ri_polygon
4728034039,267,ri_polygon
4728034040,155,ri_polygon
4728034041,128,ri_polygon
4728035000,299,emd_point
4728035021,313,ri_polygon
4728035022,239,ri_polygon
4728035023,463,ri_polygon
4728035024,385,ri_polygon
4728035025,485,ri_polygon
4728035026,511,ri_polygon
4728035027,460,ri_polygon
4728035028,476,ri_polygon
4728035029,491,ri_polygon
4728036000,126,emd_point
4728036021,171,ri_polygon
4728036022,208,ri_polygon
4728036023,467,ri_polygon
4728036024,307,ri_polygon
4728036025,157,ri_polygon
4728036026,226,ri_polygon
4728036027,413,ri_polygon
4728036028,292,ri_polygon
4728037000,177,emd_point
4728037021,188,ri_polygon
4728037022,338,ri_polygon
4728037023,275,ri_polygon
4728037024,292,ri_polygon
4728037025,536,ri_polygon
4728037026,316,ri_polygon
4728037027,354,ri_polygon
4728037028,322,ri_polygon
4728037029,211,ri_polygon
4728037030,178,ri_polygon
4728037031,189,ri_polygon
4729010100,57,emd_polygon
4729010200,57,emd_polygon
4729010300,56,emd_polygon
4729010400,61,emd_polygon
4729010500,72,emd_polygon
4729010600,125,emd_polygon
4729010700,200,emd_polygon
4729010800,104,emd_polygon
4729010900,68,emd_polygon
4729011000,59,emd_polygon
4729011100,69,emd_polygon
4729011200,45,emd_polygon
4729011300,41,emd_polygon
4729011400,41,emd_polygon
4729011500,50,emd_polygon
4729011600,67,emd_polygon
4729011700,56,emd_point
4729011800,63,emd_polygon
4729011900,61,emd_polygon
4729012000,76,emd_polygon
4729012100,115,emd_polygon
4729012200,173,emd_polygon
4729012300,76,emd_polygon
4729012400,215,emd_polygon
4729012500,136,emd_polygon
4729012600,108,emd_polygon
4729012700,70,emd_polygon
4729012800,74,emd_polygon
4729025000,53,emd_point
4729025021,54,ri_polygon
4729025022,55,ri_polygon
4729025023,64,ri_polygon
4729025024,156,ri_polygon
4729025025,96,ri_polygon
4729025026,379,ri_polygon
4729025027,247,ri_polygon
4729025028,170,ri_polygon
4729025029,53,ri_polygon
4729025030,98,ri_polygon
4729025031,89,ri_polygon
4729025032,154,ri_polygon
4729025033,154,ri_polygon
4729025034,43,ri_polygon
4729025035,47,ri_polygon
4729025036,48,ri_polygon
4729025300,62,emd_point
4729025321,72,ri_polygon
4729025322,63,ri_polygon
4729025323,50,ri_polygon
4729025324,52,ri_polygon
4729025325,58,ri_polygon
4729025326,48,ri_polygon
4729025327,58,ri_polygon
4729025328,51,ri_polygon
4729025329,89,ri_polygon
4729025330,62,ri_polygon
4729025331,65,ri_polygon
4729025332,84,ri_polygon
4729025333,86,ri_polygon
4729025334,128,ri_polygon
4729025335,98,ri_polygon
4729025336,105,ri_polygon
4729025337,136,ri_polygon
4729025338,78,ri_polygon
4729025339,79,ri_polygon
4729025340,75,ri_polygon
4729025341,75,ri_polygon
4729025342,79,ri_polygon
4729025343,70,ri_polygon
4729025344,58,ri_polygon
4729025345,52,ri_polygon
4729025600,58,emd_point
4729025621,58,emd_point
4729025622,58,emd_point
4729025623,58,emd_point
4729025624,58,emd_point
4729025625,58,emd_point
4729025626,58,emd_point
4729025627,58,emd_point
4729025628,58,emd_point
4729025629,58,emd_point
4729025630,58,emd_point
4729025631,58,emd_point
4729025632,58,emd_point
4729025633,58,emd_point
4729025634,58,emd_point
4729025635,58,emd_point
4729025636,58,emd_point
4729031000,60,emd_point
4729031021,94,ri_polygon
4729031022,64,ri_polygon
4729031023,56,ri_polygon
4729031024,53,ri_polygon
4729031025,52,ri_polygon
4729031026,75,ri_polygon
4729031027,86,ri_polygon
4729031028,65,ri_polygon
4729031029,83,ri_polygon
4729031030,129,ri_polygon
4729031031,381,ri_polygon
4729031032,101,ri_polygon
4729031033,217,ri_polygon
4729031034,238,ri_polygon
4729033000,68,emd_point
4729033021,70,ri_polygon
4729033022,60,ri_polygon
4729033023,55,ri_polygon
4729033024,86,ri_polygon
4729033025,125,ri_polygon
4729033026,74,ri_polygon
4729033027,104,ri_polygon
4729033028,85,ri_polygon
4729033029,90,ri_polygon
4729033030,65,ri_polygon
4729033031,60,ri_polygon
4729033032,54,ri_polygon
4729033033,105,ri_polygon
4729033034,61,ri_polygon
4729033035,55,ri_polygon
4729033036,47,ri_polygon
4729034000,85,emd_point
4729034021,82,ri_polygon
4729034022,123,ri_polygon
4729034023,369,ri_polygon
4729034024,133,ri_polygon
4729034025,84,ri_polygon
4729034026,121,ri_polygon
4729034027,150,ri_polygon
4729034028,314,ri_polygon
4729034029,169,ri_polygon
4729034030,158,ri_polygon
4729034031,92,ri_polygon
4729034032,236,ri_polygon
4729034033,77,ri_polygon
4729034034,83,ri_polygon
4729034036,195,ri_polygon
4729034037,258,ri_polygon
4729034038,241,ri_polygon
4729034039,258,ri_polygon
4729034040,344,ri_polygon
4729034041,106,ri_polygon
4729035000,80,emd_point
4729035021,76,ri_polygon
4729035022,72,ri_polygon
4729035023,130,ri_polygon
4729035024,88,ri_polygon
4729035025,176,ri_polygon
4729035026,149,ri_polygon
4729035027,154,ri_polygon
4729035028,311,ri_polygon
4729035029,200,ri_polygon
4729035030,91,ri_polygon
4729035031,65,ri_polygon
4729035032,102,ri_polygon
4729035033,143,ri_polygon
4729035034,71,ri_polygon
4729035035,104,ri_polygon
4729035036,151,ri_polygon
4729035037,67,ri_polygon
4729035038,60,ri_polygon
4729037000,107,emd_point
4729037021,140,ri_polygon
4729037022,217,ri_polygon
4729037023,211,ri_polygon
4729037024,84,ri_polygon
4729037025,329,ri_polygon
4729037026,105,ri_polygon
4729037027,170,ri_polygon
4729037028,195,ri_polygon
4729037029,203,ri_polygon
4729037030,219,ri_polygon
4729037031,188,ri_polygon
4729037032,210,ri_polygon
4773025000,100,emd_point
4773025021,126,ri_polygon
4773025022,130,ri_polygon
4773025023,121,ri_polygon
4773025024,158,ri_polygon
4773025025,91,ri_polygon
4773025026,102,ri_polygon
4773025027,142,ri_polygon
4773025028,113,ri_polygon
4773025029,99,ri_polygon
4773025030,93,ri_polygon
4773025031,82,ri_polygon
4773025032,127,ri_polygon
4773025033,143,ri_polygon
4773031000,137,emd_point
4773031030,171,ri_polygon
4773031031,143,ri_polygon
4773031032,204,ri_polygon
4773031033,140,ri_polygon
4773031034,187,ri_polygon
4773031035,278,ri_polygon
4773031036,168,ri_polygon
4773031037,199,ri_polygon
4773031038,194,ri_polygon
4773032000,167,emd_point
4773032029,169,ri_polygon
4773032030,248,ri_polygon
4773032031,319,ri_polygon
4773032032,234,ri_polygon
4773032033,263,ri_polygon
4773032034,213,ri_polygon
4773032035,262,ri_polygon
4773032036,228,ri_polygon
4773033000,209,emd_point
4773033031,273,ri_polygon
4773033032,262,ri_polygon
4773033033,237,ri_polygon
4773033034,358,ri_polygon
4773033035,353,ri_polygon
4773033036,402,ri_polygon
4773033037,253,ri_polygon
4773033038,265,ri_polygon
4773033039,244,ri_polygon
4773033040,376,ri_polygon
4773034000,128,emd_point
4773034031,195,ri_polygon
4773034032,223,ri_polygon
4773034033,176,ri_polygon
4773034034,210,ri_polygon
4773034035,199,ri_polygon
4773034036,235,ri_polygon
4773034037,219,ri_polygon
4773034038,161,ri_polygon
4773034039,142,ri_polygon
4773034040,179,ri_polygon
4773035000,235,emd_point
4773035029,202,ri_polygon
4773035030,384,ri_polygon
4773035031,255,ri_polygon
4773035032,293,ri_polygon
4773035033,210,ri_polygon
4773035034,156,ri_polygon
4773035035,148,ri_polygon
4773035036,260,ri_polygon
4773036000,110,emd_point
4773036028,150,ri_polygon
4773036029,162,ri_polygon
4773036030,130,ri_polygon
4773036031,113,ri_polygon
4773036032,121,ri_polygon
4773036033,138,ri_polygon
4773036034,298,ri_polygon
4773037000,98,emd_point
4773037036,116,ri_polygon
4773037037,84,ri_polygon
4773037038,117,ri_polygon
4773037039,126,ri_polygon
4773037040,171,ri_polygon
4773037041,124,ri_polygon
4773037042,127,ri_polygon
4773037043,132,ri_polygon
4773037044,78,ri_polygon
4773037045,138,ri_polygon
4773037046,232,ri_polygon
4773037047,153,ri_polygon
4773037048,136,ri_polygon
4773037049,123,ri_polygon
4773037050,204,ri_polygon
4773038000,64,emd_point
4773038034,79,ri_polygon
4773038035,87,ri_polygon
4773038036,94,ri_polygon
4773038037,82,ri_polygon
4773038038,91,ri_polygon
4773038039,79,ri_polygon
4773038040,58,ri_polygon
4773038041,145,ri_polygon
4773038042,79,ri_polygon
4773038043,149,ri_polygon
4773038044,110,ri_polygon
4773038045,123,ri_polygon
4773038046,70,ri_polygon
4773039000,55,emd_point
4773039035,69,ri_polygon
4773039036,69,ri_polygon
4773039037,117,ri_polygon
4773039038,70,ri_polygon
4773039039,68,ri_polygon
4773039040,97,ri_polygon
4773039041,62,ri_polygon
4773039042,78,ri_polygon
4773039043,68,ri_polygon
4773039044,102,ri_polygon
4773039045,60,ri_polygon
4773039046,56,ri_polygon
4773039047,98,ri_polygon
4773039048,146,ri_polygon
4773040000,55,emd_point
4773040031,76,ri_polygon
4773040032,64,ri_polygon
4773040033,131,ri_polygon
4773040034,237,ri_polygon
4773040035,101,ri_polygon
4773040036,54,ri_polygon
4773040037,60,ri_polygon
4773040038,87,ri_polygon
4773040039,49,ri_polygon
4773040040,240,ri_polygon
4773041000,59,emd_point
4773041029,50,ri_polygon
4773041030,61,ri_polygon
4773041031,106,ri_polygon
4773041032,74,ri_polygon
4773041033,100,ri_polygon
4773041034,78,ri_polygon
4773041035,112,ri_polygon
4773041036,121,ri_polygon
4773042000,48,emd_point
4773042028,45,ri_polygon
4773042029,45,ri_polygon
4773042030,72,ri_polygon
4773042031,55,ri_polygon
4773042032,49,ri_polygon
4773042033,66,ri_polygon
4773042034,46,ri_polygon
4773043000,53,emd_point
4773043030,63,ri_polygon
4773043031,65,ri_polygon
4773043032,52,ri_polygon
4773043033,52,ri_polygon
4773043034,102,ri_polygon
4773043035,141,ri_polygon
4773043036,127,ri_polygon
4773043037,93,ri_polygon
4773043038,58,ri_polygon
4773044000,58,emd_point
4773044036,83,ri_polygon
4773044037,54,ri_polygon
4773044038,49,ri_polygon
4773044039,78,ri_polygon
4773044040,93,ri_polygon
4773044041,128,ri_polygon
4773044042,104,ri_polygon
4773044043,191,ri_polygon
4773044044,83,ri_polygon
4773044045,127,ri_polygon
4773044046,69,ri_polygon
4773044047,125,ri_polygon
4773044048,77,ri_polygon
4773044049,82,ri_polygon
4773044050,52,ri_polygon
4773044051,59,ri_polygon
4773045000,111,emd_point
4773045033,182,ri_polygon
4773045034,228,ri_polygon
4773045035,122,ri_polygon
4773045036,171,ri_polygon
4773045037,164,ri_polygon
4773045038,167,ri_polygon
4773046000,76,emd_point
4773046034,227,ri_polygon
4773046035,189,ri_polygon
4773046036,142,ri_polygon
4773046037,178,ri_polygon
4773046038,197,ri_polygon
4773046039,160,ri_polygon
4773046040,135,ri_polygon
4773046041,99,ri_polygon
4773046042,102,ri_polygon
4773046043,131,ri_polygon
4773046044,99,ri_polygon
4773046045,86,ri_polygon
4773046046,186,ri_polygon
4773047000,140,emd_point
4773047021,194,ri_polygon
4773047022,343,ri_polygon
4773047023,221,ri_polygon
4773047024,97,ri_polygon
4773047025,150,ri_polygon
4773047026,63,ri_polygon
4775025000,185,emd_point
4775025021,196,ri_polygon
4775025022,245,ri_polygon
4775025023,204,ri_polygon
4775025024,203,ri_polygon
4775025025,263,ri_polygon
4775025026,267,ri_polygon
4775025027,381,ri_polygon
4775025028,390,ri_polygon
4775025029,281,ri_polygon
4775031500,339,emd_point
4775031521,339,emd_point
4775031522,339,emd_point
4775031523,339,emd_point
4775031524,339,emd_point
4775031525,339,emd_point
4775031526,339,emd_point
4775031527,339,emd_point
4775031528,339,emd_point
4775031529,339,emd_point
4775031530,339,emd_point
4775032000,258,emd_point
4775032030,266,ri_polygon
4775032031,367,ri_polygon
4775032032,301,ri_polygon
4775032033,334,ri_polygon
4775032034,323,ri_polygon
4775032035,575,ri_polygon
4775032036,454,ri_polygon
4775032037,417,ri_polygon
4775032038,371,ri_polygon
4775033000,291,emd_point
4775033028,406,ri_polygon
4775033029,440,ri_polygon
4775033030,374,ri_polygon
4775033031,666,ri_polygon
4775033032,350,ri_polygon
4775033033,274,ri_polygon
4775033034,365,ri_polygon
4775034000,321,emd_point
4775034034,484,ri_polygon
4775034035,521,ri_polygon
4775034036,605,ri_polygon
4775034037,624,ri_polygon
4775034038,533,ri_polygon
4775034039,444,ri_polygon
4775034040,426,ri_polygon
4775034041,401,ri_polygon
4775034042,413,ri_polygon
4775034043,369,ri_polygon
4775034044,400,ri_polygon
4775034045,308,ri_polygon
4775034046,396,ri_polygon
4775035000,274,emd_point
4775035033,299,ri_polygon
4775035034,441,ri_polygon
4775035035,306,ri_polygon
4775035036,335,ri_polygon
4775035037,296,ri_polygon
4775035038,314,ri_polygon
4775035039,444,ri_polygon
4775035040,336,ri_polygon
4775035041,312,ri_polygon
4775035042,284,ri_polygon
4775035043,387,ri_polygon
4775035044,403,ri_polygon
4775036000,214,emd_point
4775036032,307,ri_polygon
4775036033,256,ri_polygon
4775036034,280,ri_polygon
4775036035,435,ri_polygon
4775036036,348,ri_polygon
4775036037,439,ri_polygon
4775036038,313,ri_polygon
4775036039,159,ri_polygon
4775036040,249,ri_polygon
4775036041,225,ri_polygon
4775036042,279,ri_polygon
4775037000,186,emd_point
4775037036,249,ri_polygon
4775037037,191,ri_polygon
4775037038,307,ri_polygon
4775037039,159,ri_polygon
4775037040,278,ri_polygon
4775037041,195,ri_polygon
4775037042,232,ri_polygon
4775037043,222,ri_polygon
4775037044,194,ri_polygon
4775037045,192,ri_polygon
4775037046,229,ri_polygon
4775037047,240,ri_polygon
4775037048,265,ri_polygon
4775037049,282,ri_polygon
4775037050,472,ri_polygon
4776025000,232,emd_point
4776025021,258,ri_polygon
4776025022,383,ri_polygon
4776025023,228,ri_polygon
4776025024,387,ri_polygon
4776025025,381,ri_polygon
4776025026,267,ri_polygon
4776025027,236,ri_polygon
4776025028,231,ri_polygon
4776025029,312,ri_polygon
4776025030,533,ri_polygon
4776025031,436,ri_polygon
4776025032,333,ri_polygon
4776025033,463,ri_polygon
4776025034,421,ri_polygon
4776025035,619,ri_polygon
4776031000,271,emd_point
4776031034,226,ri_polygon
4776031035,309,ri_polygon
4776031036,280,ri_polygon
4776031037,265,ri_polygon
4776031038,184,ri_polygon
4776031039,251,ri_polygon
4776031040,330,ri_polygon
4776031041,281,ri_polygon
4776031042,271,ri_polygon
4776031043,241,ri_polygon
4776031044,183,ri_polygon
4776031045,239,ri_polygon
4776031046,226,ri_polygon
4776032000,233,emd_point
4776032034,382,ri_polygon
4776032035,505,ri_polygon
4776032036,340,ri_polygon
4776032037,347,ri_polygon
4776032038,282,ri_polygon
4776032039,382,ri_polygon
4776032040,297,ri_polygon
4776032041,335,ri_polygon
4776032042,495,ri_polygon
4776032043,457,ri_polygon
4776032044,509,ri_polygon
4776032045,284,ri_polygon
4776032046,304,ri_polygon
4776033000,297,emd_point
4776033032,286,ri_polygon
4776033033,269,ri_polygon
4776033034,367,ri_polygon
4776033035,537,ri_polygon
4776033036,448,ri_polygon
4776033037,423,ri_polygon
4776033038,284,ri_polygon
4776033039,524,ri_polygon
4776033040,430,ri_polygon
4776033041,492,ri_polygon
4776033042,327,ri_polygon
4776034000,441,emd_point
4776034030,360,ri_polygon
4776034031,513,ri_polygon
4776034032,444,ri_polygon
4776034033,673,ri_polygon
4776034034,452,ri_polygon
4776034035,540,ri_polygon
4776034036,546,ri_polygon
4776034037,552,ri_polygon
4776034038,355,ri_polygon
4776035000,198,emd_point
4776035034,225,ri_polygon
4776035035,326,ri_polygon
4776035036,234,ri_polygon
4776035037,507,ri_polygon
4776035038,383,ri_polygon
4776035039,345,ri_polygon
4776035040,532,ri_polygon
4776035041,302,ri_polygon
4776035042,336,ri_polygon
4776035043,251,ri_polygon
4776035044,478,ri_polygon
4776035045,283,ri_polygon
4776035046,465,ri_polygon
4777025000,17,emd_point
4777025021,69,ri_polygon
4777025022,21,ri_polygon
4777025023,16,ri_polygon
4777025024,22,ri_polygon
4777025025,75,ri_polygon
4777025026,45,ri_polygon
4777025027,73,ri_polygon
4777025028,95,ri_polygon
4777025029,61,ri_polygon
4777025030,86,ri_polygon
4777025031,104,ri_polygon
4777025032,42,ri_polygon
4777025033,45,ri_polygon
4777025034,110,ri_polygon
4777025035,148,ri_polygon
4777025036,152,ri_polygon
4777025037,88,ri_polygon
4777031000,0,emd_point
4777031031,95,ri_polygon
4777031032,4,ri_polygon
4777031033,31,ri_polygon
4777031034,73,ri_polygon
4777031035,214,ri_polygon
4777031037,16,ri_polygon
4777031038,11,ri_polygon
4777031039,40,ri_polygon
4777031040,94,ri_polygon
4777031041,19,ri_polygon
4777032000,9,emd_point
4777032036,58,ri_polygon
4777032037,157,ri_polygon
4777032038,486,ri_polygon
4777032039,161,ri_polygon
4777032040,33,ri_polygon
4777032041,252,ri_polygon
4777032042,104,ri_polygon
4777032043,71,ri_polygon
4777032044,155,ri_polygon
4777032045,179,ri_polygon
4777032046,50,ri_polygon
4777032047,52,ri_polygon
4777032048,83,ri_polygon
4777032049,48,ri_polygon
4777032050,17,ri_polygon
4777033000,59,emd_point
4777033032,55,ri_polygon
4777033033,125,ri_polygon
4777033034,114,ri_polygon
4777033035,83,ri_polygon
4777033036,249,ri_polygon
4777033037,271,ri_polygon
4777033038,64,ri_polygon
4777033039,217,ri_polygon
4777033040,279,ri_polygon
4777033041,249,ri_polygon
4777033042,318,ri_polygon
4777034000,86,emd_point
4777034039,135,ri_polygon
4777034040,77,ri_polygon
4777034041,41,ri_polygon
4777034042,168,ri_polygon
4777034043,226,ri_polygon
4777034044,270,ri_polygon
4777034045,264,ri_polygon
4777034046,161,ri_polygon
4777034047,186,ri_polygon
4777034048,354,ri_polygon
4777034049,274,ri_polygon
4777034050,324,ri_polygon
4777034051,249,ri_polygon
4777034052,138,ri_polygon
4777034053,371,ri_polygon
4777034054,176,ri_polygon
4777034055,298,ri_polygon
4777034056,266,ri_polygon
4777034057,111,ri_polygon
4777035000,13,emd_point
4777035032,63,ri_polygon
4777035033,79,ri_polygon
4777035034,44,ri_polygon
4777035035,37,ri_polygon
4777035036,83,ri_polygon
4777035037,104,ri_polygon
4777035038,158,ri_polygon
4777035039,470,ri_polygon
4777035040,164,ri_polygon
4777035041,90,ri_polygon
4777036000,21,emd_point
4777036030,30,ri_polygon
4777036031,95,ri_polygon
4777036032,63,ri_polygon
4777036033,78,ri_polygon
4777036034,7,ri_polygon
4777036035,63,ri_polygon
4777036036,27,ri_polygon
4777036037,122,ri_polygon
4777036039,21,emd_point
4777037000,0,emd_point
4777037035,209,ri_polygon
4777037036,243,ri_polygon
4777037037,98,ri_polygon
4777037038,9,ri_polygon
4777037039,150,ri_polygon
4777037040,3,ri_polygon
4777037041,130,ri_polygon
4777037042,5,ri_polygon
4777037043,134,ri_polygon
4777037044,163,ri_polygon
4777037045,13,ri_polygon
4777037046,9,ri_polygon
4777037047,5,ri_polygon
4777037049,3,ri_polygon
4777038000,24,emd_point
4777038034,128,ri_polygon
4777038035,60,ri_polygon
4777038036,154,ri_polygon
4777038037,223,ri_polygon
4777038038,271,ri_polygon
4777038039,348,ri_polygon
4777038040,87,ri_polygon
4777038041,92,ri_polygon
4777038042,299,ri_polygon
4777038043,398,ri_polygon
4777038044,223,ri_polygon
4777038045,215,ri_polygon
4777038046,292,ri_polygon
4782025000,125,emd_point
4782025021,107,ri_polygon
4782025022,86,ri_polygon
4782025023,117,ri_polygon
4782025024,345,ri_polygon
4782025025,301,ri_polygon
4782025026,81,ri_polygon
4782025027,288,ri_polygon
4782025028,69,ri_polygon
4782025029,75,ri_polygon
4782025030,112,ri_polygon
4782025031,66,ri_polygon
4782025032,98,ri_polygon
4782025033,129,ri_polygon
4782025034,166,ri_polygon
4782025035,286,ri_polygon
4782025036,87,ri_polygon
4782025037,92,ri_polygon
4782025300,72,emd_point
4782025321,97,ri_polygon
4782025322,74,ri_polygon
4782025323,102,ri_polygon
4782025324,134,ri_polygon
4782025325,140,ri_polygon
4782025326,156,ri_polygon
4782025327,166,ri_polygon
4782025328,154,ri_polygon
4782025329,97,ri_polygon
4782025330,121,ri_polygon
4782025331,154,ri_polygon
4782025332,199,ri_polygon
4782025333,230,ri_polygon
4782025334,198,ri_polygon
4782025335,306,ri_polygon
4782025336,242,ri_polygon
4782025337,223,ri_polygon
4782025338,82,ri_polygon
4782025339,65,ri_polygon
4782025340,53,ri_polygon
4782025341,139,ri_polygon
4782031000,124,emd_point
4782031031,124,ri_polygon
4782031032,146,ri_polygon
4782031033,154,ri_polygon
4782031034,130,ri_polygon
4782031035,101,ri_polygon
4782031036,164,ri_polygon
4782031037,103,ri_polygon
4782031038,352,ri_polygon
4782031039,160,ri_polygon
4782031040,346,ri_polygon
4782032000,95,emd_point
4782032033,94,ri_polygon
4782032034,162,ri_polygon
4782032035,145,ri_polygon
4782032036,211,ri_polygon
4782032037,509,ri_polygon
4782032038,248,ri_polygon
4782032039,203,ri_polygon
4782032040,153,ri_polygon
4782032041,162,ri_polygon
4782032042,256,ri_polygon
4782032043,125,ri_polygon
4782032044,117,ri_polygon
4782033000,146,emd_point
4782033029,131,ri_polygon
4782033030,196,ri_polygon
4782033031,157,ri_polygon
4782033032,302,ri_polygon
4782033033,258,ri_polygon
4782033034,339,ri_polygon
4782033035,401,ri_polygon
4782033036,406,ri_polygon
4782034000,76,emd_point
4782034038,259,ri_polygon
4782034039,123,ri_polygon
4782034040,85,ri_polygon
4782034041,93,ri_polygon
4782034042,85,ri_polygon
4782034043,105,ri_polygon
4782034044,89,ri_polygon
4782034045,208,ri_polygon
4782034046,91,ri_polygon
4782034048,251,ri_polygon
4782034049,86,ri_polygon
4782034050,95,ri_polygon
4782034051,148,ri_polygon
4782034052,140,ri_polygon
4782034053,158,ri_polygon
4782034054,160,ri_polygon
4782034055,118,ri_polygon
4782035000,108,emd_point
4782035032,155,ri_polygon
4782035033,260,ri_polygon
4782035034,165,ri_polygon
4782035035,479,ri_polygon
4782035036,613,ri_polygon
4782035037,263,ri_polygon
4782035038,229,ri_polygon
4782035039,323,ri_polygon
4782035040,188,ri_polygon
4782035041,345,ri_polygon
4782035042,288,ri_polygon
4782035043,115,ri_polygon
4782036000,93,emd_point
4782036031,105,ri_polygon
4782036032,153,ri_polygon
4782036033,279,ri_polygon
4782036034,235,ri_polygon
4782036035,170,ri_polygon
4782036036,115,ri_polygon
4782036037,145,ri_polygon
4782036038,109,ri_polygon
4782036039,234,ri_polygon
4782036040,218,ri_polygon
4782037000,78,emd_point
4782037041,180,ri_polygon
4782037042,110,ri_polygon
4782037043,240,ri_polygon
4782037044,84,ri_polygon
4782037045,139,ri_polygon
4782037046,343,ri_polygon
4782037047,169,ri_polygon
4782037048,103,ri_polygon
4782037049,208,ri_polygon
4782037050,81,ri_polygon
4782037051,106,ri_polygon
4782037052,70,ri_polygon
4782037053,322,ri_polygon
4782037054,100,ri_polygon
4782037055,141,ri_polygon
4782037056,214,ri_polygon
4782037057,158,ri_polygon
4782037058,313,ri_polygon
4782037059,245,ri_polygon
4782037060,292,ri_polygon
4783025300,37,emd_point
4783025321,37,emd_point
4783025322,37,emd_point
4783025323,37,emd_point
4783025324,37,emd_point
4783025325,37,emd_point
4783025326,37,emd_point
4783025327,37,emd_point
4783025328,37,emd_point
4783025329,37,emd_point
4783025330,37,emd_point
4783025331,37,emd_point
4783025332,37,emd_point
4783025333,37,emd_point
4783031000,64,emd_point
4783031031,91,ri_polygon
4783031032,141,ri_polygon
4783031033,181,ri_polygon
4783031034,164,ri_polygon
4783031035,229,ri_polygon
4783031036,112,ri_polygon
4783031037,161,ri_polygon
4783031038,69,ri_polygon
4783031039,82,ri_polygon
4783031040,52,ri_polygon
4783032000,35,emd_point
4783032030,51,ri_polygon
4783032031,82,ri_polygon
4783032032,102,ri_polygon
4783032033,90,ri_polygon
4783032034,84,ri_polygon
4783032035,66,ri_polygon
4783032036,31,ri_polygon
4783032037,141,ri_polygon
4783032038,121,ri_polygon
4783033000,46,emd_point
4783033035,43,ri_polygon
4783033036,47,ri_polygon
4783033037,61,ri_polygon
4783033038,31,ri_polygon
4783033039,19,ri_polygon
4783033040,29,ri_polygon
4783033041,57,ri_polygon
4783033042,41,ri_polygon
4783033043,71,ri_polygon
4783033044,164,ri_polygon
4783033045,65,ri_polygon
4783033046,32,ri_polygon
4783033047,111,ri_polygon
4783033048,55,ri_polygon
4783034000,22,emd_point
4783034031,21,ri_polygon
4783034032,25,ri_polygon
4783034033,34,ri_polygon
4783034034,87,ri_polygon
4783034035,41,ri_polygon
4783034036,24,ri_polygon
4783034037,24,ri_polygon
4783034038,40,ri_polygon
4783034039,47,ri_polygon
4783034040,102,ri_polygon
4783035000,9,emd_point
4783035032,27,ri_polygon
4783035033,21,ri_polygon
4783035034,17,ri_polygon
4783035035,151,ri_polygon
4783035036,22,ri_polygon
4783035037,76,ri_polygon
4783035038,51,ri_polygon
4783035039,83,ri_polygon
4783035040,19,ri_polygon
4783035041,27,ri_polygon
4783035042,22,ri_polygon
4783036000,20,emd_point
4783036034,22,ri_polygon
4783036035,41,ri_polygon
4783036036,15,ri_polygon
4783036037,16,ri_polygon
4783036038,19,ri_polygon
4783036039,19,ri_polygon
4783036040,58,ri_polygon
4783036041,16,ri_polygon
4783036042,78,ri_polygon
4783036043,73,ri_polygon
4783036044,19,ri_polygon
4783036045,84,ri_polygon
4783036046,23,ri_polygon
4783037000,41,emd_point
4783037037,45,ri_polygon
4783037038,71,ri_polygon
4783037039,165,ri_polygon
4783037040,54,ri_polygon
4783037041,82,ri_polygon
4783037042,171,ri_polygon
4783037043,206,ri_polygon
4783037044,115,ri_polygon
4783037045,65,ri_polygon
4783037046,157,ri_polygon
4783037047,63,ri_polygon
4783037048,146,ri_polygon
4783037049,40,ri_polygon
4783037050,123,ri_polygon
4783037051,58,ri_polygon
4783037052,210,ri_polygon
4784025000,37,emd_point
4784025021,52,ri_polygon
4784025022,45,ri_polygon
4784025023,88,ri_polygon
4784025024,50,ri_polygon
4784025025,34,ri_polygon
4784025026,40,ri_polygon
4784025027,48,ri_polygon
4784025028,35,ri_polygon
4784025029,38,ri_polygon
4784025030,47,ri_polygon
4784031000,33,emd_point
4784031034,136,ri_polygon
4784031035,72,ri_polygon
4784031036,28,ri_polygon
4784031037,24,ri_polygon
4784031038,58,ri_polygon
4784031039,27,ri_polygon
4784031040,94,ri_polygon
4784031041,121,ri_polygon
4784031042,30,ri_polygon
4784031043,70,ri_polygon
4784031044,72,ri_polygon
4784031045,26,ri_polygon
4784031046,51,ri_polygon
4784031047,57,ri_polygon
4784031048,71,ri_polygon
4784032000,33,emd_point
4784032040,53,ri_polygon
4784032041,113,ri_polygon
4784032042,32,ri_polygon
4784032043,76,ri_polygon
4784032044,153,ri_polygon
4784032045,103,ri_polygon
4784032046,47,ri_polygon
4784032047,81,ri_polygon
4784032048,24,ri_polygon
4784032049,56,ri_polygon
4784032050,30,ri_polygon
4784032053,238,ri_polygon
4784032054,99,ri_polygon
4784032055,227,ri_polygon
4784032056,91,ri_polygon
4784032057,212,ri_polygon
4784032058,327,ri_polygon
4784033000,106,emd_point
4784033035,452,ri_polygon
4784033036,239,ri_polygon
4784033037,160,ri_polygon
4784033038,406,ri_polygon
4784033039,221,ri_polygon
4784033040,102,ri_polygon
4784033041,297,ri_polygon
4784033042,217,ri_polygon
4784033043,70,ri_polygon
4784033044,97,ri_polygon
4784033045,56,ri_polygon
4784033046,228,ri_polygon
4784033047,340,ri_polygon
4784033048,153,ri_polygon
4784034000,131,emd_point
4784034030,130,ri_polygon
4784034031,146,ri_polygon
4784034032,169,ri_polygon
4784034033,408,ri_polygon
4784034034,370,ri_polygon
4784034035,605,ri_polygon
4784034036,334,ri_polygon
4784034037,594,ri_polygon
4784034038,147,ri_polygon
4784035500,166,emd_point
4784035521,166,emd_point
4784035522,166,emd_point
4784035523,166,emd_point
4784035524,166,emd_point
4784035525,166,emd_point
4784035526,166,emd_point
4784035527,166,emd_point
4784036000,97,emd_point
4784036030,130,ri_polygon
4784036031,57,ri_polygon
4784036032,52,ri_polygon
4784036033,77,ri_polygon
4784036034,85,ri_polygon
4784036035,135,ri_polygon
4784036036,125,ri_polygon
4784036037,112,ri_polygon
4784036038,125,ri_polygon
4784037000,64,emd_point
4784037031,63,ri_polygon
4784037032,105,ri_polygon
4784037033,280,ri_polygon
4784037034,324,ri_polygon
4784037035,248,ri_polygon
4784037036,208,ri_polygon
4784037037,118,ri_polygon
4784037038,71,ri_polygon
4784037039,66,ri_polygon
4784038000,53,emd_point
4784038032,56,ri_polygon
4784038033,64,ri_polygon
4784038034,67,ri_polygon
4784038035,65,ri_polygon
4784038036,141,ri_polygon
4784038037,122,ri_polygon
4784038038,295,ri_polygon
4784038039,252,ri_polygon
4784038040,118,ri_polygon
4784038041,136,ri_polygon
4784038042,70,ri_polygon
4784038043,107,ri_polygon
4784039000,40,emd_point
4784039031,75,ri_polygon
4784039032,56,ri_polygon
4784039033,39,ri_polygon
4784039034,113,ri_polygon
4784039035,38,ri_polygon
4784039036,82,ri_polygon
4784039037,89,ri_polygon
4784039038,107,ri_polygon
4784039039,216,ri_polygon
4785025000,31,emd_point
4785025021,31,ri_polygon
4785025022,50,ri_polygon
4785025023,52,ri_polygon
4785025024,116,ri_polygon
4785025025,66,ri_polygon
4785025026,30,ri_polygon
4785025027,31,ri_polygon
4785025028,18,ri_polygon
4785025029,87,ri_polygon
4785025300,61,emd_point
4785025321,59,ri_polygon
4785025322,119,ri_polygon
4785025323,199,ri_polygon
4785025324,225,ri_polygon
4785025325,100,ri_polygon
4785025326,38,ri_polygon
4785025600,68,emd_point
4785025621,203,ri_polygon
4785025622,49,ri_polygon
4785025623,40,ri_polygon
4785025624,83,ri_polygon
4785025625,87,ri_polygon
4785025626,92,ri_polygon
4785025627,163,ri_polygon
4785025628,191,ri_polygon
4785031000,94,emd_point
4785031036,68,ri_polygon
4785031037,92,ri_polygon
4785031038,45,ri_polygon
4785031039,58,ri_polygon
4785031040,132,ri_polygon
4785031041,216,ri_polygon
4785031042,134,ri_polygon
4785031043,86,ri_polygon
4785031044,40,ri_polygon
4785031045,38,ri_polygon
4785031046,52,ri_polygon
4785031047,23,ri_polygon
4785031048,81,ri_polygon
4785031049,169,ri_polygon
4785031050,424,ri_polygon
4785032000,75,emd_point
4785032030,128,ri_polygon
4785032031,150,ri_polygon
4785032032,261,ri_polygon
4785032033,227,ri_polygon
4785032034,265,ri_polygon
4785032035,510,ri_polygon
4785032036,233,ri_polygon
4785032037,146,ri_polygon
4785032038,81,ri_polygon
4785033000,151,emd_point
4785033034,210,ri_polygon
4785033035,417,ri_polygon
4785033036,457,ri_polygon
4785033037,431,ri_polygon
4785033038,368,ri_polygon
4785033039,143,ri_polygon
4785033041,62,ri_polygon
4785033043,156,ri_polygon
4785033044,271,ri_polygon
4785033045,371,ri_polygon
4785033046,122,ri_polygon
4785033047,238,ri_polygon
4785036000,52,emd_point
4785036028,151,ri_polygon
4785036029,33,ri_polygon
4785036030,176,ri_polygon
4785036031,42,ri_polygon
4785036032,30,ri_polygon
4785036033,67,ri_polygon
4785036034,69,ri_polygon
4785037000,30,emd_point
4785037028,61,ri_polygon
4785037029,188,ri_polygon
4785037030,67,ri_polygon
4785037031,91,ri_polygon
4785037032,119,ri_polygon
4785037033,138,ri_polygon
4785037034,43,ri_polygon
4790025000,95,emd_point
4790025021,92,ri_polygon
4790025022,113,ri_polygon
4790025023,115,ri_polygon
4790025024,124,ri_polygon
4790025025,85,ri_polygon
4790025026,103,ri_polygon
4790025027,93,ri_polygon
4790025028,114,ri_polygon
4790025029,95,ri_polygon
4790025031,97,ri_polygon
4790025032,92,ri_polygon
4790025033,112,ri_polygon
4790025034,148,ri_polygon
4790025035,150,ri_polygon
4790025036,141,ri_polygon
4790025037,161,ri_polygon
4790025038,85,ri_polygon
4790025039,77,ri_polygon
4790025300,94,emd_point
4790025321,94,emd_point
4790025322,94,emd_point
4790025323,94,emd_point
4790025324,94,emd_point
4790025325,94,emd_point
4790025326,94,emd_point
4790025327,94,emd_point
4790025328,94,emd_point
4790025329,94,emd_point
4790025330,94,emd_point
4790025331,94,emd_point
4790025332,94,emd_point
4790025333,94,emd_point
4790025334,94,emd_point
4790025335,94,emd_point
4790025336,94,emd_point
4790031000,130,emd_point
4790031039,149,ri_polygon
4790031040,140,ri_polygon
4790031041,160,ri_polygon
4790031042,161,ri_polygon
4790031043,188,ri_polygon
4790031044,292,ri_polygon
4790031045,158,ri_polygon
4790031046,189,ri_polygon
4790031047,204,ri_polygon
4790031048,310,ri_polygon
4790031049,311,ri_polygon
4790031050,317,ri_polygon
4790031051,237,ri_polygon
4790031052,283,ri_polygon
4790031053,196,ri_polygon
4790031054,124,ri_polygon
4790031055,200,ri_polygon
4790031056,230,ri_polygon
4790034000,171,emd_point
4790034036,137,ri_polygon
4790034037,138,ri_polygon
4790034038,195,ri_polygon
4790034039,165,ri_polygon
4790034040,228,ri_polygon
4790034041,210,ri_polygon
4790034042,362,ri_polygon
4790034043,152,ri_polygon
4790034044,188,ri_polygon
4790034045,210,ri_polygon
4790034046,154,ri_polygon
4790034047,121,ri_polygon
4790034048,154,ri_polygon
4790034049,124,ri_polygon
4790034050,164,ri_polygon
4790035000,94,emd_point
4790035034,136,ri_polygon
4790035035,173,ri_polygon
4790035036,128,ri_polygon
4790035037,158,ri_polygon
4790035038,136,ri_polygon
4790035039,136,ri_polygon
4790035040,206,ri_polygon
4790035041,256,ri_polygon
4790035042,331,ri_polygon
4790035043,137,ri_polygon
4790035044,298,ri_polygon
4790035045,172,ri_polygon
4790035046,170,ri_polygon
4790037000,98,emd_point
4790037041,90,ri_polygon
4790037042,95,ri_polygon
4790037043,156,ri_polygon
4790037044,108,ri_polygon
4790037045,109,ri_polygon
4790037046,138,ri_polygon
4790037047,164,ri_polygon
4790037048,134,ri_polygon
4790037049,211,ri_polygon
4790037050,255,ri_polygon
4790037051,185,ri_polygon
4790037052,391,ri_polygon
4790037053,115,ri_polygon
4790037054,128,ri_polygon
4790037055,130,ri_polygon
4790037056,120,ri_polygon
4790037057,108,ri_polygon
4790037058,130,ri_polygon
4790037059,104,ri_polygon
4790037060,104,ri_polygon
4790038000,71,emd_point
4790038021,73,ri_polygon
4790038022,80,ri_polygon
4790038023,82,ri_polygon
4790038024,61,ri_polygon
4790038025,72,ri_polygon
4790038026,139,ri_polygon
4790038027,89,ri_polygon
4790038028,107,ri_polygon
4790038029,89,ri_polygon
4790038030,87,ri_polygon
4790038031,107,ri_polygon
4790039000,83,emd_point
4790039021,92,ri_polygon
4790039022,75,ri_polygon
4790039023,85,ri_polygon
4790039024,98,ri_polygon
4790039025,124,ri_polygon
4790039026,222,ri_polygon
4790039027,94,ri_polygon
4790039028,111,ri_polygon
4790039029,100,ri_polygon
4790039030,113,ri_polygon
4790039031,105,ri_polygon
4790039032,107,ri_polygon
4790040000,106,emd_point
4790040021,137,ri_polygon
4790040022,75,ri_polygon
4790040023,66,ri_polygon
4790040024,119,ri_polygon
4790040025,75,ri_polygon
4790040026,95,ri_polygon
4790040027,110,ri_polygon
4790040028,102,ri_polygon
4790040029,102,ri_polygon
4790040030,83,ri_polygon
4790040031,158,ri_polygon
4790040032,170,ri_polygon
4790040033,97,ri_polygon
4790040034,89,ri_polygon
4790040035,89,ri_polygon
4790041000,65,emd_point
4790041021,80,ri_polygon
4790041022,104,ri_polygon
4790041023,82,ri_polygon
4790041024,113,ri_polygon
4790041025,83,ri_polygon
4790041026,114,ri_polygon
4790041027,136,ri_polygon
4790041028,87,ri_polygon
4790041036,87,ri_polygon
4790041037,59,ri_polygon
4790041038,121,ri_polygon
4790041039,77,ri_polygon
4790041040,67,ri_polygon
4790041041,54,ri_polygon
4790041042,66,ri_polygon
4790042000,256,emd_point
4790042021,256,emd_point
4790042022,256,emd_point
4790042023,256,emd_point
4790042024,256,emd_point
4790042025,256,emd_point
4790042026,256,emd_point
4790042027,256,emd_point
4790042028,256,emd_point
4790042029,256,emd_point
4790042030,256,emd_point
4790043000,161,emd_point
4790043021,161,emd_point
4790043022,161,emd_point
4790043023,161,emd_point
4790043024,161,emd_point
4790043025,161,emd_point
4790043026,161,emd_point
4790043027,161,emd_point
4790043028,161,emd_point
4790043029,161,emd_point
4790043030,161,emd_point
4792025000,231,emd_point
4792025022,201,ri_polygon
4792025023,276,ri_polygon
4792025024,294,ri_polygon
4792025025,260,ri_polygon
4792025026,287,ri_polygon
4792025027,215,ri_polygon
4792025028,208,ri_polygon
4792025029,218,ri_polygon
4792025030,199,ri_polygon
4792025031,203,ri_polygon
4792031000,280,emd_point
4792031021,386,ri_polygon
4792031022,330,ri_polygon
4792031023,442,ri_polygon
4792031024,489,ri_polygon
4792031025,352,ri_polygon
4792031026,321,ri_polygon
4792031027,282,ri_polygon
4792031028,254,ri_polygon
4792032000,309,emd_point
4792032021,324,ri_polygon
4792032023,360,ri_polygon
4792032024,273,ri_polygon
4792032025,310,ri_polygon
4792032026,311,ri_polygon
4792032027,437,ri_polygon
4792032028,339,ri_polygon
4792033000,359,emd_point
4792033021,411,ri_polygon
4792033022,446,ri_polygon
4792033023,383,ri_polygon
4792033024,427,ri_polygon
4792033025,587,ri_polygon
4792033026,421,ri_polygon
4792033027,413,ri_polygon
4792034000,317,emd_point
4792034021,323,ri_polygon
4792034022,509,ri_polygon
4792034023,443,ri_polygon
4792034024,590,ri_polygon
4792034025,638,ri_polygon
4792034026,699,ri_polygon
4792034027,536,ri_polygon
4792034028,815,ri_polygon
4792034029,364,ri_polygon
4792035000,315,emd_point
4792035021,331,ri_polygon
4792035022,809,ri_polygon
4792035023,337,ri_polygon
4792035024,440,ri_polygon
4792035025,533,ri_polygon
4792035026,862,ri_polygon
4792035027,493,ri_polygon
4792036000,333,emd_point
4792036021,346,ri_polygon
4792036022,452,ri_polygon
4792036023,426,ri_polygon
4792036024,506,ri_polygon
4792036025,503,ri_polygon
4792037000,202,emd_point
4792037021,378,ri_polygon
4792037022,458,ri_polygon
4792037023,348,ri_polygon
4792037024,398,ri_polygon
4792037025,415,ri_polygon
4792037026,464,ri_polygon
4792037027,628,ri_polygon
4792037028,446,ri_polygon
4792038000,246,emd_point
4792038021,276,ri_polygon
4792038022,286,ri_polygon
4792038023,261,ri_polygon
4792038024,306,ri_polygon
4792038025,261,ri_polygon
4792038026,236,ri_polygon
4792038027,286,ri_polygon
4792038028,413,ri_polygon
4792039000,488,emd_point
4792039021,647,ri_polygon
4792039022,868,ri_polygon
4792039023,480,ri_polygon
4793025000,15,emd_point
4793025021,12,ri_polygon
4793025022,73,ri_polygon
4793025023,22,ri_polygon
4793025024,68,ri_polygon
4793025025,34,ri_polygon
4793025026,41,ri_polygon
4793025027,121,ri_polygon
4793025028,205,ri_polygon
4793025029,260,ri_polygon
4793025030,27,ri_polygon
4793025300,8,emd_point
4793025321,30,ri_polygon
4793025322,109,ri_polygon
4793025323,33,ri_polygon
4793025324,106,ri_polygon
4793025325,12,ri_polygon
4793025326,35,ri_polygon
4793025327,112,ri_polygon
4793031000,3,emd_point
4793031021,118,ri_polygon
4793031022,100,ri_polygon
4793031023,164,ri_polygon
4793031024,126,ri_polygon
4793031025,177,ri_polygon
4793031026,369,ri_polygon
4793031027,376,ri_polygon
4793031028,173,ri_polygon
4793031029,142,ri_polygon
4793031030,157,ri_polygon
4793031031,66,ri_polygon
4793031032,155,ri_polygon
4793031033,48,ri_polygon
4793033000,5,emd_point
4793033021,13,ri_polygon
4793033022,32,ri_polygon
4793033023,72,ri_polygon
4793033024,168,ri_polygon
4793033025,64,ri_polygon
4793033026,71,ri_polygon
4793033027,20,ri_polygon
4793035000,4,emd_point
4793035021,61,ri_polygon
4793035022,36,ri_polygon
4793035023,84,ri_polygon
4793035024,44,ri_polygon
4793035025,118,ri_polygon
4793035026,139,ri_polygon
4793035027,195,ri_polygon
4793035028,118,ri_polygon
4793035029,73,ri_polygon
4793035030,83,ri_polygon
4793035031,46,ri_polygon
4793035032,63,ri_polygon
4793036000,114,emd_point
4793036021,197,ri_polygon
4793036022,399,ri_polygon
4793036023,208,ri_polygon
4793036024,283,ri_polygon
4793036025,177,ri_polygon
4793036026,143,ri_polygon
4793036027,92,ri_polygon
4793036028,196,ri_polygon
4793036029,294,ri_polygon
4793037000,5,emd_point
4793037021,17,ri_polygon
4793037022,72,ri_polygon
4793037023,85,ri_polygon
4793037024,23,ri_polygon
4793038000,4,emd_point
4793038021,95,ri_polygon
4793038022,162,ri_polygon
4793038023,101,ri_polygon
4793039000,238,emd_point
4793039021,238,emd_point
4793039022,238,emd_point
4793039023,238,emd_point
4793039024,238,emd_point
4793039025,238,emd_point
4793039026,238,emd_point
4793039027,238,emd_point
4793040000,28,emd_point
4793040021,28,emd_point
4793040022,28,emd_point
4793040023,28,emd_point
4793040024,28,emd_point
4793040025,28,emd_point
4793040026,28,emd_point
4793040027,28,emd_point
4793040028,28,emd_point
4794025000,175,emd_point
4794025024,221,ri_polygon
4794025025,404,ri_polygon
4794025026,346,ri_polygon
4794025027,0,ri_polygon
4794031000,0,emd_point
4794031024,253,ri_polygon
4794031025,375,ri_polygon
4794031026,184,ri_polygon
4794032000,97,emd_point
4794032024,160,ri_polygon
4794032025,425,ri_polygon
4794032026,145,ri_polygon
4812110100,47,emd_polygon
4812110200,18,emd_polygon
4812110300,45,emd_polygon
4812110400,67,emd_polygon
4812110500,97,emd_polygon
4812110600,209,emd_polygon
4812110700,201,emd_polygon
4812110800,123,emd_polygon
4812111200,8,emd_polygon
4812111300,82,emd_polygon
4812111400,77,emd_polygon
4812111600,14,emd_point
4812111700,140,emd_polygon
4812111800,13,emd_point
4812111900,52,emd_polygon
4812112000,55,emd_polygon
4812112100,45,emd_polygon
4812112200,26,emd_polygon
4812112400,10,emd_polygon
4812112500,37,emd_polygon
4812112700,11,emd_polygon
4812112900,15,emd_polygon
4812125000,9,emd_point
4812125021,75,ri_polygon
4812125022,50,ri_polygon
4812125023,33,ri_polygon
4812125024,85,ri_polygon
4812125025,75,ri_polygon
4812125026,124,ri_polygon
4812125027,11,ri_polygon
4812125028,23,ri_polygon
4812125029,117,ri_polygon
4812125030,10,ri_polygon
4812125031,6,ri_polygon
4812125032,11,ri_polygon
4812125033,18,ri_polygon
4812125034,34,ri_polygon
4812125035,16,ri_polygon
4812125036,20,ri_polygon
4812125037,14,ri_polygon
4812125038,27,ri_polygon
4812125039,25,ri_polygon
4812125040,14,ri_polygon
4812125041,5,ri_polygon
4812125042,40,ri_polygon
4812125043,7,ri_polygon
4812125044,6,ri_polygon
4812131000,16,emd_point
4812131021,100,ri_polygon
4812131022,66,ri_polygon
4812131023,15,ri_polygon
4812131024,15,ri_polygon
4812131025,97,ri_polygon
4812131026,39,ri_polygon
4812131027,139,ri_polygon
4812131028,86,ri_polygon
4812131029,50,ri_polygon
4812131030,56,ri_polygon
4812131031,38,ri_polygon
4812131032,40,ri_polygon
4812131033,31,ri_polygon
4812131034,200,ri_polygon
4812131035,20,ri_polygon
4812131036,5,ri_polygon
4812131037,20,ri_polygon
4812131038,29,ri_polygon
4812132000,9,emd_point
4812132021,9,ri_polygon
4812132022,9,ri_polygon
4812132023,6,ri_polygon
4812132024,2,ri_polygon
4812132025,4,ri_polygon
4812132026,5,ri_polygon
4812132027,9,ri_polygon
4812132028,8,ri_polygon
4812132029,3,ri_polygon
4812310100,284,emd_polygon
4812310200,154,emd_polygon
4812310300,48,emd_point
4812310400,9,emd_polygon
4812310500,167,emd_polygon
4812310600,30,emd_polygon
4812310700,158,emd_polygon
4812310800,157,emd_polygon
4812310900,243,emd_polygon
4812311000,197,emd_polygon
4812311100,16,emd_polygon
4812311200,149,emd_polygon
4812311300,171,emd_polygon
4812311400,178,emd_polygon
4812311500,191,emd_polygon
4812311600,77,emd_polygon
4812311700,21,emd_polygon
4812311800,167,emd_polygon
4812311900,22,emd_point
4812312000,37,emd_polygon
4812312100,11,emd_polygon
4812312200,47,emd_polygon
4812312300,6,emd_polygon
4812312400,8,emd_polygon
4812312500,14,emd_point
4812312600,35,emd_polygon
4812312700,28,emd_point
4812312800,45,emd_point
4812312900,28,emd_point
4812313000,79,emd_point
4812313100,32,emd_polygon
4812313200,19,emd_polygon
4812313300,53,emd_polygon
4812313400,42,emd_point
4812313500,42,region_point
4812313600,42,region_point
4812313700,42,region_point
4812313800,42,region_point
4812313900,42,region_point
4812314000,42,region_point
4812314100,42,region_point
4812510100,14,emd_point
4812510200,55,emd_point
4812510300,47,emd_polygon
4812510400,2,emd_polygon
4812510500,26,emd_polygon
4812510600,31,emd_polygon
4812510700,34,emd_polygon
4812510800,22,emd_polygon
4812510900,59,emd_polygon
4812511000,10,emd_polygon
4812511100,8,emd_polygon
4812511200,8,emd_polygon
4812511300,11,emd_polygon
4812511400,13,emd_polygon
4812511500,22,emd_point
4812511600,20,emd_polygon
4812511700,18,emd_polygon
4812511800,9,emd_point
4812511900,26,emd_polygon
4812512000,8,emd_polygon
4812512100,46,emd_polygon
4812512200,7,emd_polygon
4812512300,133,emd_polygon
4812512400,17,emd_polygon
4812512500,3,emd_polygon
4812512600,18,emd_polygon
4812512700,21,emd_polygon
4812512800,26,emd_point
4812512900,3,emd_polygon
4812513000,7,emd_polygon
4812513100,14,emd_polygon
4812513200,12,emd_polygon
4812513300,8,emd_polygon
4812513400,10,emd_point
4812513500,7,emd_polygon
4812513600,89,emd_polygon
4812513700,13,emd_point
4812513800,37,emd_polygon
4812513900,42,emd_polygon
4812514000,39,emd_point
4812514100,17,emd_polygon
4812514200,23,emd_polygon
4812514300,31,emd_polygon
4812514400,25,emd_polygon
4812514500,11,emd_polygon
4812514600,22,emd_polygon
4812514700,12,emd_polygon
4812514800,13,emd_polygon
4812514900,10,emd_polygon
4812515000,20,emd_polygon
4812515100,14,emd_polygon
4812515200,10,emd_polygon
4812515300,9,emd_polygon
4812515400,27,emd_polygon
4812515500,42,emd_polygon
4812515600,33,emd_polygon
4812515700,57,emd_polygon
4812515800,7,emd_polygon
4812515900,6,emd_point
4812516000,21,emd_polygon
4812531000,4,emd_point
4812531021,90,ri_polygon
4812531022,53,ri_polygon
4812531023,90,ri_polygon
4812531024,0,ri_polygon
4812531025,149,ri_polygon
4812531026,134,ri_polygon
4812531027,54,ri_polygon
4812531028,71,ri_polygon
4812531029,104,ri_polygon
4812531030,45,ri_polygon
4812532000,9,emd_point
4812532021,54,ri_polygon
4812532022,23,ri_polygon
4812532023,7,ri_polygon
4812532024,13,ri_polygon
4812532025,116,ri_polygon
4812532026,140,ri_polygon
4812532027,172,ri_polygon
4812532028,135,ri_polygon
4812532029,145,ri_polygon
4812532030,123,ri_polygon
4812533000,18,emd_point
4812533021,18,ri_polygon
4812533022,34,ri_polygon
4812533023,317,ri_polygon
4812533024,26,ri_polygon
4812533025,104,ri_polygon
4812533026,244,ri_polygon
4812533027,192,ri_polygon
4812533028,106,ri_polygon
4812533029,33,ri_polygon
4812533030,79,ri_polygon
4812533031,108,ri_polygon
4812533032,128,ri_polygon
4812533033,174,ri_polygon
4812533034,79,ri_polygon
4812533035,157,ri_polygon
4812534000,19,emd_point
4812534021,3,ri_polygon
4812534022,113,ri_polygon
4812534023,11,ri_polygon
4812534024,47,ri_polygon
4812534025,83,ri_polygon
4812534026,102,ri_polygon
4812534027,84,ri_polygon
4812534028,248,ri_polygon
4812534029,135,ri_polygon
4812534030,122,ri_polygon
4812534031,69,ri_polygon
4812534032,53,ri_polygon
4812534033,50,ri_polygon
4812534034,211,ri_polygon
4812534035,172,ri_polygon
4812534036,153,ri_polygon
4812534037,339,ri_polygon
4812710100,157,emd_polygon
4812710200,187,emd_polygon
4812710300,4,emd_point
4812710400,21,emd_point
4812710500,9,emd_polygon
4812710600,70,emd_polygon
4812710700,42,emd_point
4812710800,110,emd_polygon
4812725000,71,emd_point
4812725021,179,ri_polygon
4812725022,57,ri_polygon
4812725023,47,ri_polygon
4812725024,132,ri_polygon
4812725025,82,ri_polygon
4812725026,153,ri_polygon
4812725027,264,ri_polygon
4812725028,159,ri_polygon
4812725029,229,ri_polygon
4812725030,182,ri_polygon
4812910100,28,emd_polygon
4812910200,24,emd_polygon
4812910300,13,emd_polygon
4812910400,8,emd_polygon
4812910500,105,emd_polygon
4812910600,6,emd_polygon
4812910700,14,emd_polygon
4812910800,12,emd_polygon
4812910900,18,emd_polygon
4812911000,4,emd_polygon
4812911100,6,emd_polygon
4812911200,5,emd_polygon
4812911300,2,emd_polygon
4812911400,11,emd_polygon
4812911500,81,emd_polygon
4812911600,6,emd_polygon
4812911700,74,emd_polygon
4812911800,81,emd_polygon
4812911900,15,emd_polygon
4812912000,18,emd_polygon
4812912100,16,emd_polygon
4812912200,14,emd_polygon
4812912300,15,emd_polygon
4812912400,15,emd_polygon
4812912500,18,emd_polygon
4812912600,21,emd_polygon
4812912700,16,emd_polygon
4812912800,11,emd_polygon
4812912900,11,emd_polygon
4812913000,11,emd_polygon
4812913100,20,emd_polygon
4812913200,20,emd_polygon
4812913300,16,emd_polygon
4812913400,16,emd_polygon
4812913500,17,emd_point
4812913600,29,emd_polygon
4812913700,37,emd_point
4812913800,12,emd_point
4812913900,14,emd_point
4812914000,28,emd_point
4812914100,15,emd_point
4812914200,19,emd_point
4812914300,14,emd_point
4812914400,32,emd_point
4812914500,92,emd_polygon
4812914600,31,emd_polygon
4812914700,95,emd_polygon
4812914800,37,emd_polygon
4812914900,82,emd_polygon
4812915000,6,emd_polygon
4812915100,11,emd_polygon
4812915200,0,emd_polygon
4812915300,78,emd_polygon
4812915400,86,emd_polygon
4812915500,39,emd_polygon
4812915600,11,emd_polygon
4812915700,48,emd_polygon
4812915800,143,emd_polygon
4812915900,290,emd_polygon
4812916000,243,emd_polygon
4812916100,27,emd_polygon
4812916200,102,emd_polygon
4812916300,58,emd_polygon
4812916400,67,emd_polygon
4812916500,31,emd_polygon
4817010100,44,emd_polygon
4817010200,36,emd_polygon
4817010300,31,emd_polygon
4817010400,29,emd_polygon
4817010500,40,emd_polygon
4817010600,34,emd_polygon
4817010700,46,emd_polygon
4817010800,29,emd_polygon
4817010900,35,emd_polygon
4817011000,28,emd_polygon
4817011100,34,emd_polygon
4817011200,33,emd_polygon
4817011300,30,emd_polygon
4817011400,31,emd_point
4817011500,65,emd_polygon
4817011600,34,emd_polygon
4817011700,28,emd_polygon
4817011800,43,emd_polygon
4817011900,28,emd_point
4817012000,18,emd_point
4817012100,27,emd_point
4817012200,24,emd_polygon
4817012300,51,emd_polygon
4817012400,33,emd_polygon
4817012500,30,emd_point
4817012600,29,emd_point
4817012700,31,emd_point
4817012800,74,emd_polygon
4817012900,32,emd_point
4817013000,39,emd_polygon
4817013100,35,emd_polygon
4817013200,58,emd_polygon
4817013700,21,emd_point
4817025000,36,emd_point
4817025021,203,ri_polygon
4817025022,21,ri_polygon
4817025023,38,ri_polygon
4817025024,49,ri_polygon
4817025026,115,ri_polygon
4817025027,33,ri_polygon
4817025029,84,ri_polygon
4817025030,104,ri_polygon
4817031000,74,emd_point
4817031021,34,ri_polygon
4817031022,53,ri_polygon
4817031023,39,ri_polygon
4817031024,77,ri_polygon
4817031025,46,ri_polygon
4817032000,20,emd_point
4817032021,68,ri_polygon
4817032022,41,ri_polygon
4817032023,34,ri_polygon
4817032024,27,ri_polygon
4817032025,14,ri_polygon
4817032026,53,ri_polygon
4817033000,40,emd_point
4817033021,72,ri_polygon
4817033022,63,ri_polygon
4817033023,64,ri_polygon
4817033024,36,ri_polygon
4817033025,49,ri_polygon
4817033026,41,ri_polygon
4817033027,130,ri_polygon
4817033028,125,ri_polygon
4817033029,97,ri_polygon
4817035000,25,emd_point
4817035021,44,ri_polygon
4817035023,48,ri_polygon
4817035024,68,ri_polygon
4817035025,44,ri_polygon
4817035027,53,ri_polygon
4817035028,76,ri_polygon
4817035029,56,ri_polygon
4817036000,26,emd_point
4817036021,36,ri_polygon
4817036022,86,ri_polygon
4817036023,33,ri_polygon
4817036024,51,ri_polygon
4817036025,48,ri_polygon
4817036026,83,ri_polygon
4817037000,79,emd_point
4817037021,145,ri_polygon
4817037022,71,ri_polygon
4817037023,80,ri_polygon
4817037024,71,ri_polygon
4817037025,39,ri_polygon
4817037026,147,ri_polygon
4817037027,131,ri_polygon
4817037028,90,ri_polygon
4817038000,26,emd_point
4817038021,115,ri_polygon
4817038022,55,ri_polygon
4817038023,19,ri_polygon
4817038024,25,ri_polygon
4817038025,70,ri_polygon
4817038026,39,ri_polygon
4817039000,47,emd_point
4817039022,110,ri_polygon
4817039023,28,ri_polygon
4817039024,23,ri_polygon
4817039025,72,ri_polygon
4817039026,18,ri_polygon
4817039027,50,ri_polygon
4817040000,51,emd_point
4817040021,41,ri_polygon
4817040022,32,ri_polygon
4817040023,63,ri_polygon
4817040024,53,ri_polygon
4817040025,47,ri_polygon
4817040026,25,ri_polygon
4817040027,24,ri_polygon
4817040028,76,ri_polygon
4817040029,58,ri_polygon
4817040030,62,ri_polygon
4817040031,98,ri_polygon
4817040032,175,ri_polygon
4817041000,31,emd_point
4817041021,65,ri_polygon
4817041022,114,ri_polygon
4817041023,73,ri_polygon
4817041024,51,ri_polygon
4817041025,65,ri_polygon
4817041026,24,ri_polygon
4817041027,56,ri_polygon
4817042000,34,emd_point
4817042021,37,ri_polygon
4817042022,97,ri_polygon
4817042023,40,ri_polygon
4817042024,55,ri_polygon
4817042025,85,ri_polygon
4817042026,133,ri_polygon
4817042027,72,ri_polygon
4817042028,21,ri_polygon
4817042029,21,ri_polygon
4817042030,78,ri_polygon
4817043000,97,emd_point
4817043021,61,ri_polygon
4817043022,106,ri_polygon
4817043023,54,ri_polygon
4817043024,25,ri_polygon
4817043025,114,ri_polygon
4817043026,156,ri_polygon
4817043027,203,ri_polygon
4817043028,111,ri_polygon
4817043029,157,ri_polygon
4817044000,32,emd_point
4817044021,88,ri_polygon
4817044022,56,ri_polygon
4817044023,164,ri_polygon
4817044024,94,ri_polygon
4817044025,79,ri_polygon
4817044026,111,ri_polygon
4817044027,127,ri_polygon
4817044028,43,ri_polygon
4817044029,91,ri_polygon
4817044030,191,ri_polygon
4817044031,54,ri_polygon
4817045000,46,emd_point
4817045021,78,ri_polygon
4817045022,37,ri_polygon
4817045023,65,ri_polygon
4817045024,40,ri_polygon
4817045025,140,ri_polygon
4817045026,37,ri_polygon
4817046000,59,emd_point
4817046021,96,ri_polygon
4817046022,91,ri_polygon
4817046023,93,ri_polygon
4817046024,121,ri_polygon
4817046025,101,ri_polygon
4817046026,50,ri_polygon
4817046027,50,ri_polygon
4817046028,127,ri_polygon
4822010100,0,emd_point
4822010200,3,emd_polygon
4822010300,3,emd_point
4822010400,9,emd_polygon
4822010500,8,emd_point
4822010600,47,emd_polygon
4822010700,33,emd_polygon
4822010800,45,emd_polygon
4822010900,3,emd_point
4822011000,6,emd_point
4822011100,38,emd_point
4822011200,90,emd_polygon
4822011300,70,emd_polygon
4822011400,62,emd_polygon
4822011500,39,emd_point
4822011600,23,emd_point
4822011700,40,emd_polygon
4822025000,49,emd_point
4822025021,62,ri_polygon
4822025022,181,ri_polygon
4822025023,115,ri_polygon
4822025024,63,ri_polygon
4822025026,119,ri_polygon
4822025027,4,ri_polygon
4822025028,52,ri_polygon
4822025029,153,ri_polygon
4822025030,56,ri_polygon
4822025031,173,ri_polygon
4822025032,49,emd_point
4822031000,27,emd_point
4822031021,12,ri_polygon
4822031022,21,ri_polygon
4822031023,9,ri_polygon
4822031024,33,ri_polygon
4822031025,43,ri_polygon
4822031026,32,ri_polygon
4822031027,80,ri_polygon
4822031028,10,ri_polygon
4822033000,31,emd_point
4822033021,76,ri_polygon
4822033022,78,ri_polygon
4822033023,28,ri_polygon
4822033024,100,ri_polygon
4822033025,102,ri_polygon
4822033026,44,ri_polygon
4822033027,136,ri_polygon
4822034000,7,emd_point
4822034021,76,ri_polygon
4822034022,116,ri_polygon
4822034023,11,ri_polygon
4822034024,19,ri_polygon
4822034025,91,ri_polygon
4822034026,126,ri_polygon
4822034027,141,ri_polygon
4822035000,0,emd_point
4822035021,6,ri_polygon
4822035022,205,ri_polygon
4822035023,91,ri_polygon
4822035024,139,ri_polygon
4822035025,312,ri_polygon
4822036000,6,emd_point
4822036021,88,ri_polygon
4822036022,0,ri_polygon
4822036023,21,ri_polygon
4822036024,155,ri_polygon
4822036025,0,ri_polygon
4822036026,105,ri_polygon
4822036027,195,ri_polygon
4822036028,76,ri_polygon
4822037000,1,emd_point
4822037021,73,ri_polygon
4822037022,351,ri_polygon
4822037023,144,ri_polygon
4822037024,29,ri_polygon
4824010100,125,emd_polygon
4824010200,12,emd_polygon
4824010300,6,emd_point
4824010400,16,emd_polygon
4824010500,9,emd_polygon
4824010600,121,emd_polygon
4824010700,59,emd_polygon
4824010800,24,emd_polygon
4824010900,54,emd_polygon
4824011000,170,emd_polygon
4824011100,30,emd_polygon
4824011200,164,emd_polygon
4824011300,156,emd_polygon
4824011400,19,emd_polygon
4824011500,46,emd_polygon
4824011600,46,emd_point
4824011700,110,emd_polygon
4824011800,44,emd_polygon
4824011900,18,emd_polygon
4824012000,25,emd_polygon
4824012100,7,emd_polygon
4824012200,299,emd_polygon
4824012300,173,emd_polygon
4824012400,20,emd_polygon
4824012500,15,emd_polygon
4824012600,33,emd_polygon
4824012700,199,emd_polygon
4824025000,17,emd_point
4824025021,22,ri_polygon
4824025022,32,ri_polygon
4824025023,13,ri_polygon
4824025024,15,ri_polygon
4824025025,8,ri_polygon
4824025026,6,ri_polygon
4824025027,5,ri_polygon
4824025028,46,ri_polygon
4824025029,129,ri_polygon
4824025030,147,ri_polygon
4824025031,76,ri_polygon
4824031000,29,emd_point
4824031021,15,ri_polygon
4824031022,46,ri_polygon
4824031023,100,ri_polygon
4824031024,46,ri_polygon
4824031025,111,ri_polygon
4824031026,51,ri_polygon
4824031027,31,ri_polygon
4824031028,60,ri_polygon
4824031029,39,ri_polygon
4824031030,69,ri_polygon
4824032000,21,emd_point
4824032021,13,ri_polygon
4824032022,2,ri_polygon
4824032023,18,ri_polygon
4824032024,25,ri_polygon
4824032025,30,ri_polygon
4824032026,161,ri_polygon
4824032027,165,ri_polygon
4824032028,163,ri_polygon
4824032029,126,ri_polygon
4824032030,307,ri_polygon
4824032031,322,ri_polygon
4824033000,19,emd_point
4824033021,6,ri_polygon
4824033022,22,ri_polygon
4824033023,18,ri_polygon
4824033024,21,ri_polygon
4824033025,16,ri_polygon
4824033026,60,ri_polygon
4824033027,91,ri_polygon
4824033028,98,ri_polygon
4824033029,145,ri_polygon
4824033030,12,ri_polygon
4824033031,19,ri_polygon
4824033032,120,ri_polygon
4824034000,11,emd_point
4824034021,11,ri_polygon
4824034022,18,ri_polygon
4824034023,71,ri_polygon
4824034024,16,ri_polygon
4824034025,60,ri_polygon
4824034026,34,ri_polygon
4824034027,26,ri_polygon
4824035000,16,emd_point
4824035021,23,ri_polygon
4824035022,11,ri_polygon
4824035023,54,ri_polygon
4824035024,49,ri_polygon
4824035025,28,ri_polygon
4824035026,78,ri_polygon
4824035027,115,ri_polygon
4824035028,45,ri_polygon
4824035029,53,ri_polygon
4824035030,23,ri_polygon
4824035031,29,ri_polygon
4824035032,111,ri_polygon
4824035033,26,ri_polygon
4824036000,114,emd_point
4824036021,38,ri_polygon
4824036022,110,ri_polygon
4824036023,85,ri_polygon
4824036024,39,ri_polygon
4824036025,50,ri_polygon
4824036026,128,ri_polygon
4824036027,120,ri_polygon
4824036028,78,ri_polygon
4824036029,106,ri_polygon
4824036030,43,ri_polygon
4824036031,51,ri_polygon
4824036032,59,ri_polygon
4824036033,98,ri_polygon
4824036034,113,ri_polygon
4824036035,49,ri_polygon
4824036036,108,ri_polygon
4824037000,11,emd_point
4824037021,6,ri_polygon
4824037022,61,ri_polygon
4824037023,4,ri_polygon
4824037024,14,ri_polygon
4824037025,6,ri_polygon
4824037026,4,ri_polygon
4824037027,20,ri_polygon
4824037028,8,ri_polygon
4824037029,3,ri_polygon
4824037030,18,ri_polygon
4825010100,13,emd_point
4825010200,11,emd_polygon
4825010300,0,emd_point
4825010400,8,emd_polygon
4825010500,20,emd_polygon
4825010600,27,emd_polygon
4825010700,61,emd_polygon
4825010800,24,emd_polygon
4825010900,8,emd_polygon
4825011000,4,emd_polygon
4825011100,3,emd_polygon
4825011200,2,emd_polygon
4825011300,-1,emd_polygon
4825011400,1,emd_polygon
4825011500,3,emd_polygon
4825011600,2,emd_polygon
4825011700,1,emd_polygon
4825011800,53,emd_polygon
4825011900,157,emd_polygon
4825012000,10,emd_polygon
4825012100,20,emd_polygon
4825012200,4,emd_point
4825012300,8,emd_polygon
4825012400,2,emd_polygon
4825012500,73,emd_polygon
4825012600,8,emd_polygon
4825012700,2,emd_polygon
4825012800,74,emd_polygon
4825012900,207,emd_polygon
4825013000,135,emd_polygon
4825013100,58,emd_polygon
4825013200,41,emd_polygon
4825013300,59,emd_polygon
4825013400,156,emd_polygon
4825025000,27,emd_point
4825025021,99,ri_polygon
4825025022,110,ri_polygon
4825025023,64,ri_polygon
4825025024,19,ri_polygon
4825025025,3,ri_polygon
4825025026,7,ri_polygon
4825025027,48,ri_polygon
4825025028,45,ri_polygon
4825025029,18,ri_polygon
4825025030,73,ri_polygon
4825025031,59,ri_polygon
4825025032,64,ri_polygon
4825025033,39,ri_polygon
4825032000,2,emd_point
4825032021,41,ri_polygon
4825032022,153,ri_polygon
4825032023,73,ri_polygon
4825032024,19,ri_polygon
4825032025,64,ri_polygon
4825032026,212,ri_polygon
4825032027,4,ri_polygon
4825032028,2,ri_polygon
4825033000,24,emd_point
4825033021,38,ri_polygon
4825033022,44,ri_polygon
4825033023,65,ri_polygon
4825033024,21,ri_polygon
4825033025,308,ri_polygon
4825033026,136,ri_polygon
4825033027,104,ri_polygon
4825033028,43,ri_polygon
4825033029,37,ri_polygon
4825033030,95,ri_polygon
4825034000,4,emd_point
4825034021,22,ri_polygon
4825034022,47,ri_polygon
4825034023,69,ri_polygon
4825034024,61,ri_polygon
4825034025,21,ri_polygon
4825034026,94,ri_polygon
4825034027,8,ri_polygon
4825034028,6,ri_polygon
4825034029,7,ri_polygon
4825034030,3,ri_polygon
4825034031,38,ri_polygon
4825034032,42,ri_polygon
4825035000,19,emd_point
4825035021,182,ri_polygon
4825035022,67,ri_polygon
4825035023,49,ri_polygon
4825035024,11,ri_polygon
4825035025,156,ri_polygon
4825035026,9,ri_polygon
4825035027,65,ri_polygon
4825035028,140,ri_polygon
4825036000,44,emd_point
4825036021,65,ri_polygon
4825036022,50,ri_polygon
4825036023,9,ri_polygon
4825036024,54,ri_polygon
4825036025,182,ri_polygon
4825036026,321,ri_polygon
4825037000,4,emd_point
4825037021,43,ri_polygon
4825037022,42,ri_polygon
4825037023,192,ri_polygon
4825037024,27,ri_polygon
4825037025,3,ri_polygon
4825037026,84,ri_polygon
4825037027,18,ri_polygon
4825037028,276,ri_polygon
4825037029,6,ri_polygon
4825037030,6,ri_polygon
4827010100,23,emd_point
4827010200,15,emd_point
4827010300,86,emd_point
4827010400,12,emd_point
4827010500,90,emd_polygon
4827010600,33,emd_polygon
4827010700,59,emd_polygon
4827010800,13,emd_point
4827025000,9,emd_point
4827025021,15,ri_polygon
4827025022,119,ri_polygon
4827025023,54,ri_polygon
4827025024,202,ri_polygon
4827025025,32,ri_polygon
4827025026,127,ri_polygon
4827025027,4,ri_polygon
4827025028,39,ri_polygon
4827025029,256,ri_polygon
4827025030,6,ri_polygon
4827025031,60,ri_polygon
4827025032,47,ri_polygon
4827025033,21,ri_polygon
4827025300,12,emd_point
4827025321,10,ri_polygon
4827025322,9,ri_polygon
4827025323,8,ri_polygon
4827025324,16,ri_polygon
4827025325,44,ri_polygon
4827025326,18,ri_polygon
4827025327,17,ri_polygon
4827025328,12,ri_polygon
4827031000,23,emd_point
4827031021,20,ri_polygon
4827031022,47,ri_polygon
4827031023,167,ri_polygon
4827031024,40,ri_polygon
4827031025,14,ri_polygon
4827031026,42,ri_polygon
4827031027,43,ri_polygon
4827031028,37,ri_polygon
4827031029,51,ri_polygon
4827031030,277,ri_polygon
4827031031,80,ri_polygon
4827031032,49,ri_polygon
4827031033,233,ri_polygon
4827031034,89,ri_polygon
4827031035,71,ri_polygon
4827031036,118,ri_polygon
4827032000,36,emd_point
4827032021,45,ri_polygon
4827032022,42,ri_polygon
4827032023,83,ri_polygon
4827032024,77,ri_polygon
4827032025,72,ri_polygon
4827032026,221,ri_polygon
4827032027,159,ri_polygon
4827032028,139,ri_polygon
4827033000,30,emd_point
4827033021,39,ri_polygon
4827033022,149,ri_polygon
4827033023,61,ri_polygon
4827033024,19,ri_polygon
4827033025,34,ri_polygon
4827033026,181,ri_polygon
4827034000,123,emd_point
4827034021,174,ri_polygon
4827034022,252,ri_polygon
4827034023,165,ri_polygon
4827034024,140,ri_polygon
4827034025,433,ri_polygon
4827034026,414,ri_polygon
4827034027,720,ri_polygon
4827034028,420,ri_polygon
4827035000,63,emd_point
4827035021,63,ri_polygon
4827035022,64,ri_polygon
4827035023,42,ri_polygon
4827035024,151,ri_polygon
4827035025,161,ri_polygon
4827035026,289,ri_polygon
4827035027,363,ri_polygon
4827035028,142,ri_polygon
4827035029,70,ri_polygon
4827035030,88,ri_polygon
4827035031,354,ri_polygon
4827035032,422,ri_polygon
4827036000,9,emd_point
4827036021,6,ri_polygon
4827036022,7,ri_polygon
4827036023,66,ri_polygon
4827036024,3,ri_polygon
4827036025,18,ri_polygon
4827036026,48,ri_polygon
4827036027,33,ri_polygon
4827036028,105,ri_polygon
4827036029,2,ri_polygon
4827037000,20,emd_point
4827037021,90,ri_polygon
4827037022,5,ri_polygon
4827037023,16,ri_polygon
4827037024,6,ri_polygon
4827037025,7,ri_polygon
4827037026,62,ri_polygon
4827037027,12,ri_polygon
4827037028,61,ri_polygon
4827037029,9,ri_polygon
4827037030,18,ri_polygon
4827037031,60,ri_polygon
4827037032,160,ri_polygon
4827038000,9,emd_point
4827038021,13,ri_polygon
4827038022,23,ri_polygon
4827038023,27,ri_polygon
4827038024,147,ri_polygon
4827038025,51,ri_polygon
4827038026,58,ri_polygon
4827038027,36,ri_polygon
4827038028,99,ri_polygon
4827038029,96,ri_polygon
4827038030,74,ri_polygon
4827038031,187,ri_polygon
4827038032,97,ri_polygon
4827038033,150,ri_polygon
4827038034,47,ri_polygon
4827038035,145,ri_polygon
4827038036,88,ri_polygon
4827038037,35,ri_polygon
4827038038,136,ri_polygon
4827038039,118,ri_polygon
4827038040,84,ri_polygon
4827039000,78,emd_point
4827039021,371,ri_polygon
4827039022,120,ri_polygon
4827039023,224,ri_polygon
4827039024,476,ri_polygon
4827039025,139,ri_polygon
4827039026,83,ri_polygon
4827039027,174,ri_polygon
4831010100,59,emd_point
4831010200,-2,emd_point
4831010300,158,emd_polygon
4831010400,15,emd_polygon
4831010500,93,emd_point
4831010600,11,emd_polygon
4831010700,138,emd_polygon
4831010800,28,emd_point
4831010900,21,emd_point
4831011000,75,emd_polygon
4831011100,90,emd_polygon
4831011200,153,emd_polygon
4831011300,118,emd_polygon
4831011400,249,emd_polygon
4831031000,8,emd_point
4831031021,79,ri_polygon
4831031022,27,ri_polygon
4831031023,58,ri_polygon
4831031024,100,ri_polygon
4831031025,59,ri_polygon
4831031026,18,ri_polygon
4831032000,11,emd_point
4831032021,68,ri_polygon
4831032022,67,ri_polygon
4831032023,135,ri_polygon
4831032024,52,ri_polygon
4831032025,32,ri_polygon
4831032026,0,ri_polygon
4831032027,29,ri_polygon
4831032028,13,ri_polygon
4831033000,78,emd_point
4831033021,24,ri_polygon
4831033022,0,ri_polygon
4831033023,159,ri_polygon
4831033024,102,ri_polygon
4831033025,52,ri_polygon
4831034000,7,emd_point
4831034021,10,ri_polygon
4831034023,86,ri_polygon
4831034024,35,ri_polygon
4831034025,103,ri_polygon
4831034026,23,ri_polygon
4831034027,198,ri_polygon
4831034028,2,ri_polygon
4831034029,13,ri_polygon
4831034030,15,ri_polygon
4831034031,68,ri_polygon
4831034032,52,ri_polygon
4831035000,2,emd_point
4831035021,156,ri_polygon
4831035022,86,ri_polygon
4831035023,54,ri_polygon
4831035024,85,ri_polygon
4831035025,56,ri_polygon
4831035026,3,ri_polygon
4831035027,44,ri_polygon
4831035028,108,ri_polygon
4831035029,52,ri_polygon
4831036000,46,emd_point
4831036021,72,ri_polygon
4831036022,50,ri_polygon
4831036023,60,ri_polygon
4831036024,57,ri_polygon
4831036025,62,ri_polygon
4831036026,33,ri_polygon
4831036027,25,ri_polygon
4831036028,0,ri_polygon
4831037000,19,emd_point
4831037021,90,ri_polygon
4831037022,94,ri_polygon
4831037023,20,ri_polygon
4831037024,18,ri_polygon
4831037025,87,ri_polygon
4831037026,137,ri_polygon
4831037027,177,ri_polygon
4831037028,70,ri_polygon
4831037029,113,ri_polygon
4831037030,42,ri_polygon
4831038000,31,emd_point
4831038021,37,ri_polygon
4831038022,86,ri_polygon
4831038023,38,ri_polygon
4831038024,49,ri_polygon
4831038025,29,ri_polygon
4831038026,32,ri_polygon
4831038027,51,ri_polygon
4831038028,72,ri_polygon
4831039000,39,emd_point
4831039021,122,ri_polygon
4831039022,85,ri_polygon
4831039023,13,ri_polygon
4831039024,21,ri_polygon
4831039025,60,ri_polygon
4831039026,12,ri_polygon
4831039027,28,ri_polygon
4831039028,73,ri_polygon
4831039029,151,ri_polygon
4831039030,166,ri_polygon
4833010100,64,emd_polygon
4833010200,8,emd_polygon
4833010300,15,emd_polygon
4833010400,30,emd_polygon
4833010500,128,emd_polygon
4833010600,144,emd_polygon
4833010700,29,emd_polygon
4833010800,59,emd_polygon
4833010900,226,emd_polygon
4833011000,119,emd_polygon
4833011100,55,emd_polygon
4833011200,120,emd_polygon
4833011300,127,emd_polygon
4833011400,255,emd_polygon
4833011500,247,emd_polygon
4833011600,154,emd_polygon
4833011700,123,emd_point
4833011800,306,emd_polygon
4833011900,131,emd_point
4833012000,134,emd_point
4833012100,259,emd_polygon
4833025300,2,emd_point
4833025321,6,ri_polygon
4833025322,2,ri_polygon
4833025323,9,ri_polygon
4833025324,8,ri_polygon
4833031000,66,emd_point
4833031021,150,ri_polygon
4833031022,233,ri_polygon
4833031023,232,ri_polygon
4833031024,149,ri_polygon
4833031025,62,ri_polygon
4833031026,85,ri_polygon
4833031027,255,ri_polygon
4833031028,156,ri_polygon
4833032000,7,emd_point
4833032021,133,ri_polygon
4833032022,294,ri_polygon
4833032023,242,ri_polygon
4833032024,242,ri_polygon
4833032025,644,ri_polygon
4833032026,459,ri_polygon
4833032027,174,ri_polygon
4833032028,41,ri_polygon
4833033000,58,emd_point
4833033021,167,ri_polygon
4833033022,238,ri_polygon
4833033023,56,ri_polygon
4833033024,114,ri_polygon
4833033025,108,ri_polygon
4833033026,494,ri_polygon
4833033027,196,ri_polygon
4833033028,266,ri_polygon
4833033029,79,ri_polygon
4833034000,111,emd_point
4833034021,128,ri_polygon
4833034022,206,ri_polygon
4833034023,135,ri_polygon
4833034024,240,ri_polygon
4833034025,154,ri_polygon
4833034026,146,ri_polygon
4833034027,135,ri_polygon
4833034028,344,ri_polygon
4872025000,21,emd_point
4872025021,25,ri_polygon
4872025022,23,ri_polygon
4872025023,17,ri_polygon
4872025024,22,ri_polygon
4872025025,12,ri_polygon
4872025026,99,ri_polygon
4872025027,29,ri_polygon
4872025028,60,ri_polygon
4872025029,196,ri_polygon
4872025030,116,ri_polygon
4872031000,30,emd_point
4872031021,238,ri_polygon
4872031022,229,ri_polygon
4872031023,176,ri_polygon
4872031024,170,ri_polygon
4872031025,71,ri_polygon
4872031026,30,ri_polygon
4872031027,168,ri_polygon
4872031028,203,ri_polygon
4872031029,53,ri_polygon
4872032000,79,emd_point
4872032021,108,ri_polygon
4872032022,294,ri_polygon
4872032023,69,ri_polygon
4872032024,124,ri_polygon
4872032025,131,ri_polygon
4872032026,141,ri_polygon
4872033000,91,emd_point
4872033021,318,ri_polygon
4872033022,175,ri_polygon
4872033023,245,ri_polygon
4872033024,139,ri_polygon
4872033025,129,ri_polygon
4872033026,97,ri_polygon
4872033027,164,ri_polygon
4872033028,177,ri_polygon
4872033029,112,ri_polygon
4872034000,19,emd_point
4872034021,125,ri_polygon
4872034022,181,ri_polygon
4872034023,179,ri_polygon
4872034024,15,ri_polygon
4872034025,74,ri_polygon
4872034026,19,ri_polygon
4872034027,26,ri_polygon
4872035000,20,emd_point
4872035021,252,ri_polygon
4872035022,157,ri_polygon
4872035023,114,ri_polygon
4872035024,55,ri_polygon
4872035025,100,ri_polygon
4872035026,44,ri_polygon
4872035027,45,ri_polygon
4872035028,9,ri_polygon
4872035029,32,ri_polygon
4872035030,28,ri_polygon
4872035031,57,ri_polygon
4872035032,132,ri_polygon
4872036000,10,emd_point
4872036021,78,ri_polygon
4872036022,59,ri_polygon
4872036023,45,ri_polygon
4872036024,63,ri_polygon
4872036025,52,ri_polygon
4872036026,60,ri_polygon
4872036027,97,ri_polygon
4872036028,22,ri_polygon
4872036029,18,ri_polygon
4872036030,12,ri_polygon
4872037000,84,emd_point
4872037021,63,ri_polygon
4872037022,76,ri_polygon
4872037023,39,ri_polygon
4872037024,58,ri_polygon
4872037025,69,ri_polygon
4872037026,58,ri_polygon
4872037027,53,ri_polygon
4872037028,48,ri_polygon
4872037029,19,ri_polygon
4872037030,23,ri_polygon
4872038000,52,emd_point
4872038021,25,ri_polygon
4872038022,15,ri_polygon
4872038023,93,ri_polygon
4872038024,37,ri_polygon
4872038025,86,ri_polygon
4872038026,109,ri_polygon
4872039000,26,emd_point
4872039021,25,ri_polygon
4872039022,68,ri_polygon
4872039023,51,ri_polygon
4872039024,220,ri_polygon
4872039025,82,ri_polygon
4872039026,25,ri_polygon
4872039027,114,ri_polygon
4872039028,96,ri_polygon
4872039029,174,ri_polygon
4872039030,44,ri_polygon
4872039031,178,ri_polygon
4872039032,364,ri_polygon
4872040000,146,emd_point
4872040021,201,ri_polygon
4872040022,108,ri_polygon
4872040023,219,ri_polygon
4872040024,180,ri_polygon
4872040025,83,ri_polygon
4872040026,32,ri_polygon
4872040027,226,ri_polygon
4872041500,129,emd_point
4872041521,271,ri_polygon
4872041522,420,ri_polygon
4872041523,231,ri_polygon
4872041524,123,ri_polygon
4872041525,222,ri_polygon
4872041526,116,ri_polygon
4872041527,145,ri_polygon
4872042000,43,emd_point
4872042021,124,ri_polygon
4872042022,355,ri_polygon
4872042023,270,ri_polygon
4872042024,143,ri_polygon
4872042025,74,ri_polygon
4872042026,74,ri_polygon
4872042027,54,ri_polygon
4872042028,180,ri_polygon
4872042029,76,ri_polygon
4872042030,70,ri_polygon
4872042031,33,ri_polygon
4873025000,18,emd_point
4873025021,14,ri_polygon
4873025022,16,ri_polygon
4873025023,66,ri_polygon
4873025024,33,ri_polygon
4873025025,68,ri_polygon
4873025026,50,ri_polygon
4873025027,26,ri_polygon
4873025028,56,ri_polygon
4873025029,37,ri_polygon
4873025030,82,ri_polygon
4873025031,12,ri_polygon
4873025300,28,emd_point
4873025321,28,emd_point
4873025322,28,emd_point
4873025323,28,emd_point
4873025324,28,emd_point
4873025325,28,emd_point
4873025326,28,emd_point
4873025327,28,emd_point
4873025328,28,emd_point
4873025329,28,emd_point
4873025330,28,emd_point
4873031000,37,emd_point
4873031021,43,ri_polygon
4873031022,75,ri_polygon
4873031023,33,ri_polygon
4873031024,115,ri_polygon
4873031025,59,ri_polygon
4873031026,186,ri_polygon
4873032000,24,emd_point
4873032021,20,ri_polygon
4873032022,44,ri_polygon
4873032023,68,ri_polygon
4873032024,40,ri_polygon
4873032025,298,ri_polygon
4873032026,135,ri_polygon
4873032027,180,ri_polygon
4873032028,58,ri_polygon
4873032029,24,ri_polygon
4873032030,15,ri_polygon
4873032031,19,ri_polygon
4873032032,17,ri_polygon
4873032033,183,ri_polygon
4873032034,10,ri_polygon
4873032035,148,ri_polygon
4873032036,83,ri_polygon
4873032037,98,ri_polygon
4873033000,30,emd_point
4873033021,14,ri_polygon
4873033022,24,ri_polygon
4873033023,12,ri_polygon
4873033024,10,ri_polygon
4873033025,11,ri_polygon
4873033026,27,ri_polygon
4873033027,11,ri_polygon
4873033028,36,ri_polygon
4873033029,26,ri_polygon
4873034000,10,emd_point
4873034021,48,ri_polygon
4873034022,74,ri_polygon
4873034023,11,ri_polygon
4873034024,17,ri_polygon
4873034025,10,ri_polygon
4873034026,14,ri_polygon
4873034027,13,ri_polygon
4873034028,87,ri_polygon
4873035000,16,emd_point
4873035021,68,ri_polygon
4873035022,16,ri_polygon
4873035023,20,ri_polygon
4873035025,28,ri_polygon
4873035026,15,ri_polygon
4873035027,15,ri_polygon
4873035028,17,ri_polygon
4873035029,19,ri_polygon
4873035030,36,ri_polygon
4873036000,55,emd_point
4873036021,-1,ri_polygon
4873036022,81,ri_polygon
4873036023,19,ri_polygon
4873036024,66,ri_polygon
4873036025,73,ri_polygon
4873036026,124,ri_polygon
4873036027,115,ri_polygon
4873038000,43,emd_point
4873038021,70,ri_polygon
4873038022,168,ri_polygon
4873038023,86,ri_polygon
4873038024,12,ri_polygon
4873038025,10,ri_polygon
4873038026,34,ri_polygon
4873038027,58,ri_polygon
4873039000,82,emd_point
4873039021,127,ri_polygon
4873039022,325,ri_polygon
4873039023,235,ri_polygon
4873039024,285,ri_polygon
4874025000,99,emd_point
4874025021,333,ri_polygon
4874025022,84,ri_polygon
4874025023,256,ri_polygon
4874025024,94,ri_polygon
4874025025,63,ri_polygon
4874025026,36,ri_polygon
4874025027,47,ri_polygon
4874025028,134,ri_polygon
4874025029,44,ri_polygon
4874025030,241,ri_polygon
4874025031,51,ri_polygon
4874025032,96,ri_polygon
4874025033,18,ri_polygon
4874025034,40,ri_polygon
4874025035,334,ri_polygon
4874025036,103,ri_polygon
4874025037,81,ri_polygon
4874025300,13,emd_point
4874025321,14,ri_polygon
4874025322,14,ri_polygon
4874025323,14,ri_polygon
4874025324,18,ri_polygon
4874025325,85,ri_polygon
4874025326,11,ri_polygon
4874025327,120,ri_polygon
4874025328,56,ri_polygon
4874025329,17,ri_polygon
4874025330,49,ri_polygon
4874025331,55,ri_polygon
4874025332,35,ri_polygon
4874025333,11,ri_polygon
4874025334,91,ri_polygon
4874031000,64,emd_point
4874031021,66,ri_polygon
4874031022,40,ri_polygon
4874031023,57,ri_polygon
4874031024,64,ri_polygon
4874031025,90,ri_polygon
4874031026,247,ri_polygon
4874031027,74,ri_polygon
4874031028,243,ri_polygon
4874032000,112,emd_point
4874032021,205,ri_polygon
4874032022,65,ri_polygon
4874032023,44,ri_polygon
4874032024,67,ri_polygon
4874032025,299,ri_polygon
4874032026,148,ri_polygon
4874032027,94,ri_polygon
4874032028,197,ri_polygon
4874032029,181,ri_polygon
4874033000,75,emd_point
4874033021,46,ri_polygon
4874033022,30,ri_polygon
4874033023,48,ri_polygon
4874033024,19,ri_polygon
4874033025,36,ri_polygon
4874033026,29,ri_polygon
4874033027,25,ri_polygon
4874033028,24,ri_polygon
4874033029,24,ri_polygon
4874033030,19,ri_polygon
4874033031,50,ri_polygon
4874033032,6,ri_polygon
4874033033,84,ri_polygon
4874033034,62,ri_polygon
4874033035,23,ri_polygon
4874033036,32,ri_polygon
4874034000,59,emd_point
4874034021,13,ri_polygon
4874034022,56,ri_polygon
4874034023,61,ri_polygon
4874034024,12,ri_polygon
4874034025,99,ri_polygon
4874034026,21,ri_polygon
4874034027,30,ri_polygon
4874034028,16,ri_polygon
4874034029,26,ri_polygon
4874034030,31,ri_polygon
4874034031,51,ri_polygon
4874034032,63,ri_polygon
4874034033,76,ri_polygon
4874035000,11,emd_point
4874035021,11,ri_polygon
4874035022,13,ri_polygon
4874035023,16,ri_polygon
4874035024,75,ri_polygon
4874035025,93,ri_polygon
4874035026,28,ri_polygon
4874035027,53,ri_polygon
4874035028,13,ri_polygon
4874035029,18,ri_polygon
4874036000,25,emd_point
4874036021,32,ri_polygon
4874036022,28,ri_polygon
4874036023,22,ri_polygon
4874036024,15,ri_polygon
4874036025,22,ri_polygon
4874036026,16,ri_polygon
4874036027,51,ri_polygon
4874036028,48,ri_polygon
4874037000,60,emd_point
4874037021,96,ri_polygon
4874037022,167,ri_polygon
4874037023,107,ri_polygon
4874037024,34,ri_polygon
4874037025,44,ri_polygon
4874037026,16,ri_polygon
4874038000,49,emd_point
4874038021,46,ri_polygon
4874038022,217,ri_polygon
4874038023,130,ri_polygon
4874038024,119,ri_polygon
4874038025,79,ri_polygon
4874038026,47,ri_polygon
4874038027,22,ri_polygon
4874038028,14,ri_polygon
4874038029,7,ri_polygon
4874039000,30,emd_point
4874039021,36,ri_polygon
4874039022,27,ri_polygon
4874039023,26,ri_polygon
4874039024,100,ri_polygon
4874039025,13,ri_polygon
4874039026,23,ri_polygon
4874039027,62,ri_polygon
4874039028,4,ri_polygon
4874040000,30,emd_point
4874040021,24,ri_polygon
4874040022,36,ri_polygon
4874040023,90,ri_polygon
4874040024,41,ri_polygon
4874040025,53,ri_polygon
4874040026,10,ri_polygon
4874040027,22,ri_polygon
4874040028,16,ri_polygon
4874041000,12,emd_point
4874041021,96,ri_polygon
4874041022,7,ri_polygon
4874041023,110,ri_polygon
4874041024,147,ri_polygon
4874042000,25,emd_point
4874042021,104,ri_polygon
4874042022,79,ri_polygon
4874042023,68,ri_polygon
4874042024,35,ri_polygon
4874042025,14,ri_polygon
4874042026,19,ri_polygon
4874042027,12,ri_polygon
4874042028,30,ri_polygon
4874042029,108,ri_polygon
4874042030,63,ri_polygon
4882025000,25,emd_point
4882025021,21,ri_polygon
4882025022,14,ri_polygon
4882025023,32,ri_polygon
4882025024,38,ri_polygon
4882025025,8,ri_polygon
4882025026,25,ri_polygon
4882025027,25,ri_polygon
4882025028,95,ri_polygon
4882025029,27,ri_polygon
4882025030,15,ri_polygon
4882025031,107,ri_polygon
4882025032,7,ri_polygon
4882025033,13,ri_polygon
4882025034,88,ri_polygon
4882025035,42,ri_polygon
4882025036,54,ri_polygon
4882025037,19,ri_polygon
4882031000,41,emd_point
4882031021,27,ri_polygon
4882031022,188,ri_polygon
4882031023,52,ri_polygon
4882031024,69,ri_polygon
4882031025,91,ri_polygon
4882031026,22,ri_polygon
4882032000,9,emd_point
4882032021,42,ri_polygon
4882032022,116,ri_polygon
4882032023,3,ri_polygon
4882032024,120,ri_polygon
4882032025,65,ri_polygon
4882032026,3,ri_polygon
4882032027,21,ri_polygon
4882033000,15,emd_point
4882033021,24,ri_polygon
4882033022,17,ri_polygon
4882033023,158,ri_polygon
4882033024,49,ri_polygon
4882033025,37,ri_polygon
4882033026,242,ri_polygon
4882033027,126,ri_polygon
4882033028,279,ri_polygon
4882034000,81,emd_point
4882034021,259,ri_polygon
4882034022,252,ri_polygon
4882034023,363,ri_polygon
4882034024,138,ri_polygon
4882034025,372,ri_polygon
4882034026,192,ri_polygon
4882034027,281,ri_polygon
4882034028,140,ri_polygon
4882034029,136,ri_polygon
4882035000,35,emd_point
4882035021,125,ri_polygon
4882035022,213,ri_polygon
4882035023,152,ri_polygon
4882035024,39,ri_polygon
4882035025,118,ri_polygon
4882035026,147,ri_polygon
4882035027,141,ri_polygon
4882035028,199,ri_polygon
4882035029,152,ri_polygon
4882036000,72,emd_point
4882036021,134,ri_polygon
4882036022,201,ri_polygon
4882036023,290,ri_polygon
4882036024,98,ri_polygon
4882036025,143,ri_polygon
4882036026,134,ri_polygon
4882036027,220,ri_polygon
4882036028,217,ri_polygon
4882037000,56,emd_point
4882037021,80,ri_polygon
4882037022,83,ri_polygon
4882037023,92,ri_polygon
4882037024,49,ri_polygon
4882037025,157,ri_polygon
4882037026,79,ri_polygon
4882037027,85,ri_polygon
4882038000,75,emd_point
4882038021,130,ri_polygon
4882038022,195,ri_polygon
4882038023,131,ri_polygon
4882038024,146,ri_polygon
4882038025,255,ri_polygon
4882038026,305,ri_polygon
4882038027,114,ri_polygon
4882038028,124,ri_polygon
4882038029,126,ri_polygon
4882039000,45,emd_point
4882039021,141,ri_polygon
4882039022,159,ri_polygon
4882039023,174,ri_polygon
4882039024,90,ri_polygon
4882039025,85,ri_polygon
4882039026,22,ri_polygon
4882040000,50,emd_point
4882040021,10,ri_polygon
4882040022,22,ri_polygon
4882040023,18,ri_polygon
4882040024,30,ri_polygon
4882040025,128,ri_polygon
4882040026,33,ri_polygon
4882041000,16,emd_point
4882041021,27,ri_polygon
4882041022,49,ri_polygon
4882041023,12,ri_polygon
4882041024,37,ri_polygon
4882041025,78,ri_polygon
4882041026,33,ri_polygon
4882041027,131,ri_polygon
4882041028,109,ri_polygon
4882041029,120,ri_polygon
4882042000,34,emd_point
4882042021,70,ri_polygon
4882042022,212,ri_polygon
4882042023,33,ri_polygon
4882042024,115,ri_polygon
4882042025,110,ri_polygon
4882042026,29,ri_polygon
4882042027,212,ri_polygon
4882042028,101,ri_polygon
4882042029,51,ri_polygon
4882043000,5,emd_point
4882043021,61,ri_polygon
4882043022,16,ri_polygon
4882043023,113,ri_polygon
4882043024,44,ri_polygon
4882043025,27,ri_polygon
4882043026,48,ri_polygon
4882043027,73,ri_polygon
4882043028,35,ri_polygon
4882043029,93,ri_polygon
4884025000,24,emd_point
4884025021,24,ri_polygon
4884025022,43,ri_polygon
4884025023,6,ri_polygon
4884025024,12,ri_polygon
4884025025,11,ri_polygon
4884025026,59,ri_polygon
4884025027,289,ri_polygon
4884025028,87,ri_polygon
4884025029,89,ri_polygon
4884025030,22,ri_polygon
4884031000,28,emd_point
4884031021,159,ri_polygon
4884031022,24,ri_polygon
4884031023,83,ri_polygon
4884031024,22,ri_polygon
4884031025,354,ri_polygon
4884031026,79,ri_polygon
4884031027,119,ri_polygon
4884031028,126,ri_polygon
4884032000,9,emd_point
4884032021,113,ri_polygon
4884032022,64,ri_polygon
4884033000,32,emd_point
4884033021,28,ri_polygon
4884033022,116,ri_polygon
4884033023,77,ri_polygon
4884033024,163,ri_polygon
4884033025,98,ri_polygon
4884033026,162,ri_polygon
4884034000,49,emd_point
4884034021,230,ri_polygon
4884034022,58,ri_polygon
4884035000,69,emd_point
4884035021,127,ri_polygon
4884035022,35,ri_polygon
4884035023,310,ri_polygon
4884035024,188,ri_polygon
4884035025,57,ri_polygon
4884035026,231,ri_polygon
4884035027,31,ri_polygon
4884035028,69,ri_polygon
4884035029,92,ri_polygon
4884036000,20,emd_point
4884036021,315,ri_polygon
4884036022,144,ri_polygon
4884036023,188,ri_polygon
4884036024,58,ri_polygon
4884036025,231,ri_polygon
4884036026,150,ri_polygon
4884036027,208,ri_polygon
4884036028,184,ri_polygon
4884036029,98,ri_polygon
4884037000,13,emd_point
4884037021,17,ri_polygon
4884037022,150,ri_polygon
4884037023,46,ri_polygon
4884037024,24,ri_polygon
4884037025,125,ri_polygon
4884037026,103,ri_polygon
4884037027,69,ri_polygon
4884037028,77,ri_polygon
4884037029,104,ri_polygon
4884038000,50,emd_point
4884038021,33,ri_polygon
4884038022,52,ri_polygon
4884038023,60,ri_polygon
4884038024,61,ri_polygon
4884038025,142,ri_polygon
4884038026,102,ri_polygon
4884038027,54,ri_polygon
4884038028,36,ri_polygon
4884039000,13,emd_point
4884039021,62,ri_polygon
4884039022,70,ri_polygon
4884039023,49,ri_polygon
4884039024,170,ri_polygon
4884039025,23,ri_polygon
4884039026,34,ri_polygon
4884039027,206,ri_polygon
4884039028,120,ri_polygon
4884039029,180,ri_polygon
4884039030,31,ri_polygon
4884039031,14,ri_polygon
4884039032,25,ri_polygon
4884039033,41,ri_polygon
4884039034,53,ri_polygon
4884039035,26,ri_polygon
4884039036,36,ri_polygon
4885025000,11,emd_point
4885025021,84,ri_polygon
4885025022,11,ri_polygon
4885025023,5,ri_polygon
4885025024,49,ri_polygon
4885025025,7,ri_polygon
4885025026,210,ri_polygon
4885025027,108,ri_polygon
4885025028,26,ri_polygon
4885031000,43,emd_point
4885031021,448,ri_polygon
4885031022,230,ri_polygon
4885031023,234,ri_polygon
4885031024,289,ri_polygon
4885031025,447,ri_polygon
4885031026,443,ri_polygon
4885031027,292,ri_polygon
4885031028,675,ri_polygon
4885031029,610,ri_polygon
4885032000,29,emd_point
4885032021,147,ri_polygon
4885032022,150,ri_polygon
4885032023,359,ri_polygon
4885032024,201,ri_polygon
4885032025,321,ri_polygon
4885032026,243,ri_polygon
4885032027,269,ri_polygon
4885032028,465,ri_polygon
4885032029,356,ri_polygon
4885032030,127,ri_polygon
4885032031,258,ri_polygon
4885032032,139,ri_polygon
4885032033,29,ri_polygon
4885032034,54,ri_polygon
4885033000,42,emd_point
4885033021,54,ri_polygon
4885033022,108,ri_polygon
4885033023,156,ri_polygon
4885033024,255,ri_polygon
4885033025,18,ri_polygon
4885033026,110,ri_polygon
4885034000,53,emd_point
4885034021,232,ri_polygon
4885034022,190,ri_polygon
4885034023,89,ri_polygon
4885034024,25,ri_polygon
4885034025,60,ri_polygon
4885034026,20,ri_polygon
4885034027,121,ri_polygon
4885035000,9,emd_point
4885035021,91,ri_polygon
4885035022,104,ri_polygon
4885035023,57,ri_polygon
4885035024,93,ri_polygon
4885035025,7,ri_polygon
4885035026,63,ri_polygon
4885035027,79,ri_polygon
4885035028,20,ri_polygon
4885036000,0,emd_point
4885036022,157,ri_polygon
4885036023,62,ri_polygon
4885036024,252,ri_polygon
4885036025,135,ri_polygon
4885036026,80,ri_polygon
4885036027,264,ri_polygon
4885036028,82,ri_polygon
4885036030,14,ri_polygon
4885036034,8,ri_polygon
4885037000,7,emd_point
4885037021,27,ri_polygon
4885037022,32,ri_polygon
4885037023,187,ri_polygon
4885037024,183,ri_polygon
4885037025,31,ri_polygon
4885037026,31,ri_polygon
4885037027,113,ri_polygon
4885037028,24,ri_polygon
4885037029,85,ri_polygon
4885037030,52,ri_polygon
4885038000,30,emd_point
4885038021,29,ri_polygon
4885038022,56,ri_polygon
4885038023,134,ri_polygon
4885038024,140,ri_polygon
4885038025,184,ri_polygon
4885038026,58,ri_polygon
4885038027,84,ri_polygon
4885039000,98,emd_point
4885039021,164,ri_polygon
4885039022,122,ri_polygon
4885039023,258,ri_polygon
4885039024,69,ri_polygon
4885039025,145,ri_polygon
4885039026,145,ri_polygon
4885040000,69,emd_point
4885040021,85,ri_polygon
4885040022,382,ri_polygon
4885040023,289,ri_polygon
4885040024,551,ri_polygon
4885040025,461,ri_polygon
4885041000,83,emd_point
4885041021,375,ri_polygon
4885041022,244,ri_polygon
4885041023,189,ri_polygon
4885041024,290,ri_polygon
4885041025,101,ri_polygon
4885041026,234,ri_polygon
4885041027,66,ri_polygon
4885041028,78,ri_polygon
4885041029,67,ri_polygon
4885041030,134,ri_polygon
4885041031,138,ri_polygon
4885041032,119,ri_polygon
4885041033,399,ri_polygon
4885041034,289,ri_polygon
4885041035,310,ri_polygon
4885042000,3,emd_point
4885042021,24,ri_polygon
4885042022,52,ri_polygon
4885042023,5,ri_polygon
4885042024,2,ri_polygon
4886025000,214,emd_point
4886025021,105,ri_polygon
4886025022,176,ri_polygon
4886025023,159,ri_polygon
4886025024,171,ri_polygon
4886025025,248,ri_polygon
4886025026,150,ri_polygon
4886025027,193,ri_polygon
4886025028,193,ri_polygon
4886025029,308,ri_polygon
4886025030,162,ri_polygon
4886025031,364,ri_polygon
4886025032,270,ri_polygon
4886025033,97,ri_polygon
4886025034,420,ri_polygon
4886031000,356,emd_point
4886031021,371,ri_polygon
4886031022,396,ri_polygon
4886031023,397,ri_polygon
4886031024,445,ri_polygon
4886031025,460,ri_polygon
4886031026,587,ri_polygon
4886031027,425,ri_polygon
4886031028,484,ri_polygon
4886031029,369,ri_polygon
4886031030,318,ri_polygon
4886031031,457,ri_polygon
4886032000,120,emd_point
4886032021,139,ri_polygon
4886032022,321,ri_polygon
4886032023,210,ri_polygon
4886032024,360,ri_polygon
4886032025,221,ri_polygon
4886032026,306,ri_polygon
4886032027,325,ri_polygon
4886032028,334,ri_polygon
4886033000,115,emd_point
4886033021,198,ri_polygon
4886033022,229,ri_polygon
4886033023,248,ri_polygon
4886033024,388,ri_polygon
4886033025,183,ri_polygon
4886033026,140,ri_polygon
4886033027,137,ri_polygon
4886033028,127,ri_polygon
4886033029,169,ri_polygon
4886033030,117,ri_polygon
4886033031,167,ri_polygon
4886033032,190,ri_polygon
4886034000,94,emd_point
4886034021,107,ri_polygon
4886034022,117,ri_polygon
4886034023,355,ri_polygon
4886034024,534,ri_polygon
4886034025,605,ri_polygon
4886034026,186,ri_polygon
4886034027,190,ri_polygon
4886034028,132,ri_polygon
4886034029,309,ri_polygon
4886034030,402,ri_polygon
4886034031,406,ri_polygon
4886034032,639,ri_polygon
4886035000,124,emd_point
4886035021,217,ri_polygon
4886035022,310,ri_polygon
4886035023,336,ri_polygon
4886035024,795,ri_polygon
4886035025,188,ri_polygon
4886035026,635,ri_polygon
4886035027,715,ri_polygon
4886035028,131,ri_polygon
4886036000,102,emd_point
4886036021,854,ri_polygon
4886036022,363,ri_polygon
4886036023,623,ri_polygon
4886036024,189,ri_polygon
4886036025,361,ri_polygon
4886036026,405,ri_polygon
4886036027,195,ri_polygon
4886036028,135,ri_polygon
4886036029,477,ri_polygon
4886036030,292,ri_polygon
4886036031,194,ri_polygon
4886037000,52,emd_point
4886037021,57,ri_polygon
4886037022,77,ri_polygon
4886037023,392,ri_polygon
4886037024,283,ri_polygon
4886037025,539,ri_polygon
4886037026,129,ri_polygon
4886037027,150,ri_polygon
4886037028,121,ri_polygon
4886037029,151,ri_polygon
4886037030,73,ri_polygon
4886037031,60,ri_polygon
4886037032,93,ri_polygon
4886037033,89,ri_polygon
4886037034,135,ri_polygon
4886037035,142,ri_polygon
4886037036,578,ri_polygon
4886037037,467,ri_polygon
4886038000,54,emd_point
4886038021,189,ri_polygon
4886038022,86,ri_polygon
4886038023,169,ri_polygon
4886038024,61,ri_polygon
4886038025,59,ri_polygon
4886038026,99,ri_polygon
4886038027,77,ri_polygon
4886038028,195,ri_polygon
4886038029,456,ri_polygon
4886038030,419,ri_polygon
4886038031,102,ri_polygon
4886038032,73,ri_polygon
4886039000,154,emd_point
4886039021,59,ri_polygon
4886039022,110,ri_polygon
4886039023,69,ri_polygon
4886039024,157,ri_polygon
4886039025,179,ri_polygon
4886040000,83,emd_point
4886040021,71,ri_polygon
4886040022,125,ri_polygon
4886040023,75,ri_polygon
4886040024,109,ri_polygon
4886040025,118,ri_polygon
4886040026,123,ri_polygon
4886040027,392,ri_polygon
4886040028,338,ri_polygon
4886040029,253,ri_polygon
4887025000,165,emd_point
4887025021,171,ri_polygon
4887025022,156,ri_polygon
4887025023,232,ri_polygon
4887025024,246,ri_polygon
4887025025,179,ri_polygon
4887025026,166,ri_polygon
4887025027,148,ri_polygon
4887025028,184,ri_polygon
4887025029,253,ri_polygon
4887025030,226,ri_polygon
4887025031,224,ri_polygon
4887025032,235,ri_polygon
4887025033,374,ri_polygon
4887025034,249,ri_polygon
4887025035,410,ri_polygon
4887031000,308,emd_point
4887031021,297,ri_polygon
4887031022,616,ri_polygon
4887031023,585,ri_polygon
4887031024,730,ri_polygon
4887031025,809,ri_polygon
4887031026,1011,ri_polygon
4887031027,264,ri_polygon
4887031028,349,ri_polygon
4887031029,486,ri_polygon
4887032000,193,emd_point
4887032021,534,ri_polygon
4887032022,312,ri_polygon
4887032023,419,ri_polygon
4887032024,299,ri_polygon
4887032025,304,ri_polygon
4887032026,230,ri_polygon
4887032027,256,ri_polygon
4887032028,335,ri_polygon
4887032029,483,ri_polygon
4887032030,666,ri_polygon
4887032031,442,ri_polygon
4887033000,129,emd_point
4887033021,160,ri_polygon
4887033022,185,ri_polygon
4887033023,161,ri_polygon
4887033024,171,ri_polygon
4887033025,182,ri_polygon
4887033026,186,ri_polygon
4887033027,197,ri_polygon
4887033028,218,ri_polygon
4887033029,260,ri_polygon
4887034000,134,emd_point
4887034021,234,ri_polygon
4887034022,202,ri_polygon
4887034023,242,ri_polygon
4887034024,278,ri_polygon
4887034025,209,ri_polygon
4887034026,257,ri_polygon
4887034027,184,ri_polygon
4887034028,181,ri_polygon
4887035000,152,emd_point
4887035021,172,ri_polygon
4887035022,314,ri_polygon
4887035023,366,ri_polygon
4887035024,390,ri_polygon
4887035025,257,ri_polygon
4887035026,229,ri_polygon
4887035027,208,ri_polygon
4887035028,144,ri_polygon
4887035029,171,ri_polygon
4887035030,218,ri_polygon
4887036000,195,emd_point
4887036021,198,ri_polygon
4887036022,214,ri_polygon
4887036023,184,ri_polygon
4887036024,197,ri_polygon
4887036025,227,ri_polygon
4887036026,365,ri_polygon
4887036027,451,ri_polygon
4887036028,275,ri_polygon
4887036029,276,ri_polygon
4887036030,345,ri_polygon
4887036031,236,ri_polygon
4887036032,602,ri_polygon
4887036033,515,ri_polygon
4887036034,203,ri_polygon
4887036035,295,ri_polygon
4887037000,365,emd_point
4887037021,546,ri_polygon
4887037022,503,ri_polygon
4887037023,628,ri_polygon
4887037024,510,ri_polygon
4887037025,625,ri_polygon
4887038000,418,emd_point
4887038021,590,ri_polygon
4887038022,531,ri_polygon
4887038023,618,ri_polygon
4887038024,529,ri_polygon
4887038025,572,ri_polygon
4887038026,589,ri_polygon
4887039000,291,emd_point
4887039021,341,ri_polygon
4887039022,327,ri_polygon
4887039023,557,ri_polygon
4887039024,498,ri_polygon
4887039025,501,ri_polygon
4887039026,424,ri_polygon
4887039027,407,ri_polygon
4887039028,330,ri_polygon
4887040000,221,emd_point
4887040021,332,ri_polygon
4887040022,395,ri_polygon
4887040023,245,ri_polygon
4887040024,228,ri_polygon
4887040025,276,ri_polygon
4887040026,509,ri_polygon
4887040027,450,ri_polygon
4888025000,203,emd_point
4888025021,258,ri_polygon
4888025022,199,ri_polygon
4888025023,213,ri_polygon
4888025024,191,ri_polygon
4888025025,203,ri_polygon
4888025026,275,ri_polygon
4888025027,297,ri_polygon
4888025028,219,ri_polygon
4888025029,344,ri_polygon
4888025030,211,ri_polygon
4888025031,225,ri_polygon
4888025032,241,ri_polygon
4888025033,286,ri_polygon
4888031000,224,emd_point
4888031021,244,ri_polygon
4888031022,423,ri_polygon
4888031023,387,ri_polygon
4888031024,221,ri_polygon
4888031025,368,ri_polygon
4888031026,306,ri_polygon
4888031027,312,ri_polygon
4888032000,293,emd_point
4888032021,542,ri_polygon
4888032022,496,ri_polygon
4888032023,344,ri_polygon
4888032024,452,ri_polygon
4888032025,393,ri_polygon
4888032026,591,ri_polygon
4888032027,399,ri_polygon
4888033000,332,emd_point
4888033021,478,ri_polygon
4888033022,538,ri_polygon
4888033023,629,ri_polygon
4888033024,494,ri_polygon
4888033025,421,ri_polygon
4888034000,324,emd_point
4888034021,675,ri_polygon
4888034022,438,ri_polygon
4888034023,373,ri_polygon
4888034024,598,ri_polygon
4888034025,507,ri_polygon
4888034026,660,ri_polygon
4888034027,573,ri_polygon
4888035000,277,emd_point
4888035021,273,ri_polygon
4888035022,351,ri_polygon
4888035023,590,ri_polygon
4888035024,332,ri_polygon
4888035025,327,ri_polygon
4888035026,437,ri_polygon
4888035028,403,ri_polygon
4888036000,249,emd_point
4888036021,265,ri_polygon
4888036022,378,ri_polygon
4888036023,465,ri_polygon
4888036024,427,ri_polygon
4888036025,405,ri_polygon
4888036026,367,ri_polygon
4888036027,418,ri_polygon
4888037000,201,emd_point
4888037021,354,ri_polygon
4888037022,192,ri_polygon
4888037023,269,ri_polygon
4888037024,188,ri_polygon
4888037025,297,ri_polygon
4888037026,314,ri_polygon
4888037027,310,ri_polygon
4888037028,317,ri_polygon
4888037029,384,ri_polygon
4888037030,343,ri_polygon
4888038000,197,emd_point
4888038021,274,ri_polygon
4888038022,373,ri_polygon
4888038023,339,ri_polygon
4888038024,279,ri_polygon
4888038025,352,ri_polygon
4888039000,311,emd_point
4888039021,213,ri_polygon
4888039022,474,ri_polygon
4888039023,547,ri_polygon
4888039024,378,ri_polygon
4888039025,307,ri_polygon
4888039026,356,ri_polygon
4888039027,339,ri_polygon
4888039028,523,ri_polygon
4888039029,515,ri_polygon
4888040000,278,emd_point
4888040021,257,ri_polygon
4888040022,412,ri_polygon
4888040023,372,ri_polygon
4888040024,393,ri_polygon
4888040025,305,ri_polygon
4888040026,375,ri_polygon
4888040027,351,ri_polygon
4888040028,270,ri_polygon
4888040029,465,ri_polygon
4888040030,342,ri_polygon
4888041000,358,emd_point
4888041021,327,ri_polygon
4888041022,510,ri_polygon
4888041023,891,ri_polygon
4888041024,492,ri_polygon
4888041025,790,ri_polygon
4888041026,563,ri_polygon
4888041027,465,ri_polygon
4889025000,45,emd_point
4889025021,35,ri_polygon
4889025022,55,ri_polygon
4889025023,89,ri_polygon
4889025024,208,ri_polygon
4889025025,134,ri_polygon
4889025026,212,ri_polygon
4889025027,147,ri_polygon
4889025028,161,ri_polygon
4889025029,279,ri_polygon
4889031000,163,emd_point
4889031021,385,ri_polygon
4889031022,420,ri_polygon
4889031023,242,ri_polygon
4889031025,283,ri_polygon
4889031026,232,ri_polygon
4889031027,276,ri_polygon
4889031028,173,ri_polygon
4889031029,225,ri_polygon
4889031030,357,ri_polygon
4889031031,373,ri_polygon
4889031032,218,ri_polygon
4889031033,163,emd_point
4889032000,257,emd_point
4889032021,413,ri_polygon
4889032022,424,ri_polygon
4889032023,248,ri_polygon
4889032025,245,ri_polygon
4889032026,241,ri_polygon
4889032027,313,ri_polygon
4889032028,303,ri_polygon
4889032029,322,ri_polygon
4889032030,236,ri_polygon
4889032031,200,ri_polygon
4889032032,257,emd_point
4889033000,307,emd_point
4889033021,595,ri_polygon
4889033022,456,ri_polygon
4889033023,518,ri_polygon
4889033024,309,ri_polygon
4889033025,526,ri_polygon
4889033026,235,ri_polygon
4889033027,211,ri_polygon
4889033028,324,ri_polygon
4889033029,199,ri_polygon
4889033030,341,ri_polygon
4889033031,432,ri_polygon
4889033032,440,ri_polygon
4889033033,440,ri_polygon
4889033034,731,ri_polygon
4889034000,106,emd_point
4889034021,89,ri_polygon
4889034022,234,ri_polygon
4889034023,144,ri_polygon
4889034024,134,ri_polygon
4889034025,219,ri_polygon
4889034026,115,ri_polygon
4889034027,184,ri_polygon
4889034028,296,ri_polygon
4889034029,120,ri_polygon
4889034030,122,ri_polygon
4889034031,316,ri_polygon
4889034032,323,ri_polygon
4889035000,56,emd_point
4889035021,36,ri_polygon
4889035022,28,ri_polygon
4889035023,66,ri_polygon
4889035024,41,ri_polygon
4889035025,37,ri_polygon
4889035026,100,ri_polygon
4889035027,62,ri_polygon
4889035028,106,ri_polygon
4889035029,25,ri_polygon
4889035030,27,ri_polygon
4889035031,129,ri_polygon
4889035032,69,ri_polygon
4889035033,62,ri_polygon
4889035034,41,ri_polygon
4889036000,18,emd_point
4889036021,76,ri_polygon
4889036022,22,ri_polygon
4889036023,24,ri_polygon
4889036024,50,ri_polygon
4889036025,99,ri_polygon
4889036026,77,ri_polygon
4889036027,167,ri_polygon
4889036028,20,ri_polygon
4889036029,34,ri_polygon
4889036030,50,ri_polygon
4889036031,194,ri_polygon
4889037000,10,emd_point
4889037021,108,ri_polygon
4889037022,63,ri_polygon
4889037023,151,ri_polygon
4889037024,44,ri_polygon
4889037025,112,ri_polygon
4889037026,42,ri_polygon
4889037027,19,ri_polygon
4889037028,65,ri_polygon
4889037029,41,ri_polygon
4889037030,91,ri_polygon
4889038000,4,emd_point
4889038021,113,ri_polygon
4889038022,121,ri_polygon
4889038023,15,ri_polygon
4889038024,11,ri_polygon
4889038025,4,ri_polygon
4889038026,63,ri_polygon
4889038027,74,ri_polygon
4889039000,153,emd_point
4889039022,13,ri_polygon
4889039023,70,ri_polygon
4889039024,74,ri_polygon
4889039025,156,ri_polygon
4889039026,18,ri_polygon
4889039027,64,ri_polygon
4889039028,28,ri_polygon
4889039029,182,ri_polygon
4889039030,74,ri_polygon
4889039031,81,ri_polygon
4889039032,185,ri_polygon
4889039033,12,ri_polygon
4889040000,23,emd_point
4889040021,29,ri_polygon
4889040022,57,ri_polygon
4889040023,62,ri_polygon
4889040024,29,ri_polygon
4889040026,13,ri_polygon
4889040027,259,ri_polygon
4889040028,29,ri_polygon
4889040029,38,ri_polygon
4889040030,188,ri_polygon
4889041000,40,emd_point
4889041021,36,ri_polygon
4889041022,109,ri_polygon
4889041023,77,ri_polygon
4889041024,192,ri_polygon
4889041025,79,ri_polygon
4889041026,74,ri_polygon
4889041027,107,ri_polygon
4889041028,63,ri_polygon
4889041029,172,ri_polygon
4889041030,221,ri_polygon
4889041031,244,ri_polygon
4889042000,119,emd_point
4889042021,214,ri_polygon
4889042022,123,ri_polygon
4889042023,106,ri_polygon
4889042024,120,ri_polygon
4889042025,200,ri_polygon
4889042026,185,ri_polygon
4889042027,232,ri_polygon
4889042028,125,ri_polygon
4889042029,117,ri_polygon
4889042030,211,ri_polygon
4889042031,120,ri_polygon
4889042032,168,ri_polygon
4889042033,114,ri_polygon
4889043000,90,emd_point
4889043021,116,ri_polygon
4889043022,179,ri_polygon
4889043023,100,ri_polygon
4889043024,172,ri_polygon
4889043025,106,ri_polygon
4889043026,94,ri_polygon
4889043027,86,ri_polygon
4889043028,86,ri_polygon
4889043029,133,ri_polygon
4889043030,185,ri_polygon
4889043031,227,ri_polygon
4889043032,206,ri_polygon
4889043033,87,ri_polygon
4889044000,99,emd_point
4889044021,430,ri_polygon
4889044022,264,ri_polygon
4889044023,166,ri_polygon
4889044024,551,ri_polygon
4889044025,437,ri_polygon
4889044026,110,ri_polygon
4889044027,96,ri_polygon
4889044028,303,ri_polygon
4889044029,127,ri_polygon
4889045000,249,emd_point
4889045021,266,ri_polygon
4889045022,196,ri_polygon
4889045023,278,ri_polygon
4889045024,226,ri_polygon
4889045025,318,ri_polygon
4889045026,364,ri_polygon
4889045027,265,ri_polygon
4889045028,327,ri_polygon
4889045029,375,ri_polygon
4889046000,80,emd_point
4889046021,132,ri_polygon
4889046022,128,ri_polygon
4889046023,75,ri_polygon
4889046024,157,ri_polygon
4889046025,51,ri_polygon
4889046026,42,ri_polygon
4889046027,96,ri_polygon
4889046028,44,ri_polygon
4889046029,93,ri_polygon
4889046030,121,ri_polygon
4889046031,92,ri_polygon
4889046032,46,ri_polygon
4889046033,105,ri_polygon
4889046035,216,ri_polygon
4889046036,202,ri_polygon
4889046037,126,ri_polygon
5011010100,6,emd_polygon
5011010200,70,emd_polygon
5011010300,56,emd_polygon
5011010400,89,emd_polygon
5011010500,50,emd_polygon
5011010600,14,emd_polygon
5011010700,33,emd_point
5011010800,35,emd_polygon
5011010900,31,emd_polygon
5011011000,16,emd_polygon
5011011100,21,emd_polygon
5011011200,93,emd_polygon
5011011300,92,emd_polygon
5011011400,28,emd_polygon
5011011500,11,emd_polygon
5011011600,153,emd_point
5011011700,536,emd_polygon
5011011800,148,emd_polygon
5011011900,68,emd_polygon
5011012000,466,emd_polygon
5011012100,70,emd_polygon
5011012200,100,emd_point
5011012300,38,emd_polygon
5011012400,6,emd_polygon
5011012500,7,emd_polygon
5011012600,39,emd_polygon
5011012700,21,emd_polygon
5011012800,27,emd_polygon
5011012900,98,emd_polygon
5011013000,64,emd_polygon
5011013100,42,emd_polygon
5011013200,430,emd_polygon
5011013300,265,emd_polygon
5011013400,524,emd_polygon
5011013500,499,emd_polygon
5011013600,373,emd_polygon
5011013700,107,emd_point
5011013800,57,emd_polygon
5011013900,510,emd_polygon
5011014000,6,emd_polygon
5011025000,27,emd_point
5011025021,36,ri_polygon
5011025022,12,ri_polygon
5011025023,32,ri_polygon
5011025024,16,ri_polygon
5011025025,313,ri_polygon
5011025026,70,ri_polygon
5011025027,127,ri_polygon
5011025028,15,ri_polygon
5011025029,146,ri_polygon
5011025030,147,ri_polygon
5011025031,47,ri_polygon
5011025032,34,ri_polygon
5011025033,44,ri_polygon
5011025034,84,ri_polygon
5011025035,3,ri_polygon
5011025300,49,emd_point
5011025301,49,emd_point
5011025302,49,emd_point
5011025303,49,emd_point
5011025304,49,emd_point
5011025321,699,ri_polygon
5011025323,86,ri_polygon
5011025324,15,ri_polygon
5011025325,72,ri_polygon
5011025326,74,ri_polygon
5011025327,139,ri_polygon
5011025328,420,ri_polygon
5011025329,464,ri_polygon
5011025330,86,ri_polygon
5011025331,372,ri_polygon
5011025333,32,ri_polygon
5011025334,18,ri_polygon
5011025335,177,ri_polygon
5011025336,416,ri_polygon
5011025337,44,ri_polygon
5011025338,43,ri_polygon
5011025339,427,ri_polygon
5011025340,44,ri_polygon
5011025341,35,ri_polygon
5011025342,475,ri_polygon
5011025391,49,emd_point
5011025392,49,emd_point
5011025393,49,emd_point
5011025600,17,emd_point
5011025621,59,ri_polygon
5011025624,229,ri_polygon
5011025625,228,ri_polygon
5011025626,49,ri_polygon
5011025627,54,ri_polygon
5011025628,111,ri_polygon
5011025629,74,ri_polygon
5011025630,69,ri_polygon
5011025631,16,ri_polygon
5011025632,66,ri_polygon
5011025633,65,ri_polygon
5011025634,46,ri_polygon
5011025900,30,emd_point
5011025921,33,ri_polygon
5011025922,237,ri_polygon
5011025923,34,ri_polygon
5011025924,21,ri_polygon
5011025925,2,ri_polygon
5011025926,210,ri_polygon
5011025927,32,ri_polygon
5011025928,246,ri_polygon
5011025929,492,ri_polygon
5011025930,228,ri_polygon
5011031000,17,emd_point
5011031021,95,ri_polygon
5011031022,16,ri_polygon
5011031023,20,ri_polygon
5011031024,76,ri_polygon
5011031025,27,ri_polygon
5011031026,65,ri_polygon
5011031027,31,ri_polygon
5011031028,7,ri_polygon
5011031029,70,ri_polygon
5011031030,142,ri_polygon
5011031031,17,emd_point
5011031032,17,emd_point
5011031033,17,emd_point
5011032000,10,emd_point
5011032021,41,ri_polygon
5011032022,52,ri_polygon
5011032023,74,ri_polygon
5011032024,72,ri_polygon
5011032025,2,ri_polygon
5011033000,38,emd_point
5011033021,34,ri_polygon
5011033022,38,emd_point
5011033023,38,emd_point
5011033024,38,emd_point
5011033025,38,emd_point
5013010100,59,emd_polygon
5013010200,60,emd_polygon
5013010300,381,emd_polygon
5013010400,192,emd_polygon
5013010500,91,emd_point
5013010600,90,emd_point
5013010700,647,emd_polygon
5013010800,23,emd_polygon
5013010900,54,emd_polygon
5013011000,33,emd_polygon
5013011100,232,emd_polygon
5013011200,85,emd_point
5013011300,218,emd_polygon
5013011400,229,emd_polygon
5013011500,53,emd_polygon
5013011600,81,emd_polygon
5013011700,551,emd_polygon
5013011800,650,emd_polygon
5013011900,411,emd_polygon
5013012000,192,emd_polygon
5013012100,39,emd_polygon
5013012200,856,emd_polygon
5013025000,11,emd_point
5013025021,18,ri_polygon
5013025022,10,ri_polygon
5013025023,65,ri_polygon
5013025024,35,ri_polygon
5013025025,18,ri_polygon
5013025026,17,ri_polygon
5013025027,63,ri_polygon
5013025028,24,ri_polygon
5013025029,51,ri_polygon
5013025030,111,ri_polygon
5013025031,45,ri_polygon
5013025032,20,ri_polygon
5013025033,32,ri_polygon
5013025300,2,emd_point
5013025321,63,ri_polygon
5013025322,21,ri_polygon
5013025323,361,ri_polygon
5013025324,345,ri_polygon
5013025325,86,ri_polygon
5013025326,120,ri_polygon
5013025327,174,ri_polygon
5013025328,358,ri_polygon
5013025329,431,ri_polygon
5013025900,9,emd_point
5013025901,9,emd_point
5013025921,8,ri_polygon
5013025922,27,ri_polygon
5013025923,50,ri_polygon
5013025924,23,ri_polygon
5013025925,99,ri_polygon
5013025926,36,ri_polygon
5013025927,59,ri_polygon
5013025928,103,ri_polygon
5013025929,80,ri_polygon
5013025930,19,ri_polygon
5013025931,113,ri_polygon
5013031000,40,emd_point
5013031001,40,emd_point
5013031021,67,ri_polygon
5013031022,245,ri_polygon
5013031023,121,ri_polygon
5013031024,232,ri_polygon
5013031025,25,ri_polygon
5013031026,104,ri_polygon
5013031027,193,ri_polygon
5013031028,338,ri_polygon
5013031029,537,ri_polygon
5013031030,521,ri_polygon
5013032000,7,emd_point
5013032021,24,ri_polygon
5013032022,69,ri_polygon
5013032023,170,ri_polygon
5013032024,271,ri_polygon
5013032025,63,ri_polygon
5013032026,106,ri_polygon
5111010100,141,emd_polygon
5111010200,102,emd_polygon
5111010300,99,emd_polygon
5111010400,103,emd_polygon
5111010500,93,emd_polygon
5111010600,85,emd_polygon
5111010700,123,emd_polygon
5111010800,106,emd_polygon
5111010900,101,emd_polygon
5111011000,98,emd_polygon
5111011100,93,emd_polygon
5111011200,105,emd_polygon
5111011300,115,emd_polygon
5111011400,92,emd_polygon
5111011500,83,emd_polygon
5111011600,75,emd_polygon
5111011700,73,emd_point
5111011800,78,emd_polygon
5111011900,78,emd_polygon
5111012000,89,emd_polygon
5111012100,129,emd_polygon
5111012200,97,emd_point
5111012300,86,emd_point
5111012400,89,emd_point
5111012500,108,emd_polygon
5111012600,130,emd_polygon
5111012700,76,emd_polygon
5111012800,83,emd_polygon
5111012900,75,emd_polygon
5111025000,79,emd_point
5111025021,84,ri_polygon
5111025022,218,ri_polygon
5111025023,258,ri_polygon
5111025024,105,ri_polygon
5111025025,323,ri_polygon
5111025026,132,ri_polygon
5111025027,269,ri_polygon
5111031000,110,emd_point
5111031021,93,ri_polygon
5111031022,128,ri_polygon
5111031023,135,ri_polygon
5111031024,443,ri_polygon
5111031025,260,ri_polygon
5111031026,260,ri_polygon
5111031027,352,ri_polygon
5111031028,182,ri_polygon
5111031029,265,ri_polygon
5111031030,335,ri_polygon
5111032000,248,emd_point
5111032021,157,ri_polygon
5111032022,287,ri_polygon
5111032023,270,ri_polygon
5111032024,280,ri_polygon
5111033000,129,emd_point
5111033021,176,ri_polygon
5111033022,124,ri_polygon
5111033023,369,ri_polygon
5111033024,195,ri_polygon
5111033025,113,ri_polygon
5111034000,145,emd_point
5111034021,203,ri_polygon
5111034022,92,ri_polygon
5111034023,191,ri_polygon
5111034024,158,ri_polygon
5111034025,147,ri_polygon
5111034026,140,ri_polygon
5111034027,155,ri_polygon
5111035000,73,emd_point
5111035021,169,ri_polygon
5111035022,88,ri_polygon
5111035023,76,ri_polygon
5111035024,268,ri_polygon
5111035025,249,ri_polygon
5111035026,146,ri_polygon
5111035027,167,ri_polygon
5111035028,312,ri_polygon
5111035029,190,ri_polygon
5111035030,152,ri_polygon
5111036000,109,emd_point
5111036021,324,ri_polygon
5111036022,175,ri_polygon
5111036023,233,ri_polygon
5111036024,255,ri_polygon
5111036025,310,ri_polygon
5111036026,337,ri_polygon
5111036027,157,ri_polygon
5111036028,221,ri_polygon
5111036029,174,ri_polygon
5111036030,280,ri_polygon
5111038000,217,emd_point
5111038021,218,ri_polygon
5111038022,287,ri_polygon
5111038023,470,ri_polygon
5111038024,212,ri_polygon
5111038025,222,ri_polygon
5111038026,289,ri_polygon
5111038027,266,ri_polygon
5111038028,265,ri_polygon
5111038029,680,ri_polygon
5111038030,427,ri_polygon
5111039000,107,emd_point
5111039021,142,ri_polygon
5111039022,128,ri_polygon
5111039023,253,ri_polygon
5111039024,494,ri_polygon
5111039025,174,ri_polygon
5111040000,92,emd_point
5111040022,132,ri_polygon
5111040023,302,ri_polygon
5111040024,140,ri_polygon
5111040025,164,ri_polygon
5111040026,134,ri_polygon
5111040027,414,ri_polygon
5111040028,164,ri_polygon
5111040029,131,ri_polygon
5111040030,186,ri_polygon
5111040031,242,ri_polygon
5113010100,131,emd_point
5113010200,129,emd_polygon
5113010300,145,emd_polygon
5113010400,131,emd_polygon
5113010500,140,emd_point
5113010600,154,emd_polygon
5113010700,154,emd_point
5113010800,151,emd_point
5113010900,137,emd_point
5113011000,175,emd_point
5113011100,118,emd_point
5113011200,175,emd_polygon
5113011300,133,emd_point
5113011400,178,emd_point
5113011500,145,emd_point
5113011600,196,emd_polygon
5113011700,189,emd_polygon
5113011800,111,emd_polygon
5113025000,79,emd_point
5113025021,75,ri_polygon
5113025022,126,ri_polygon
5113025023,123,ri_polygon
5113025024,206,ri_polygon
5113025025,102,ri_polygon
5113025026,92,ri_polygon
5113025027,74,ri_polygon
5113025028,69,ri_polygon
5113025029,263,ri_polygon
5113025030,157,ri_polygon
5113031000,164,emd_point
5113031021,153,ri_polygon
5113031022,132,ri_polygon
5113031023,167,ri_polygon
5113031024,292,ri_polygon
5113031025,225,ri_polygon
5113031026,255,ri_polygon
5113031027,137,ri_polygon
5113031028,497,ri_polygon
5113032000,97,emd_point
5113032021,95,ri_polygon
5113032022,160,ri_polygon
5113032023,119,ri_polygon
5113032024,156,ri_polygon
5113032025,129,ri_polygon
5113032026,181,ri_polygon
5113032027,176,ri_polygon
5113032028,139,ri_polygon
5113032029,102,ri_polygon
5113032030,172,ri_polygon
5113033000,73,emd_point
5113033021,80,ri_polygon
5113033022,145,ri_polygon
5113033023,166,ri_polygon
5113033024,239,ri_polygon
5113033025,124,ri_polygon
5113033026,121,ri_polygon
5113033027,159,ri_polygon
5113035000,51,emd_point
5113035021,93,ri_polygon
5113035022,174,ri_polygon
5113035023,122,ri_polygon
5113035024,111,ri_polygon
5113035025,69,ri_polygon
5113035026,258,ri_polygon
5113036000,155,emd_point
5113036021,337,ri_polygon
5113036022,188,ri_polygon
5113036023,194,ri_polygon
5113036024,243,ri_polygon
5113036025,185,ri_polygon
5113037000,149,emd_point
5113037021,142,ri_polygon
5113037022,333,ri_polygon
5113037023,126,ri_polygon
5113037024,200,ri_polygon
5113038000,310,emd_point
5113038021,404,ri_polygon
5113038022,403,ri_polygon
5113038023,441,ri_polygon
5113039000,322,emd_point
5113039021,331,ri_polygon
5113039022,587,ri_polygon
5113039023,398,ri_polygon
5113039024,300,ri_polygon
5113039025,424,ri_polygon
5113039026,442,ri_polygon
5113039027,355,ri_polygon
5115010100,20,emd_point
5115010200,19,emd_polygon
5115010300,20,emd_polygon
5115010400,21,emd_polygon
5115010500,14,emd_polygon
5115010600,22,emd_polygon
5115010700,28,emd_polygon
5115010800,17,emd_polygon
5115010900,11,emd_point
5115011000,55,emd_polygon
5115011100,33,emd_polygon
5115011200,8,emd_point
5115011300,5,emd_polygon
5115011400,5,emd_point
5115011500,4,emd_polygon
5115011600,40,emd_point
5115011700,28,emd_polygon
5115011800,26,emd_polygon
5115011900,32,emd_polygon
5115012000,29,emd_polygon
5115012100,34,emd_polygon
5115012200,11,emd_polygon
5115012300,6,emd_polygon
5115012400,13,emd_polygon
5115012500,29,emd_polygon
5115012600,17,emd_polygon
5115012700,6,emd_polygon
5115012800,18,emd_polygon
5115012900,4,emd_polygon
5115013000,7,emd_polygon
5115013100,41,emd_polygon
5115013200,50,emd_polygon
5115013300,18,emd_polygon
5115013400,57,emd_polygon
5115013500,2,emd_polygon
5115013600,49,emd_polygon
5115013700,29,emd_polygon
5115013800,20,emd_polygon
5115013900,11,emd_polygon
5115025000,9,emd_point
5115025021,20,ri_polygon
5115025022,10,ri_polygon
5115025023,32,ri_polygon
5115025024,261,ri_polygon
5115025025,36,ri_polygon
5115031000,59,emd_point
5115031021,198,ri_polygon
5115031022,156,ri_polygon
5115031023,65,ri_polygon
5115031024,72,ri_polygon
5115031025,115,ri_polygon
5115031026,530,ri_polygon
5115031027,414,ri_polygon
5115031028,260,ri_polygon
5115031029,149,ri_polygon
5115032000,146,emd_point
5115032021,351,ri_polygon
5115032022,364,ri_polygon
5115032023,320,ri_polygon
5115032024,782,ri_polygon
5115032025,649,ri_polygon
5115032026,691,ri_polygon
5115033000,60,emd_point
5115033021,68,ri_polygon
5115033022,57,ri_polygon
5115033023,310,ri_polygon
5115033024,38,ri_polygon
5115033025,257,ri_polygon
5115033026,47,ri_polygon
5115033027,135,ri_polygon
5115034000,25,emd_point
5115034021,44,ri_polygon
5115034022,139,ri_polygon
5115034023,7,ri_polygon
5115034024,128,ri_polygon
5115034025,202,ri_polygon
5115034026,10,ri_polygon
5115034028,120,ri_polygon
5115034029,81,ri_polygon
5115034030,129,ri_polygon
5115034031,297,ri_polygon
5115035000,11,emd_point
5115035021,19,ri_polygon
5115035022,73,ri_polygon
5115035023,32,ri_polygon
5115035024,61,ri_polygon
5115035025,4,ri_polygon
5115035026,157,ri_polygon
5115035027,318,ri_polygon
5115035028,258,ri_polygon
5115035029,77,ri_polygon
5115035030,298,ri_polygon
5115036000,21,emd_point
5115036021,22,ri_polygon
5115036022,64,ri_polygon
5115036023,71,ri_polygon
5115036024,26,ri_polygon
5115036025,29,ri_polygon
5115036026,30,ri_polygon
5115036027,21,ri_polygon
5115036028,21,ri_polygon
5115036029,328,ri_polygon
5115037000,10,emd_point
5115037021,50,ri_polygon
5115037022,31,ri_polygon
5115037023,8,ri_polygon
5115037024,13,ri_polygon
5115037025,61,ri_polygon
5115037026,210,ri_polygon
5115037027,104,ri_polygon
5115037028,686,ri_polygon
5115037029,125,ri_polygon
5117010100,28,emd_point
5117010200,43,emd_polygon
5117010300,5,emd_point
5117010400,29,emd_polygon
5117010500,130,emd_polygon
5117010600,18,emd_polygon
5117010700,44,emd_polygon
5117010800,12,emd_polygon
5117010900,89,emd_polygon
5117011000,60,emd_point
5117011100,10,emd_point
5117011200,8,emd_point
5117011300,33,emd_polygon
5117011400,22,emd_polygon
5117011500,30,emd_polygon
5117011600,26,emd_polygon
5117011700,44,emd_polygon
5117011800,14,emd_polygon
5117011900,176,emd_polygon
5117012000,69,emd_polygon
5117012100,72,emd_polygon
5117012200,111,emd_polygon
5117012300,81,emd_polygon
5117012400,35,emd_point
5117012500,536,emd_polygon
5117012600,83,emd_polygon
5117012700,58,emd_polygon
5117012800,66,emd_polygon
5117012900,81,emd_point
5117013000,26,emd_polygon
5117013100,93,emd_polygon
5117013200,72,emd_polygon
5117013300,110,emd_polygon
5117013400,359,emd_polygon
5117013500,266,emd_polygon
5117013600,294,emd_polygon
5119010100,676,emd_point
5119010200,628,emd_point
5119010300,867,emd_polygon
5119010400,701,emd_point
5119010500,716,emd_polygon
5119010600,565,emd_polygon
5119010700,934,emd_polygon
5119010800,1175,emd_polygon
5119010900,860,emd_polygon
5119011000,793,emd_polygon
5119011100,892,emd_polygon
5119011200,743,emd_polygon
5119011300,745,emd_polygon
5119011400,835,emd_polygon
5119011500,730,emd_polygon
5119011600,857,emd_polygon
5119011700,727,emd_polygon
5121010100,6,emd_point
5121010200,0,emd_point
5121010300,11,emd_polygon
5121010400,10,emd_point
5121010500,16,emd_polygon
5121010600,6,emd_point
5121010700,5,emd_point
5121010800,14,emd_point
5121010900,4,emd_point
5121011000,65,emd_point
5121011100,98,emd_polygon
5121011200,724,emd_polygon
5121011300,23,emd_polygon
5123010100,12,emd_point
5123010200,65,emd_polygon
5123010300,10,emd_polygon
5123010400,11,emd_polygon
5123010500,13,emd_polygon
5123010600,11,emd_point
5123010700,13,emd_polygon
5123010800,10,emd_polygon
5123010900,71,emd_polygon
5123011000,57,emd_polygon
5123011100,17,emd_polygon
5123011200,73,emd_polygon
5123011300,93,emd_polygon
5123011400,99,emd_polygon
5123011500,190,emd_polygon
5123011600,31,emd_polygon
5123011700,125,emd_polygon
5123011800,43,emd_polygon
5123011900,73,emd_polygon
5123012000,11,emd_point
5123012100,77,emd_polygon
5123012200,11,emd_polygon
5123012300,127,emd_polygon
5123012400,202,emd_polygon
5123012500,39,emd_polygon
5123012600,57,emd_polygon
5123012700,138,emd_polygon
5123025000,247,emd_point
5123025021,300,ri_polygon
5123025022,345,ri_polygon
5123025023,170,ri_polygon
5123025024,407,ri_polygon
5123025025,479,ri_polygon
5123025026,678,ri_polygon
5123025027,423,ri_polygon
5123025028,378,ri_polygon
5123025029,501,ri_polygon
5123025030,451,ri_polygon
5123025031,540,ri_polygon
5123025032,880,ri_polygon
5123025033,360,ri_polygon
5123025034,578,ri_polygon
5123025035,407,ri_polygon
5123025036,812,ri_polygon
5123025037,557,ri_polygon
5123025300,9,emd_point
5123025321,26,ri_polygon
5123025322,96,ri_polygon
5123025323,153,ri_polygon
5123025324,502,ri_polygon
5123025325,113,ri_polygon
5123025326,54,ri_polygon
5123025327,17,ri_polygon
5123025328,161,ri_polygon
5123025330,319,ri_polygon
5123025331,252,ri_polygon
5123025332,94,ri_polygon
5123031000,5,emd_point
5123031021,105,ri_polygon
5123031022,63,ri_polygon
5123031023,226,ri_polygon
5123031024,4,ri_polygon
5123031025,78,ri_polygon
5123031026,62,ri_polygon
5123031027,85,ri_polygon
5123031028,170,ri_polygon
5123031029,237,ri_polygon
5123031030,150,ri_polygon
5123031031,180,ri_polygon
5123031032,67,ri_polygon
5123031033,193,ri_polygon
5123031034,83,ri_polygon
5123032000,654,emd_point
5123032021,789,ri_polygon
5123032022,896,ri_polygon
5123032023,674,ri_polygon
5123032024,712,ri_polygon
5123032025,707,ri_polygon
5123032026,709,ri_polygon
5123032027,944,ri_polygon
5123032028,900,ri_polygon
5123032029,591,ri_polygon
5123032030,804,ri_polygon
5123032031,707,ri_polygon
5123032032,793,ri_polygon
5123032033,779,ri_polygon
5123032034,823,ri_polygon
5123032035,733,ri_polygon
5123032036,821,ri_polygon
5123033000,246,emd_point
5123033021,295,ri_polygon
5123033022,155,ri_polygon
5123033023,253,ri_polygon
5123033024,269,ri_polygon
5123033025,261,ri_polygon
5123033026,143,ri_polygon
5123033027,191,ri_polygon
5123033028,425,ri_polygon
5123033029,328,ri_polygon
5123033030,254,ri_polygon
5123033031,384,ri_polygon
5123033032,415,ri_polygon
5123033033,408,ri_polygon
5123033034,242,ri_polygon
5123033035,455,ri_polygon
5123033036,337,ri_polygon
5123034000,29,emd_point
5123034021,38,ri_polygon
5123034022,146,ri_polygon
5123034023,62,ri_polygon
5123034024,79,ri_polygon
5123034025,85,ri_polygon
5123034026,195,ri_polygon
5123034027,163,ri_polygon
5123034028,420,ri_polygon
5123034029,136,ri_polygon
5123034030,112,ri_polygon
5123034031,309,ri_polygon
5123034032,266,ri_polygon
5123034033,367,ri_polygon
5123034034,138,ri_polygon
5123035000,119,emd_point
5123035021,552,ri_polygon
5123035022,286,ri_polygon
5123035023,130,ri_polygon
5123035024,648,ri_polygon
5123035025,406,ri_polygon
5123036000,88,emd_point
5123036021,119,ri_polygon
5123036022,156,ri_polygon
5123036023,363,ri_polygon
5123036024,383,ri_polygon
5123036025,452,ri_polygon
5123036026,243,ri_polygon
5123036027,222,ri_polygon
5123036028,266,ri_polygon
5172025000,135,emd_point
5172025021,136,ri_polygon
5172025022,137,ri_polygon
5172025023,186,ri_polygon
5172025024,157,ri_polygon
5172025025,145,ri_polygon
5172025026,198,ri_polygon
5172025027,161,ri_polygon
5172025028,177,ri_polygon
5172025029,168,ri_polygon
5172025030,202,ri_polygon
5172025031,530,ri_polygon
5172025032,500,ri_polygon
5172025033,310,ri_polygon
5172031000,161,emd_point
5172031021,237,ri_polygon
5172031022,318,ri_polygon
5172031023,238,ri_polygon
5172031024,255,ri_polygon
5172031025,312,ri_polygon
5172031026,298,ri_polygon
5172031027,274,ri_polygon
5172031028,357,ri_polygon
5172031029,250,ri_polygon
5172031030,504,ri_polygon
5172031031,253,ri_polygon
5172032000,206,emd_point
5172032021,178,ri_polygon
5172032022,313,ri_polygon
5172032023,329,ri_polygon
5172032024,336,ri_polygon
5172032025,314,ri_polygon
5172032026,346,ri_polygon
5172032027,716,ri_polygon
5172033000,257,emd_point
5172033021,290,ri_polygon
5172033022,353,ri_polygon
5172033023,376,ri_polygon
5172033024,306,ri_polygon
5172033025,225,ri_polygon
5172033026,290,ri_polygon
5172033027,323,ri_polygon
5172033028,618,ri_polygon
5172034000,324,emd_point
5172034021,322,ri_polygon
5172034022,616,ri_polygon
5172034023,473,ri_polygon
5172034024,353,ri_polygon
5172034025,351,ri_polygon
5172034026,532,ri_polygon
5172034027,481,ri_polygon
5172034028,304,ri_polygon
5172035200,163,emd_point
5172035221,163,emd_point
5172035222,163,emd_point
5172035223,163,emd_point
5172035224,163,emd_point
5172035225,163,emd_point
5172035226,163,emd_point
5172035227,163,emd_point
5172035228,163,emd_point
5172035229,163,emd_point
5172035230,163,emd_point
5172035231,163,emd_point
5172036000,159,emd_point
5172036021,177,ri_polygon
5172036022,338,ri_polygon
5172036023,238,ri_polygon
5172036024,218,ri_polygon
5172036025,337,ri_polygon
5172036026,280,ri_polygon
5172036027,318,ri_polygon
5172036028,227,ri_polygon
5172036029,213,ri_polygon
5172036030,121,ri_polygon
5172036031,266,ri_polygon
5172037000,87,emd_point
5172037021,145,ri_polygon
5172037022,184,ri_polygon
5172037023,279,ri_polygon
5172037024,325,ri_polygon
5172037025,293,ri_polygon
5172037026,97,ri_polygon
5172037027,231,ri_polygon
5172037028,255,ri_polygon
5172037029,153,ri_polygon
5172037030,240,ri_polygon
5172037031,185,ri_polygon
5172037032,159,ri_polygon
5172038000,128,emd_point
5172038021,146,ri_polygon
5172038022,235,ri_polygon
5172038023,145,ri_polygon
5172038024,328,ri_polygon
5172038025,376,ri_polygon
5172038026,353,ri_polygon
5172038027,306,ri_polygon
5172038028,213,ri_polygon
5172038029,215,ri_polygon
5172038030,232,ri_polygon
5172038031,117,ri_polygon
5172038032,89,ri_polygon
5172038033,238,ri_polygon
5172038034,233,ri_polygon
5172038035,299,ri_polygon
5172038036,198,ri_polygon
5172038037,131,ri_polygon
5172038038,281,ri_polygon
5172039000,636,emd_point
5172039021,849,ri_polygon
5172039022,666,ri_polygon
5172039023,965,ri_polygon
5172039024,693,ri_polygon
5172039025,764,ri_polygon
5172039026,592,ri_polygon
5173025000,144,emd_point
5173025021,131,ri_polygon
5173025022,126,ri_polygon
5173025023,114,ri_polygon
5173025024,169,ri_polygon
5173025025,205,ri_polygon
5173025026,214,ri_polygon
5173025027,137,ri_polygon
5173025028,223,ri_polygon
5173025029,211,ri_polygon
5173025030,151,ri_polygon
5173025031,146,ri_polygon
5173025032,148,ri_polygon
5173025033,125,ri_polygon
5173025034,166,ri_polygon
5173025035,118,ri_polygon
5173025036,129,ri_polygon
5173025037,153,ri_polygon
5173025038,139,ri_polygon
5173025039,107,ri_polygon
5173025040,117,ri_polygon
5173025041,170,ri_polygon
5173025042,152,ri_polygon
5173025043,152,ri_polygon
5173025044,129,ri_polygon
5173025045,170,ri_polygon
5173025046,222,ri_polygon
5173031000,248,emd_point
5173031021,150,ri_polygon
5173031022,189,ri_polygon
5173031023,285,ri_polygon
5173031024,179,ri_polygon
5173031025,270,ri_polygon
5173031026,334,ri_polygon
5173031027,299,ri_polygon
5173031028,271,ri_polygon
5173031029,297,ri_polygon
5173031030,252,ri_polygon
5173031031,208,ri_polygon
5173031032,194,ri_polygon
5173031033,212,ri_polygon
5173031034,177,ri_polygon
5173032000,432,emd_point
5173032021,415,ri_polygon
5173032022,476,ri_polygon
5173032023,554,ri_polygon
5173032024,602,ri_polygon
5173032025,476,ri_polygon
5173032026,566,ri_polygon
5173032027,454,ri_polygon
5173033000,502,emd_point
5173033021,534,ri_polygon
5173033022,576,ri_polygon
5173033023,476,ri_polygon
5173033024,552,ri_polygon
5173033025,575,ri_polygon
5173033026,614,ri_polygon
5173033027,541,ri_polygon
5173033028,517,ri_polygon
5173033029,709,ri_polygon
5173033030,531,ri_polygon
5173033031,547,ri_polygon
5173033032,507,ri_polygon
5173033033,917,ri_polygon
5173034000,210,emd_point
5173034021,189,ri_polygon
5173034022,156,ri_polygon
5173034023,211,ri_polygon
5173034024,219,ri_polygon
5173034025,175,ri_polygon
5173034026,281,ri_polygon
5173034027,339,ri_polygon
5173034028,427,ri_polygon
5173034029,251,ri_polygon
5173034030,406,ri_polygon
5173034031,216,ri_polygon
5173034032,259,ri_polygon
5173034033,143,ri_polygon
5173034034,385,ri_polygon
5173035000,219,emd_point
5173035021,702,ri_polygon
5173035022,469,ri_polygon
5173035023,282,ri_polygon
5173035024,237,ri_polygon
5173035025,332,ri_polygon
5173035026,224,ri_polygon
5173035027,447,ri_polygon
5173035028,299,ri_polygon
5173035029,463,ri_polygon
5173036000,142,emd_point
5173036021,328,ri_polygon
5173036022,245,ri_polygon
5173036023,350,ri_polygon
5173036024,175,ri_polygon
5173036025,170,ri_polygon
5173036026,213,ri_polygon
5173036027,165,ri_polygon
5173036028,325,ri_polygon
5173036029,276,ri_polygon
5173036030,254,ri_polygon
5173036031,219,ri_polygon
5173036032,383,ri_polygon
5173036033,391,ri_polygon
5173036034,194,ri_polygon
5173036035,249,ri_polygon
5173036036,240,ri_polygon
5173036037,173,ri_polygon
5173036038,160,ri_polygon
5173037000,184,emd_point
5173037021,304,ri_polygon
5173037022,301,ri_polygon
5173037023,107,ri_polygon
5173037024,177,ri_polygon
5173037025,437,ri_polygon
5173037026,291,ri_polygon
5173038000,398,emd_point
5173038021,463,ri_polygon
5173038022,589,ri_polygon
5173038023,385,ri_polygon
5175025000,208,emd_point
5175025021,326,ri_polygon
5175025022,200,ri_polygon
5175025023,236,ri_polygon
5175025024,353,ri_polygon
5175025025,263,ri_polygon
5175025026,411,ri_polygon
5175025027,348,ri_polygon
5175025028,313,ri_polygon
5175025029,602,ri_polygon
5175025030,445,ri_polygon
5175025031,330,ri_polygon
5175025300,687,emd_point
5175025321,620,ri_polygon
5175025322,725,ri_polygon
5175025323,1071,ri_polygon
5175025324,620,ri_polygon
5175031200,287,emd_point
5175031221,287,emd_point
5175031222,287,emd_point
5175031223,287,emd_point
5175031224,287,emd_point
5175031225,287,emd_point
5175031226,287,emd_point
5175032500,196,emd_point
5175032521,340,ri_polygon
5175032522,197,ri_polygon
5175032523,521,ri_polygon
5175032524,328,ri_polygon
5175032525,320,ri_polygon
5175032526,434,ri_polygon
5175032527,593,ri_polygon
5175032528,419,ri_polygon
5175032529,488,ri_polygon
5175033000,288,emd_point
5175033021,385,ri_polygon
5175033022,305,ri_polygon
5175033023,256,ri_polygon
5175033024,412,ri_polygon
5175033025,433,ri_polygon
5175034000,214,emd_point
5175034021,224,ri_polygon
5175034022,359,ri_polygon
5175034023,395,ri_polygon
5175034024,294,ri_polygon
5175034025,321,ri_polygon
5175034026,258,ri_polygon
5175035500,241,emd_point
5175035521,331,ri_polygon
5175035522,226,ri_polygon
5175035523,243,ri_polygon
5175035524,359,ri_polygon
5175035525,289,ri_polygon
5175036000,246,emd_point
5175036021,246,ri_polygon
5175036022,431,ri_polygon
5175036023,373,ri_polygon
5175036024,348,ri_polygon
5175036025,358,ri_polygon
5175036026,270,ri_polygon
5175038000,259,emd_point
5175038021,259,emd_point
5175038022,259,emd_point
5175038023,259,emd_point
5175038024,259,emd_point
5175038025,259,emd_point
5176025000,298,emd_point
5176025021,425,ri_polygon
5176025022,305,ri_polygon
5176025023,298,ri_polygon
5176025024,294,ri_polygon
5176025025,338,ri_polygon
5176025026,393,ri_polygon
5176025027,477,ri_polygon
5176025028,398,ri_polygon
5176025029,560,ri_polygon
5176025030,654,ri_polygon
5176025031,309,ri_polygon
5176025032,285,ri_polygon
5176025033,331,ri_polygon
5176025034,334,ri_polygon
5176025035,270,ri_polygon
5176025036,534,ri_polygon
5176025037,310,ri_polygon
5176025038,362,ri_polygon
5176025039,392,ri_polygon
5176025040,512,ri_polygon
5176025041,495,ri_polygon
5176025042,304,ri_polygon
5176025043,304,ri_polygon
5176025044,385,ri_polygon
5176025045,364,ri_polygon
5176025046,371,ri_polygon
5176025047,402,ri_polygon
5176025048,371,ri_polygon
5176025049,470,ri_polygon
5176025050,600,ri_polygon
5176025051,381,ri_polygon
5176031000,324,emd_point
5176031021,334,ri_polygon
5176031022,428,ri_polygon
5176031023,661,ri_polygon
5176031024,523,ri_polygon
5176031025,374,ri_polygon
5176031026,471,ri_polygon
5176031027,341,ri_polygon
5176031028,360,ri_polygon
5176031029,461,ri_polygon
5176032000,365,emd_point
5176032021,476,ri_polygon
5176032022,652,ri_polygon
5176032023,748,ri_polygon
5176033000,476,emd_point
5176033021,523,ri_polygon
5176033022,552,ri_polygon
5176033023,772,ri_polygon
5176033024,550,ri_polygon
5176033025,562,ri_polygon
5176034000,561,emd_point
5176034021,556,ri_polygon
5176034022,566,ri_polygon
5176034023,613,ri_polygon
5176034024,864,ri_polygon
5176034025,698,ri_polygon
5176034026,742,ri_polygon
5176034027,842,ri_polygon
5176034028,644,ri_polygon
5176034029,760,ri_polygon
5176035000,600,emd_point
5176035021,598,ri_polygon
5176035022,627,ri_polygon
5176035023,717,ri_polygon
5176035024,889,ri_polygon
5176035025,712,ri_polygon
5176035026,574,ri_polygon
5176035027,657,ri_polygon
5176035028,823,ri_polygon
5176036000,530,emd_point
5176036021,615,ri_polygon
5176036022,620,ri_polygon
5176036023,725,ri_polygon
5176036024,661,ri_polygon
5176036025,770,ri_polygon
5176036026,867,ri_polygon
5176036027,976,ri_polygon
5176036028,580,ri_polygon
5176036029,654,ri_polygon
5176036030,596,ri_polygon
5176036031,582,ri_polygon
5176036032,820,ri_polygon
5176036033,794,ri_polygon
5176036034,735,ri_polygon
5176036035,1101,ri_polygon
5176036036,720,ri_polygon
5176036037,865,ri_polygon
5176036038,715,ri_polygon
5176038000,735,emd_point
5176038021,703,ri_polygon
5176038022,842,ri_polygon
5176038023,836,ri_polygon
5176038024,884,ri_polygon
5176038025,786,ri_polygon
5176038026,811,ri_polygon
5177025000,310,emd_point
5177025021,381,ri_polygon
5177025022,637,ri_polygon
5177025023,479,ri_polygon
5177025024,433,ri_polygon
5177025025,478,ri_polygon
5177025026,398,ri_polygon
5177025027,515,ri_polygon
5177025028,779,ri_polygon
5177025029,425,ri_polygon
5177025030,405,ri_polygon
5177025031,556,ri_polygon
5177025032,279,ri_polygon
5177025300,700,emd_point
5177025321,754,ri_polygon
5177025600,616,emd_point
5177025621,802,ri_polygon
5177025622,739,ri_polygon
5177025900,458,emd_point
5177025921,530,ri_polygon
5177025922,460,ri_polygon
5177025923,589,ri_polygon
5177025924,628,ri_polygon
5177025925,608,ri_polygon
5177025926,565,ri_polygon
5177025927,420,ri_polygon
5177025928,424,ri_polygon
5177032000,444,emd_point
5177032021,705,ri_polygon
5177032022,574,ri_polygon
5177032023,462,ri_polygon
5177032024,494,ri_polygon
5177032025,601,ri_polygon
5177034000,344,emd_point
5177034021,386,ri_polygon
5177034022,686,ri_polygon
5177034023,408,ri_polygon
5177034024,441,ri_polygon
5177034025,587,ri_polygon
5177034026,1197,ri_polygon
5177035000,500,emd_point
5177035021,847,ri_polygon
5177035022,720,ri_polygon
5177035023,664,ri_polygon
5177035024,724,ri_polygon
5177035025,549,ri_polygon
5177035026,512,ri_polygon
5177035027,515,ri_polygon
5177035028,641,ri_polygon
5177035030,708,ri_polygon
5177035031,900,ri_polygon
5177035032,453,ri_polygon
5177035034,619,ri_polygon
5177036000,462,emd_point
5177036021,608,ri_polygon
5177036022,577,ri_polygon
5177036023,776,ri_polygon
5177036024,582,ri_polygon
5177036025,800,ri_polygon
5177036026,598,ri_polygon
5177036027,813,ri_polygon
5177037000,383,emd_point
5177037021,398,ri_polygon
5177037022,530,ri_polygon
5177037023,604,ri_polygon
5177037024,773,ri_polygon
5177037025,706,ri_polygon
5177037026,411,ri_polygon
5178025000,195,emd_point
5178025021,205,ri_polygon
5178025022,265,ri_polygon
5178025023,195,ri_polygon
5178025024,205,ri_polygon
5178025025,205,ri_polygon
5178025026,212,ri_polygon
5178025027,233,ri_polygon
5178025028,202,ri_polygon
5178025029,211,ri_polygon
5178025030,177,ri_polygon
5178025031,224,ri_polygon
5178025032,178,ri_polygon
5178025033,238,ri_polygon
5178025034,259,ri_polygon
5178025035,195,ri_polygon
5178025300,243,emd_point
5178025321,242,ri_polygon
5178025322,279,ri_polygon
5178025323,255,ri_polygon
5178025324,297,ri_polygon
5178025325,220,ri_polygon
5178025326,315,ri_polygon
5178025327,282,ri_polygon
5178025328,278,ri_polygon
5178025329,287,ri_polygon
5178025600,150,emd_point
5178025621,336,ri_polygon
5178025622,164,ri_polygon
5178025623,151,ri_polygon
5178025624,192,ri_polygon
5178025625,198,ri_polygon
5178025626,208,ri_polygon
5178025627,248,ri_polygon
5178025628,259,ri_polygon
5178025629,244,ri_polygon
5178025630,265,ri_polygon
5178025631,400,ri_polygon
5178025900,210,emd_point
5178025921,264,ri_polygon
5178025922,182,ri_polygon
5178025923,180,ri_polygon
5178025924,217,ri_polygon
5178025925,369,ri_polygon
5178025926,197,ri_polygon
5178025927,231,ri_polygon
5178025928,209,ri_polygon
5178025929,322,ri_polygon
5178025930,231,ri_polygon
5178025931,276,ri_polygon
5178025932,329,ri_polygon
5178031000,328,emd_point
5178031021,309,ri_polygon
5178031022,226,ri_polygon
5178032000,294,emd_point
5178032021,512,ri_polygon
5178032022,559,ri_polygon
5178032023,272,ri_polygon
5178032024,266,ri_polygon
5178032025,356,ri_polygon
5178032026,380,ri_polygon
5178033000,227,emd_point
5178033021,241,ri_polygon
5178033022,225,ri_polygon
5178033023,238,ri_polygon
5178033024,224,ri_polygon
5178034000,452,emd_point
5178034021,361,ri_polygon
5178034022,446,ri_polygon
5178035000,482,emd_point
5178035021,456,ri_polygon
5178035022,482,emd_point
5178035023,482,emd_point
5178035024,571,ri_polygon
5178036000,548,emd_point
5178036021,548,emd_point
5178036022,548,emd_point
5178036023,561,ri_polygon
5178036024,548,emd_point
5178036025,548,emd_point
5178036026,548,emd_point
5178036027,548,emd_point
5178036028,378,ri_polygon
5178036029,548,emd_point
5178036030,378,ri_polygon
5178036031,574,ri_polygon
5178037000,876,emd_point
5178037021,876,emd_point
5178037022,876,emd_point
5178037023,876,emd_point
5178037024,728,ri_polygon
5179025000,104,emd_point
5179025021,215,ri_polygon
5179025022,104,ri_polygon
5179025023,182,ri_polygon
5179025024,114,ri_polygon
5179025025,268,ri_polygon
5179025026,416,ri_polygon
5179025027,590,ri_polygon
5179025028,255,ri_polygon
5179031000,189,emd_point
5179031021,407,ri_polygon
5179031022,296,ri_polygon
5179031023,278,ri_polygon
5179031024,286,ri_polygon
5179031025,424,ri_polygon
5179031026,452,ri_polygon
5179031027,302,ri_polygon
5179032000,112,emd_point
5179032021,202,ri_polygon
5179032022,201,ri_polygon
5179032023,527,ri_polygon
5179032024,456,ri_polygon
5179032025,156,ri_polygon
5179032026,229,ri_polygon
5179032027,253,ri_polygon
5179032028,345,ri_polygon
5179032029,231,ri_polygon
5179033000,175,emd_point
5179033021,166,ri_polygon
5179033022,147,ri_polygon
5179033023,552,ri_polygon
5179033024,194,ri_polygon
5179033025,321,ri_polygon
5179033026,312,ri_polygon
5179033027,214,ri_polygon
5179033028,294,ri_polygon
5179033029,361,ri_polygon
5179033030,480,ri_polygon
5179033031,407,ri_polygon
5179034000,276,emd_point
5179034021,327,ri_polygon
5179034022,474,ri_polygon
5179034023,626,ri_polygon
5179034024,284,ri_polygon
5179034025,619,ri_polygon
5180025000,201,emd_point
5180025021,187,ri_polygon
5180025022,190,ri_polygon
5180025023,183,ri_polygon
5180025024,280,ri_polygon
5180025025,295,ri_polygon
5180025026,271,ri_polygon
5180025027,257,ri_polygon
5180025028,296,ri_polygon
5180025029,262,ri_polygon
5180025030,293,ri_polygon
5180025031,266,ri_polygon
5180025032,255,ri_polygon
5180025033,298,ri_polygon
5180025034,303,ri_polygon
5180025035,223,ri_polygon
5180025036,282,ri_polygon
5180025037,362,ri_polygon
5180025038,205,ri_polygon
5180025039,191,ri_polygon
5180025040,491,ri_polygon
5180025041,176,ri_polygon
5180031500,218,emd_point
5180031521,218,emd_point
5180031522,218,emd_point
5180031523,218,emd_point
5180031524,218,emd_point
5180031525,218,emd_point
5180031526,218,emd_point
5180031527,218,emd_point
5180031528,218,emd_point
5180031529,218,emd_point
5180031530,218,emd_point
5180031531,218,emd_point
5180031532,218,emd_point
5180031533,218,emd_point
5180031534,218,emd_point
5180031535,218,emd_point
5180032000,288,emd_point
5180032021,407,ri_polygon
5180032022,296,ri_polygon
5180032023,403,ri_polygon
5180032024,384,ri_polygon
5180032025,292,ri_polygon
5180032026,540,ri_polygon
5180032027,543,ri_polygon
5180032028,698,ri_polygon
5180032029,483,ri_polygon
5180033000,251,emd_point
5180033021,357,ri_polygon
5180033022,264,ri_polygon
5180033023,415,ri_polygon
5180033024,260,ri_polygon
5180033025,367,ri_polygon
5180033026,435,ri_polygon
5180033027,345,ri_polygon
5180033028,517,ri_polygon
5180033029,780,ri_polygon
5180034000,424,emd_point
5180034021,502,ri_polygon
5180034022,579,ri_polygon
5180034023,525,ri_polygon
5180034024,543,ri_polygon
5180034025,567,ri_polygon
5180034026,530,ri_polygon
5181025000,209,emd_point
5181025021,398,ri_polygon
5181025022,317,ri_polygon
5181025023,403,ri_polygon
5181025024,246,ri_polygon
5181025025,495,ri_polygon
5181025026,503,ri_polygon
5181025027,859,ri_polygon
5181025028,483,ri_polygon
5181025029,520,ri_polygon
5181025030,476,ri_polygon
5181025031,657,ri_polygon
5181031000,291,emd_point
5181031021,305,ri_polygon
5181031022,441,ri_polygon
5181031023,403,ri_polygon
5181031024,452,ri_polygon
5181031025,558,ri_polygon
5181031026,615,ri_polygon
5181031027,355,ri_polygon
5181031028,537,ri_polygon
5181031029,245,ri_polygon
5181031030,309,ri_polygon
5181031031,218,ri_polygon
5181031032,230,ri_polygon
5181031033,291,emd_point
5181032000,223,emd_point
5181032021,234,ri_polygon
5181032022,595,ri_polygon
5181032023,423,ri_polygon
5181032024,453,ri_polygon
5181033000,335,emd_point
5181033021,294,ri_polygon
5181033022,681,ri_polygon
5181033023,617,ri_polygon
5181033024,617,ri_polygon
5181033025,705,ri_polygon
5181034000,396,emd_point
5181034021,691,ri_polygon
5181034022,342,ri_polygon
5181034023,532,ri_polygon
5181034024,625,ri_polygon
5181034025,491,ri_polygon
5181034026,587,ri_polygon
5181034027,475,ri_polygon
5181035000,399,emd_point
5181035021,548,ri_polygon
5181035022,411,ri_polygon
5181035023,711,ri_polygon
5181035024,757,ri_polygon
5182025000,21,emd_point
5182025021,15,ri_polygon
5182025022,11,ri_polygon
5182025023,3,ri_polygon
5182025024,12,ri_polygon
5182025025,8,ri_polygon
5182025026,47,ri_polygon
5182025027,60,ri_polygon
5182025028,45,ri_polygon
5182025029,291,ri_polygon
5182025030,78,ri_polygon
5182025031,405,ri_polygon
5182025032,604,ri_polygon
5182025033,108,ri_polygon
5182025034,257,ri_polygon
5182025035,63,ri_polygon
5182025036,311,ri_polygon
5182025037,717,ri_polygon
5182025300,3,emd_point
5182025321,8,ri_polygon
5182025322,55,ri_polygon
5182025323,21,ri_polygon
5182025324,85,ri_polygon
5182025325,120,ri_polygon
5182025326,221,ri_polygon
5182025327,169,ri_polygon
5182025328,38,ri_polygon
5182025329,20,ri_polygon
5182025330,9,ri_polygon
5182025331,7,ri_polygon
5182025332,66,ri_polygon
5182025333,66,ri_polygon
5182025334,12,ri_polygon
5182025335,297,ri_polygon
5182025336,60,ri_polygon
5182025337,9,ri_polygon
5182031000,0,emd_point
5182031021,26,ri_polygon
5182031022,40,ri_polygon
5182031023,12,ri_polygon
5182031024,11,ri_polygon
5182031025,52,ri_polygon
5182031026,208,ri_polygon
5182031027,163,ri_polygon
5182031028,56,ri_polygon
5182031029,139,ri_polygon
5182031030,90,ri_polygon
5182031032,143,ri_polygon
5182031033,50,ri_polygon
5182031034,119,ri_polygon
5182031035,33,ri_polygon
5182031036,67,ri_polygon
5182031037,31,ri_polygon
5182031038,31,ri_polygon
5182032000,1,emd_point
5182032021,5,ri_polygon
5182032022,43,ri_polygon
5182032023,44,ri_polygon
5182032024,41,ri_polygon
5182032025,32,ri_polygon
5182032026,50,ri_polygon
5182032027,248,ri_polygon
5182032028,278,ri_polygon
5182032029,15,ri_polygon
5182032030,63,ri_polygon
5182032031,9,ri_polygon
5182032032,3,ri_polygon
5182033000,9,emd_point
5182033021,15,ri_polygon
5182033022,24,ri_polygon
5182033023,26,ri_polygon
5182033024,40,ri_polygon
5182033025,14,ri_polygon
5182033026,142,ri_polygon
5182033027,127,ri_polygon
5182033028,224,ri_polygon
5182033029,20,ri_polygon
5182033030,187,ri_polygon
5182033031,81,ri_polygon
5182033032,23,ri_polygon
5182033033,209,ri_polygon
5182033034,6,ri_polygon
5182033035,26,ri_polygon
5182033036,124,ri_polygon
5182033037,15,ri_polygon
5182034000,238,emd_point
5182034021,357,ri_polygon
5182034022,234,ri_polygon
5182034023,195,ri_polygon
5182034024,487,ri_polygon
5182034025,349,ri_polygon
5182034026,536,ri_polygon
5182034027,358,ri_polygon
5182034028,671,ri_polygon
5183025000,10,emd_point
5183025021,11,ri_polygon
5183025022,31,ri_polygon
5183025023,24,ri_polygon
5183025024,22,ri_polygon
5183025025,10,ri_polygon
5183025026,52,ri_polygon
5183025027,8,ri_polygon
5183025028,19,ri_polygon
5183025029,2,ri_polygon
5183025030,20,ri_polygon
5183025031,18,ri_polygon
5183025032,46,ri_polygon
5183025033,32,ri_polygon
5183025034,44,ri_polygon
5183025035,14,ri_polygon
5183025036,61,ri_polygon
5183025037,16,ri_polygon
5183025038,72,ri_polygon
5183025039,259,ri_polygon
5183031000,20,emd_point
5183031021,364,ri_polygon
5183031022,140,ri_polygon
5183031023,125,ri_polygon
5183031024,294,ri_polygon
5183031025,252,ri_polygon
5183031026,17,ri_polygon
5183031027,16,ri_polygon
5183031028,34,ri_polygon
5183031029,78,ri_polygon
5183031030,265,ri_polygon
5183031031,104,ri_polygon
5183031032,246,ri_polygon
5183031033,525,ri_polygon
5183031034,379,ri_polygon
5183031035,374,ri_polygon
5183031036,507,ri_polygon
5183031037,431,ri_polygon
5183031038,148,ri_polygon
5183031039,356,ri_polygon
5183031040,174,ri_polygon
5183032000,23,emd_point
5183032021,75,ri_polygon
5183032022,2,ri_polygon
5183032023,9,ri_polygon
5183032024,8,ri_polygon
5183032025,6,ri_polygon
5183032026,140,ri_polygon
5183032027,63,ri_polygon
5183032028,56,ri_polygon
5183032029,9,ri_polygon
5183032030,22,ri_polygon
5183032031,68,ri_polygon
5183032032,137,ri_polygon
5183032033,7,ri_polygon
5183032034,59,ri_polygon
5183032035,35,ri_polygon
5183032036,151,ri_polygon
5183032037,21,ri_polygon
5183032038,24,ri_polygon
5183032039,26,ri_polygon
5183032040,158,ri_polygon
5183032041,9,ri_polygon
5183032042,6,ri_polygon
5183032043,77,ri_polygon
5183032044,118,ri_polygon
5183033000,26,emd_point
5183033021,88,ri_polygon
5183033022,23,ri_polygon
5183033023,123,ri_polygon
5183033024,140,ri_polygon
5183033025,212,ri_polygon
5183033026,44,ri_polygon
5183033027,182,ri_polygon
5183033028,31,ri_polygon
5183033029,35,ri_polygon
5183033030,25,ri_polygon
5183033031,262,ri_polygon
5183033032,104,ri_polygon
5183033033,411,ri_polygon
5183033034,345,ri_polygon
5183034000,8,emd_point
5183034021,36,ri_polygon
5183034022,56,ri_polygon
5183034023,22,ri_polygon
5183034024,12,ri_polygon
5183034025,77,ri_polygon
5183034026,11,ri_polygon
5183034027,13,ri_polygon
5183034028,44,ri_polygon
5183034029,31,ri_polygon
5183034030,263,ri_polygon
5183034031,303,ri_polygon
5183034032,27,ri_polygon
5183034033,54,ri_polygon
5183034034,32,ri_polygon
5183034035,25,ri_polygon
5183034036,22,ri_polygon
5183034037,36,ri_polygon
5183034038,28,ri_polygon
5183034039,89,ri_polygon
5183034040,62,ri_polygon
5183034041,48,ri_polygon
5183035000,5,emd_point
5183035021,282,ri_polygon
5183035022,137,ri_polygon
5183035023,56,ri_polygon
5183035024,39,ri_polygon
5183035025,34,ri_polygon
5183035026,166,ri_polygon
5183035027,587,ri_polygon
5183035028,91,ri_polygon
5183035029,81,ri_polygon
5183035030,70,ri_polygon
5183035031,36,ri_polygon
5183035032,101,ri_polygon
5183035033,35,ri_polygon
5183035034,7,ri_polygon
5183035035,25,ri_polygon
5183035036,36,ri_polygon
5183035037,23,ri_polygon
5183035038,37,ri_polygon
5183035039,64,ri_polygon
5183035040,7,ri_polygon
5183035041,60,ri_polygon
5183035042,599,ri_polygon
5211110100,47,emd_polygon
5211110200,47,emd_polygon
5211110300,48,emd_polygon
5211110400,49,emd_polygon
5211110500,45,emd_polygon
5211110600,46,emd_polygon
5211110700,45,emd_polygon
5211110800,47,emd_polygon
5211110900,46,emd_polygon
5211111000,48,emd_polygon
5211111100,46,emd_polygon
5211111200,48,emd_polygon
5211111300,46,emd_polygon
5211111400,44,emd_polygon
5211111500,46,emd_polygon
5211111600,40,emd_polygon
5211111700,42,emd_polygon
5211111800,110,emd_polygon
5211111900,44,emd_polygon
5211112000,54,emd_polygon
5211112100,70,emd_polygon
5211112200,51,emd_polygon
5211112300,61,emd_polygon
5211112400,69,emd_polygon
5211112500,69,emd_point
5211112600,59,emd_point
5211112700,63,emd_polygon
5211112800,39,emd_polygon
5211112900,32,emd_point
5211113000,105,emd_polygon
5211113100,54,emd_polygon
5211113200,72,emd_polygon
5211113300,67,emd_polygon
5211113400,38,emd_polygon
5211113500,136,emd_polygon
5211113600,112,emd_polygon
5211113700,46,emd_polygon
5211113800,73,emd_polygon
5211113900,53,emd_polygon
5211114000,43,emd_polygon
5211114100,41,emd_polygon
5211114200,40,emd_polygon
5211114300,124,emd_polygon
5211114400,69,emd_polygon
5211114500,79,emd_polygon
5211114700,45,emd_polygon
5211310200,35,emd_point
5211310300,52,emd_polygon
5211310400,54,emd_polygon
5211310500,41,emd_polygon
5211310600,37,emd_polygon
5211310700,32,emd_point
5211310800,18,emd_polygon
5211310900,27,emd_polygon
5211311000,34,emd_polygon
5211311100,63,emd_polygon
5211311200,101,emd_polygon
5211311300,149,emd_polygon
5211311400,61,emd_polygon
5211311500,51,emd_polygon
5211311600,32,emd_polygon
5211311700,26,emd_polygon
5211311800,20,emd_polygon
5211311900,20,emd_polygon
5211312000,14,emd_polygon
5211312100,35,emd_polygon
5211312200,25,emd_polygon
5211312300,10,emd_polygon
5211312400,7,emd_polygon
5211312500,13,emd_polygon
5211312600,14,emd_polygon
5211312700,34,emd_polygon
5211312900,12,emd_polygon
5211313000,26,emd_point
5211313100,36,emd_polygon
5211313200,22,emd_polygon
5211313300,16,emd_polygon
5211313400,7,emd_polygon
5211313500,9,emd_polygon
5211313600,11,emd_polygon
5211313700,7,emd_polygon
5211313800,39,region_point
5211313900,39,region_point
5213010100,0,emd_polygon
5213010200,27,emd_polygon
5213010300,10,emd_polygon
5213010400,7,emd_point
5213010500,10,emd_polygon
5213010600,23,emd_polygon
5213010700,13,emd_polygon
5213010800,8,emd_point
5213010900,24,emd_polygon
5213011000,7,emd_polygon
5213011100,9,emd_point
5213011200,27,emd_polygon
5213011300,11,emd_polygon
5213011400,15,emd_polygon
5213011500,10,emd_polygon
5213011600,17,emd_polygon
5213011700,11,emd_polygon
5213011800,10,emd_polygon
5213011900,9,emd_polygon
5213012000,7,emd_polygon
5213012100,10,emd_polygon
5213012200,10,emd_polygon
5213012300,8,emd_polygon
5213012400,6,emd_polygon
5213012500,10,emd_polygon
5213012600,7,emd_polygon
5213012700,7,emd_polygon
5213012800,8,emd_polygon
5213012900,8,emd_polygon
5213013000,7,emd_polygon
5213013100,10,emd_polygon
5213013200,12,emd_polygon
5213013300,9,emd_polygon
5213013400,9,emd_point
5213013500,8,emd_polygon
5213013600,7,emd_point
5213013700,11,emd_point
5213013800,5,emd_polygon
5213013900,5,emd_point
5213014000,5,emd_polygon
5213014100,4,emd_point
5213014200,5,emd_polygon
5213014300,4,emd_polygon
5213014400,10,emd_polygon
5213014500,16,emd_polygon
5213014600,14,emd_point
5213014700,0,emd_polygon
5213014800,8,emd_polygon
5213014900,3,emd_polygon
5213015000,9,emd_polygon
5213015100,6,emd_polygon
5213015200,1,emd_polygon
5213025000,3,emd_point
5213025021,26,ri_polygon
5213025022,5,ri_polygon
5213025023,5,ri_polygon
5213025024,5,ri_polygon
5213025025,4,ri_polygon
5213025026,17,ri_polygon
5213025027,2,ri_polygon
5213031000,18,emd_point
5213031021,11,ri_polygon
5213031022,4,ri_polygon
5213031023,13,ri_polygon
5213031024,3,ri_polygon
5213031025,18,ri_polygon
5213032000,8,emd_point
5213032021,0,ri_polygon
5213032022,5,ri_polygon
5213032023,3,ri_polygon
5213032024,35,ri_polygon
5213032025,38,ri_polygon
5213032026,4,ri_polygon
5213032027,8,ri_polygon
5213032028,4,ri_polygon
5213033000,23,emd_point
5213033021,13,ri_polygon
5213033022,53,ri_polygon
5213033023,5,ri_polygon
5213033024,6,ri_polygon
5213033025,22,ri_polygon
5213033026,9,ri_polygon
5213033027,7,ri_polygon
5213034000,9,emd_point
5213034021,8,ri_polygon
5213034022,77,ri_polygon
5213034023,32,ri_polygon
5213034024,8,ri_polygon
5213034025,14,ri_polygon
5213034026,6,ri_polygon
5213035000,5,emd_point
5213035021,9,ri_polygon
5213035022,5,ri_polygon
5213035023,5,ri_polygon
5213035024,6,ri_polygon
5213035025,6,ri_polygon
5213035026,6,ri_polygon
5213035027,9,ri_polygon
5213036000,36,emd_point
5213036021,33,ri_polygon
5213036022,10,ri_polygon
5213036023,14,ri_polygon
5213036024,6,ri_polygon
5213036025,8,ri_polygon
5213036026,3,ri_polygon
5213037000,24,emd_point
5213037021,11,ri_polygon
5213037022,8,ri_polygon
5213037023,14,ri_polygon
5213037024,31,ri_polygon
5213037025,6,ri_polygon
5213037026,13,ri_polygon
5213037027,22,ri_polygon
5213037028,12,ri_polygon
5213038000,21,emd_point
5213038021,44,ri_polygon
5213038022,33,ri_polygon
5213038023,5,ri_polygon
5213038024,1,ri_polygon
5213038025,15,ri_polygon
5213038026,10,ri_polygon
5213039000,103,emd_point
5213039021,4,ri_polygon
5213039022,149,ri_polygon
5213039023,34,ri_polygon
5213039024,62,ri_polygon
5213039025,4,ri_polygon
5213039026,20,ri_polygon
5213039027,5,ri_polygon
5213039028,10,ri_polygon
5213039029,13,ri_polygon
5213039030,26,ri_polygon
5213039031,17,ri_polygon
5213039032,36,ri_polygon
5213039033,78,ri_polygon
5213039034,66,ri_polygon
5213040000,4,emd_point
5213040021,4,ri_polygon
5213040022,9,ri_polygon
5214010100,16,emd_polygon
5214010200,14,emd_polygon
5214010300,19,emd_polygon
5214010400,18,emd_polygon
5214010500,14,emd_polygon
5214010600,8,emd_point
5214010700,15,emd_polygon
5214010800,9,emd_polygon
5214010900,8,emd_polygon
5214011000,8,emd_polygon
5214011100,14,emd_point
5214011200,11,emd_point
5214011300,29,emd_point
5214011400,15,emd_polygon
5214011500,26,emd_polygon
5214011600,13,emd_point
5214011700,6,emd_polygon
5214011800,5,emd_polygon
5214011900,8,emd_polygon
5214012000,22,emd_polygon
5214012100,17,emd_point
5214012200,15,emd_polygon
5214012300,26,emd_point
5214012400,9,emd_polygon
5214012500,5,emd_polygon
5214012600,6,emd_polygon
5214012700,23,emd_point
5214012800,22,emd_polygon
5214012900,21,emd_polygon
5214013000,15,emd_polygon
5214013100,10,emd_polygon
5214013200,15,emd_polygon
5214013300,16,emd_polygon
5214013400,26,emd_polygon
5214013500,25,emd_polygon
5214013600,23,emd_polygon
5214025000,22,emd_point
5214025021,8,ri_polygon
5214025022,5,ri_polygon
5214025023,31,ri_polygon
5214025024,18,ri_polygon
5214025025,14,ri_polygon
5214025026,24,ri_polygon
5214031000,6,emd_point
5214031021,8,ri_polygon
5214031022,18,ri_polygon
5214031023,7,ri_polygon
5214031024,6,ri_polygon
5214031025,6,ri_polygon
5214031026,7,ri_polygon
5214031027,3,ri_polygon
5214032000,44,emd_point
5214032021,22,ri_polygon
5214032022,9,ri_polygon
5214032023,7,ri_polygon
5214032024,9,ri_polygon
5214032025,13,ri_polygon
5214032026,20,ri_polygon
5214032027,25,ri_polygon
5214032028,8,ri_polygon
5214033000,24,emd_point
5214033021,34,ri_polygon
5214033022,24,ri_polygon
5214033023,23,ri_polygon
5214033024,6,ri_polygon
5214033025,15,ri_polygon
5214033026,23,ri_polygon
5214034000,5,emd_point
5214034021,38,ri_polygon
5214034022,8,ri_polygon
5214034023,75,ri_polygon
5214034024,25,ri_polygon
5214034025,11,ri_polygon
5214034026,7,ri_polygon
5214034027,23,ri_polygon
5214035000,5,emd_point
5214035021,7,ri_polygon
5214035022,7,ri_polygon
5214035023,9,ri_polygon
5214035024,32,ri_polygon
5214035025,42,ri_polygon
5214035026,4,ri_polygon
5214035027,3,ri_polygon
5214036000,14,emd_point
5214036021,7,ri_polygon
5214036022,6,ri_polygon
5214036023,8,ri_polygon
5214036024,3,ri_polygon
5214036025,5,ri_polygon
5214036026,4,ri_polygon
5214036027,3,ri_polygon
5214036028,4,ri_polygon
5214036029,5,ri_polygon
5214036030,4,ri_polygon
5214036031,5,ri_polygon
5214037000,6,emd_point
5214037021,16,ri_polygon
5214037022,12,ri_polygon
5214037023,23,ri_polygon
5214037024,32,ri_polygon
5214037025,23,ri_polygon
5214037026,18,ri_polygon
5214037027,9,ri_polygon
5214038000,19,emd_point
5214038021,13,ri_polygon
5214038022,4,ri_polygon
5214038023,8,ri_polygon
5214038024,8,ri_polygon
5214038025,9,ri_polygon
5214038026,13,ri_polygon
5214039000,69,emd_point
5214039021,77,ri_polygon
5214039022,80,ri_polygon
5214039023,52,ri_polygon
5214039024,90,ri_polygon
5214039025,115,ri_polygon
5214039026,16,ri_polygon
5214040000,31,emd_point
5214040021,47,ri_polygon
5214040022,46,ri_polygon
5214040023,63,ri_polygon
5214040024,88,ri_polygon
5214040025,26,ri_polygon
5214040026,37,ri_polygon
5214040027,29,ri_polygon
5214041000,23,emd_point
5214041021,33,ri_polygon
5214041022,22,ri_polygon
5214041023,26,ri_polygon
5214041024,21,ri_polygon
5214041025,29,ri_polygon
5214041026,22,ri_polygon
5214041027,22,ri_polygon
5214041028,38,ri_polygon
5214041029,37,ri_polygon
5214041030,64,ri_polygon
5214041031,74,ri_polygon
5214041032,109,ri_polygon
5214041033,23,ri_polygon
5214042000,8,emd_point
5214042022,7,ri_polygon
5214042023,5,ri_polygon
5214042024,6,ri_polygon
5214042025,17,ri_polygon
5214042026,34,ri_polygon
5214042027,9,ri_polygon
5214042028,11,ri_polygon
5214042029,12,ri_polygon
5214042030,8,ri_polygon
5214042031,8,ri_polygon
5214042032,6,ri_polygon
5214043000,6,emd_point
5214043021,26,ri_polygon
5214043022,21,ri_polygon
5214043023,24,ri_polygon
5214043024,32,ri_polygon
5214043025,17,ri_polygon
5214043026,13,ri_polygon
5214044000,15,emd_point
5214044021,5,ri_polygon
5214044022,2,ri_polygon
5214044023,8,ri_polygon
5214044024,6,ri_polygon
5214044025,30,ri_polygon
5214044026,25,ri_polygon
5218010100,44,emd_point
5218010200,42,emd_point
5218010300,50,emd_polygon
5218010400,41,emd_point
5218010500,34,emd_point
5218010600,24,emd_point
5218010700,22,emd_polygon
5218010800,31,emd_polygon
5218010900,38,emd_polygon
5218011000,43,emd_polygon
5218011100,61,emd_polygon
5218011200,93,emd_polygon
5218011300,78,emd_polygon
5218011400,102,emd_polygon
5218011500,120,emd_polygon
5218011600,53,emd_polygon
5218011700,165,emd_polygon
5218011800,164,emd_polygon
5218011900,453,emd_polygon
5218012000,13,emd_polygon
5218012100,41,emd_polygon
5218012200,45,emd_polygon
5218012300,44,emd_polygon
5218012400,40,emd_polygon
5218012500,31,emd_polygon
5218012600,97,emd_polygon
5218012700,471,emd_polygon
5218025000,13,emd_point
5218025021,13,ri_polygon
5218025022,6,ri_polygon
5218025023,8,ri_polygon
5218025024,14,ri_polygon
5218025025,6,ri_polygon
5218025026,17,ri_polygon
5218025027,24,ri_polygon
5218025028,5,ri_polygon
5218025029,17,ri_polygon
5218025030,8,ri_polygon
5218025031,20,ri_polygon
5218031000,32,emd_point
5218031021,37,ri_polygon
5218031022,27,ri_polygon
5218031023,34,ri_polygon
5218031024,82,ri_polygon
5218031025,46,ri_polygon
5218031026,95,ri_polygon
5218031027,29,ri_polygon
5218031028,19,ri_polygon
5218031029,16,ri_polygon
5218031030,22,ri_polygon
5218032000,71,emd_point
5218032021,35,ri_polygon
5218032022,101,ri_polygon
5218032023,118,ri_polygon
5218032024,66,ri_polygon
5218032025,168,ri_polygon
5218032026,86,ri_polygon
5218032027,47,ri_polygon
5218032028,72,ri_polygon
5218032029,53,ri_polygon
5218032030,119,ri_polygon
5218032031,71,emd_point
5218033000,23,emd_point
5218033021,47,ri_polygon
5218033022,21,ri_polygon
5218033023,30,ri_polygon
5218033024,16,ri_polygon
5218033025,9,ri_polygon
5218033026,41,ri_polygon
5218033027,38,ri_polygon
5218033028,57,ri_polygon
5218033029,33,ri_polygon
5218033030,15,ri_polygon
5218034000,35,emd_point
5218034021,10,ri_polygon
5218034022,5,ri_polygon
5218034023,21,ri_polygon
5218034024,20,ri_polygon
5218034025,89,ri_polygon
5218034026,20,ri_polygon
5218034027,6,ri_polygon
5218034028,18,ri_polygon
5218034029,86,ri_polygon
5218034030,43,ri_polygon
5218034031,10,ri_polygon
5218034032,106,ri_polygon
5218034033,35,ri_polygon
5218035000,27,emd_point
5218035021,20,ri_polygon
5218035022,9,ri_polygon
5218035023,10,ri_polygon
5218035024,9,ri_polygon
5218035025,7,ri_polygon
5218035026,18,ri_polygon
5218035027,10,ri_polygon
5218036000,14,emd_point
5218036021,26,ri_polygon
5218036022,28,ri_polygon
5218036023,26,ri_polygon
5218036024,42,ri_polygon
5218036025,11,ri_polygon
5218036026,15,ri_polygon
5218037000,23,emd_point
5218037021,11,ri_polygon
5218037022,10,ri_polygon
5218037023,20,ri_polygon
5218037024,18,ri_polygon
5218037025,13,ri_polygon
5218037026,8,ri_polygon
5218037027,10,ri_polygon
5218037028,5,ri_polygon
5218037029,16,ri_polygon
5218037030,5,ri_polygon
5218037031,6,ri_polygon
5218038000,21,emd_point
5218038021,13,ri_polygon
5218038022,9,ri_polygon
5218038023,10,ri_polygon
5218038024,18,ri_polygon
5218038025,23,ri_polygon
5218038026,32,ri_polygon
5218038027,9,ri_polygon
5218038028,12,ri_polygon
5218038030,16,ri_polygon
5218038031,40,ri_polygon
5218039000,15,emd_point
5218039021,24,ri_polygon
5218039022,30,ri_polygon
5218039023,10,ri_polygon
5218039024,68,ri_polygon
5218039025,14,ri_polygon
5218039026,34,ri_polygon
5218039027,38,ri_polygon
5218039028,23,ri_polygon
5218039029,20,ri_polygon
5218039030,12,ri_polygon
5218039031,24,ri_polygon
5218039032,20,ri_polygon
5218039033,21,ri_polygon
5218039034,18,ri_polygon
5218040000,13,emd_point
5218040021,17,ri_polygon
5218040022,21,ri_polygon
5218040023,6,ri_polygon
5218040024,10,ri_polygon
5218040025,12,ri_polygon
5218040026,13,ri_polygon
5218040027,56,ri_polygon
5218040028,8,ri_polygon
5218040029,9,ri_polygon
5218040030,6,ri_polygon
5218040031,11,ri_polygon
5218041000,66,emd_point
5218041021,94,ri_polygon
5218041022,44,ri_polygon
5218041023,70,ri_polygon
5218041024,136,ri_polygon
5218041025,41,ri_polygon
5218041026,51,ri_polygon
5218041027,52,ri_polygon
5218042000,37,emd_point
5218042021,86,ri_polygon
5218042022,62,ri_polygon
5218042023,33,ri_polygon
5218042024,43,ri_polygon
5218042025,172,ri_polygon
5218042026,125,ri_polygon
5218042027,131,ri_polygon
5218043000,294,emd_point
5218043021,226,ri_polygon
5218043022,336,ri_polygon
5218043023,234,ri_polygon
5218043024,254,ri_polygon
5218043025,228,ri_polygon
5218043026,453,ri_polygon
5218044000,60,emd_point
5218044021,107,ri_polygon
5218044022,94,ri_polygon
5218044023,106,ri_polygon
5218044024,95,ri_polygon
5218044025,212,ri_polygon
5218044026,58,ri_polygon
5218044027,132,ri_polygon
5218044028,114,ri_polygon
5219010100,102,emd_point
5219010200,100,emd_polygon
5219010300,96,emd_point
5219010400,102,emd_polygon
5219010500,96,emd_polygon
5219010600,91,emd_point
5219010700,89,emd_polygon
5219010800,95,emd_point
5219010900,101,emd_polygon
5219011000,110,emd_polygon
5219011100,101,emd_point
5219011200,120,emd_polygon
5219011300,152,emd_polygon
5219011400,147,emd_polygon
5219011500,145,emd_polygon
5219011600,105,emd_point
5219011700,129,emd_polygon
5219011800,159,emd_polygon
5219011900,201,emd_polygon
5219012000,179,emd_polygon
5219012100,98,emd_point
5219012200,125,emd_polygon
5219012300,111,emd_polygon
5219025000,465,emd_point
5219025021,593,ri_polygon
5219025022,517,ri_polygon
5219025023,677,ri_polygon
5219025024,539,ri_polygon
5219025025,556,ri_polygon
5219025026,468,ri_polygon
5219025027,565,ri_polygon
5219025028,458,ri_polygon
5219025029,459,ri_polygon
5219025030,489,ri_polygon
5219025031,479,ri_polygon
5219025032,471,ri_polygon
5219025033,472,ri_polygon
5219025034,464,ri_polygon
5219025035,454,ri_polygon
5219025036,483,ri_polygon
5219025037,683,ri_polygon
5219031000,179,emd_point
5219031021,141,ri_polygon
5219031022,231,ri_polygon
5219031023,178,ri_polygon
5219031024,133,ri_polygon
5219031025,193,ri_polygon
5219031026,179,ri_polygon
5219031027,175,ri_polygon
5219031028,278,ri_polygon
5219031029,463,ri_polygon
5219031030,898,ri_polygon
5219031031,571,ri_polygon
5219032000,115,emd_point
5219032021,78,ri_polygon
5219032022,66,ri_polygon
5219032023,80,ri_polygon
5219032024,202,ri_polygon
5219032025,158,ri_polygon
5219032026,272,ri_polygon
5219033000,91,emd_point
5219033021,96,ri_polygon
5219033022,110,ri_polygon
5219033023,122,ri_polygon
5219033024,167,ri_polygon
5219033025,164,ri_polygon
5219033026,113,ri_polygon
5219033027,87,ri_polygon
5219033028,77,ri_polygon
5219033029,68,ri_polygon
5219033030,70,ri_polygon
5219033031,60,ri_polygon
5219033032,89,ri_polygon
5219033033,55,ri_polygon
5219034000,76,emd_point
5219034021,98,ri_polygon
5219034022,84,ri_polygon
5219034023,87,ri_polygon
5219034024,93,ri_polygon
5219034025,84,ri_polygon
5219034026,74,ri_polygon
5219034027,105,ri_polygon
5219034028,190,ri_polygon
5219034029,102,ri_polygon
5219035000,66,emd_point
5219035021,81,ri_polygon
5219035022,75,ri_polygon
5219035023,168,ri_polygon
5219035024,151,ri_polygon
5219035025,103,ri_polygon
5219035026,64,ri_polygon
5219035027,58,ri_polygon
5219035028,55,ri_polygon
5219035029,183,ri_polygon
5219035030,54,ri_polygon
5219035031,53,ri_polygon
5219036000,75,emd_point
5219036021,154,ri_polygon
5219036022,128,ri_polygon
5219036023,176,ri_polygon
5219036024,183,ri_polygon
5219036025,166,ri_polygon
5219036026,137,ri_polygon
5219036027,159,ri_polygon
5219036028,145,ri_polygon
5219036029,98,ri_polygon
5219036030,163,ri_polygon
5219036031,82,ri_polygon
5219036032,76,ri_polygon
5219036033,81,ri_polygon
5219037000,101,emd_point
5219037021,117,ri_polygon
5219037022,90,ri_polygon
5219037023,102,ri_polygon
5219037024,147,ri_polygon
5219037025,163,ri_polygon
5219037026,126,ri_polygon
5219037027,135,ri_polygon
5219037028,188,ri_polygon
5219038000,122,emd_point
5219038021,169,ri_polygon
5219038022,197,ri_polygon
5219038023,138,ri_polygon
5219038024,148,ri_polygon
5219038025,144,ri_polygon
5219038026,148,ri_polygon
5219038027,134,ri_polygon
5219038028,145,ri_polygon
5219038029,149,ri_polygon
5219039000,130,emd_point
5219039021,139,ri_polygon
5219039022,169,ri_polygon
5219039023,178,ri_polygon
5219039024,137,ri_polygon
5219039025,150,ri_polygon
5219039026,130,ri_polygon
5219040000,152,emd_point
5219040021,187,ri_polygon
5219040022,155,ri_polygon
5219040023,173,ri_polygon
5219040024,263,ri_polygon
5219040025,195,ri_polygon
5219040026,164,ri_polygon
5219040027,330,ri_polygon
5219040028,250,ri_polygon
5219040029,213,ri_polygon
5219041000,171,emd_point
5219041021,222,ri_polygon
5219041022,220,ri_polygon
5219041023,260,ri_polygon
5219041024,415,ri_polygon
5219041025,190,ri_polygon
5219041026,198,ri_polygon
5219041027,478,ri_polygon
5219042000,170,emd_point
5219042021,162,ri_polygon
5219042022,116,ri_polygon
5219042023,152,ri_polygon
5219042024,166,ri_polygon
5219042025,145,ri_polygon
5219042026,223,ri_polygon
5219042027,250,ri_polygon
5219042028,171,ri_polygon
5219042029,272,ri_polygon
5219042030,394,ri_polygon
5219045000,432,emd_point
5219045021,468,ri_polygon
5219045022,438,ri_polygon
5219045023,445,ri_polygon
5219045024,472,ri_polygon
5219045025,549,ri_polygon
5219045026,504,ri_polygon
5219045027,474,ri_polygon
5219045028,602,ri_polygon
5219045029,511,ri_polygon
5219045030,444,ri_polygon
5219045031,447,ri_polygon
5219046000,328,emd_point
5219046021,558,ri_polygon
5219046022,365,ri_polygon
5219046023,479,ri_polygon
5219046024,510,ri_polygon
5219046025,486,ri_polygon
5219046026,562,ri_polygon
5219046027,629,ri_polygon
5219046028,606,ri_polygon
5219047000,418,emd_point
5219047021,702,ri_polygon
5219047022,497,ri_polygon
5219047023,436,ri_polygon
5219047024,471,ri_polygon
5219047025,447,ri_polygon
5219047026,536,ri_polygon
5219047027,483,ri_polygon
5219047028,501,ri_polygon
5219047029,463,ri_polygon
5221010100,20,emd_point
5221010200,12,emd_point
5221010300,4,emd_polygon
5221010400,18,emd_point
5221010500,20,emd_polygon
5221010600,13,emd_polygon
5221010700,26,emd_polygon
5221010800,15,emd_polygon
5221010900,7,emd_polygon
5221011000,12,emd_polygon
5221011100,6,emd_polygon
5221011200,13,emd_polygon
5221011300,34,emd_polygon
5221011400,10,emd_polygon
5221011500,6,emd_polygon
5221011600,17,emd_polygon
5221011700,15,emd_polygon
5221011800,8,emd_polygon
5221011900,6,emd_polygon
5221012000,24,emd_polygon
5221012100,8,emd_polygon
5221012200,7,emd_polygon
5221012300,6,emd_polygon
5221012400,8,emd_polygon
5221012500,12,emd_polygon
5221012600,6,emd_polygon
5221012700,6,emd_polygon
5221012800,7,emd_polygon
5221012900,5,emd_polygon
5221013000,5,emd_polygon
5221025000,17,emd_point
5221025021,19,ri_polygon
5221025022,15,ri_polygon
5221025023,6,ri_polygon
5221025024,7,ri_polygon
5221025025,4,ri_polygon
5221025026,10,ri_polygon
5221025027,8,ri_polygon
5221032000,8,emd_point
5221032021,4,ri_polygon
5221032022,7,ri_polygon
5221032023,7,ri_polygon
5221032024,6,ri_polygon
5221032025,3,ri_polygon
5221032026,5,ri_polygon
5221032027,4,ri_polygon
5221032028,5,ri_polygon
5221033000,17,emd_point
5221033021,12,ri_polygon
5221033025,14,ri_polygon
5221033026,23,ri_polygon
5221033027,24,ri_polygon
5221033028,18,ri_polygon
5221033029,7,ri_polygon
5221033030,8,ri_polygon
5221033031,19,ri_polygon
5221034000,9,emd_point
5221034021,45,ri_polygon
5221034022,17,ri_polygon
5221034023,20,ri_polygon
5221034024,19,ri_polygon
5221034025,27,ri_polygon
5221034026,11,ri_polygon
5221034027,12,ri_polygon
5221034028,29,ri_polygon
5221034029,27,ri_polygon
5221034030,25,ri_polygon
5221034031,24,ri_polygon
5221034032,29,ri_polygon
5221035000,14,emd_point
5221035021,7,ri_polygon
5221035022,7,ri_polygon
5221035023,7,ri_polygon
5221035024,5,ri_polygon
5221035025,7,ri_polygon
5221035026,24,ri_polygon
5221035027,10,ri_polygon
5221035028,10,ri_polygon
5221035029,5,ri_polygon
5221035030,14,ri_polygon
5221036000,6,emd_point
5221036021,5,ri_polygon
5221036022,6,ri_polygon
5221036023,6,ri_polygon
5221036024,3,ri_polygon
5221036025,4,ri_polygon
5221036026,7,ri_polygon
5221036027,4,ri_polygon
5221038000,10,emd_point
5221038021,6,ri_polygon
5221038022,11,ri_polygon
5221038023,21,ri_polygon
5221038024,4,ri_polygon
5221038025,4,ri_polygon
5221038026,23,ri_polygon
5221038027,13,ri_polygon
5221039000,5,emd_point
5221039021,8,ri_polygon
5221039022,6,ri_polygon
5221039023,9,ri_polygon
5221039024,13,ri_polygon
5221039025,12,ri_polygon
5221040000,6,emd_point
5221040021,8,ri_polygon
5221040022,6,ri_polygon
5221040023,6,ri_polygon
5221040024,18,ri_polygon
5221040025,8,ri_polygon
5221040026,2,ri_polygon
5221041000,4,emd_point
5221041021,5,ri_polygon
5221041022,4,ri_polygon
5221041023,8,ri_polygon
5221041024,5,ri_polygon
5221041025,0,ri_polygon
5221042000,63,emd_point
5221042021,47,ri_polygon
5221042023,29,ri_polygon
5221042024,155,ri_polygon
5221042025,65,ri_polygon
5221042026,72,ri_polygon
5221042027,37,ri_polygon
5221042028,25,ri_polygon
5221042029,24,ri_polygon
5221042030,13,ri_polygon
5221042031,32,ri_polygon
5221042032,23,ri_polygon
5221042033,22,ri_polygon
5221042034,29,ri_polygon
5221043000,11,emd_point
5221043021,16,ri_polygon
5221043022,13,ri_polygon
5221043023,13,ri_polygon
5221043024,8,ri_polygon
5221043029,8,ri_polygon
5221043030,11,ri_polygon
5221043031,25,ri_polygon
5221043032,14,ri_polygon
5221043033,16,ri_polygon
5221043034,5,ri_polygon
5221043035,11,ri_polygon
5221044000,11,emd_point
5221044021,14,ri_polygon
5221044022,15,ri_polygon
5221044023,8,ri_polygon
5221044026,14,ri_polygon
5221044027,24,ri_polygon
5221044028,23,ri_polygon
5221045000,25,emd_point
5221045021,21,ri_polygon
5221045022,34,ri_polygon
5221045023,25,ri_polygon
5221045024,86,ri_polygon
5221045025,175,ri_polygon
5221045026,148,ri_polygon
5221045027,256,ri_polygon
5221045028,94,ri_polygon
5221045029,211,ri_polygon
5221045030,118,ri_polygon
5221045031,57,ri_polygon
5221045032,33,ri_polygon
5221045033,33,ri_polygon
5221046000,4,emd_point
5221046021,5,ri_polygon
5221046022,4,ri_polygon
5221046023,0,ri_polygon
5271025000,20,emd_point
5271025021,10,ri_polygon
5271025022,11,ri_polygon
5271025023,7,ri_polygon
5271025024,9,ri_polygon
5271025025,31,ri_polygon
5271025026,17,ri_polygon
5271025027,16,ri_polygon
5271025028,16,ri_polygon
5271025029,19,ri_polygon
5271025030,13,ri_polygon
5271025300,28,emd_point
5271025321,47,ri_polygon
5271025322,60,ri_polygon
5271025323,41,ri_polygon
5271025324,40,ri_polygon
5271025325,43,ri_polygon
5271025326,56,ri_polygon
5271025327,31,ri_polygon
5271025328,28,ri_polygon
5271025329,28,ri_polygon
5271025330,21,ri_polygon
5271025331,27,ri_polygon
5271025332,22,ri_polygon
5271025333,25,ri_polygon
5271025334,23,ri_polygon
5271025600,27,emd_point
5271025621,27,emd_point
5271025622,27,emd_point
5271025623,27,emd_point
5271025624,27,emd_point
5271025625,27,emd_point
5271025626,27,emd_point
5271025627,27,emd_point
5271032000,90,emd_point
5271032021,81,ri_polygon
5271032022,117,ri_polygon
5271032023,174,ri_polygon
5271032024,241,ri_polygon
5271032025,208,ri_polygon
5271033000,22,emd_point
5271033023,31,ri_polygon
5271033024,24,ri_polygon
5271033025,98,ri_polygon
5271033026,36,ri_polygon
5271033027,26,ri_polygon
5271033028,32,ri_polygon
5271033029,20,ri_polygon
5271033030,9,ri_polygon
5271033031,15,ri_polygon
5271033032,8,ri_polygon
5271034000,134,emd_point
5271034021,76,ri_polygon
5271034022,73,ri_polygon
5271034023,113,ri_polygon
5271034024,73,ri_polygon
5271034025,177,ri_polygon
5271034026,190,ri_polygon
5271034027,109,ri_polygon
5271034028,201,ri_polygon
5271034029,243,ri_polygon
5271035000,69,emd_point
5271035021,92,ri_polygon
5271035022,224,ri_polygon
5271035023,61,ri_polygon
5271035024,141,ri_polygon
5271035025,116,ri_polygon
5271035026,97,ri_polygon
5271035027,144,ri_polygon
5271035028,154,ri_polygon
5271035029,356,ri_polygon
5271036000,47,emd_point
5271036021,49,ri_polygon
5271036022,91,ri_polygon
5271036023,68,ri_polygon
5271036024,35,ri_polygon
5271036025,63,ri_polygon
5271036026,78,ri_polygon
5271036027,115,ri_polygon
5271036028,316,ri_polygon
5271036029,151,ri_polygon
5271036030,74,ri_polygon
5271036031,371,ri_polygon
5271037000,109,emd_point
5271037021,53,ri_polygon
5271037022,114,ri_polygon
5271037023,257,ri_polygon
5271037024,171,ri_polygon
5271037025,164,ri_polygon
5271037026,73,ri_polygon
5271037027,111,ri_polygon
5271038000,80,emd_point
5271038021,81,ri_polygon
5271038022,229,ri_polygon
5271038023,216,ri_polygon
5271038026,170,ri_polygon
5271038027,375,ri_polygon
5271038028,279,ri_polygon
5271039000,96,emd_point
5271039021,87,ri_polygon
5271039022,178,ri_polygon
5271039023,229,ri_polygon
5271039024,226,ri_polygon
5271039025,134,ri_polygon
5271039026,239,ri_polygon
5271039027,81,ri_polygon
5271039028,84,ri_polygon
5271039029,159,ri_polygon
5271039030,92,ri_polygon
5271039031,160,ri_polygon
5271040000,183,emd_point
5271040021,278,ri_polygon
5271040022,252,ri_polygon
5271040023,174,ri_polygon
5271040024,159,ri_polygon
5271041000,69,emd_point
5271041021,197,ri_polygon
5271041022,399,ri_polygon
5271041023,222,ri_polygon
5272025000,322,emd_point
5272025021,342,ri_polygon
5272025022,298,ri_polygon
5272025023,354,ri_polygon
5272025024,437,ri_polygon
5272025025,423,ri_polygon
5272025026,451,ri_polygon
5272025027,464,ri_polygon
5272025028,333,ri_polygon
5272025029,348,ri_polygon
5272025030,346,ri_polygon
5272025031,330,ri_polygon
5272025032,297,ri_polygon
5272025033,348,ri_polygon
5272031000,221,emd_point
5272031021,382,ri_polygon
5272031022,295,ri_polygon
5272031023,322,ri_polygon
5272031024,247,ri_polygon
5272031025,235,ri_polygon
5272031026,308,ri_polygon
5272032000,334,emd_point
5272032021,346,ri_polygon
5272032022,333,ri_polygon
5272032023,320,ri_polygon
5272032024,305,ri_polygon
5272033000,317,emd_point
5272033021,314,ri_polygon
5272033022,426,ri_polygon
5272033023,364,ri_polygon
5272033024,366,ri_polygon
5272033025,543,ri_polygon
5272033026,293,ri_polygon
5272034000,320,emd_point
5272034021,307,ri_polygon
5272034022,374,ri_polygon
5272034023,422,ri_polygon
5272034024,341,ri_polygon
5272034025,273,ri_polygon
5272034026,239,ri_polygon
5272035000,328,emd_point
5272035021,367,ri_polygon
5272035022,349,ri_polygon
5272035023,428,ri_polygon
5272035024,353,ri_polygon
5272035025,487,ri_polygon
5272035026,561,ri_polygon
5272035027,560,ri_polygon
5272035028,584,ri_polygon
5272035029,338,ri_polygon
5272036000,287,emd_point
5272036021,299,ri_polygon
5272036022,297,ri_polygon
5272036023,271,ri_polygon
5272036024,311,ri_polygon
5272036025,305,ri_polygon
5272036026,297,ri_polygon
5272036027,323,ri_polygon
5272036028,377,ri_polygon
5272037000,280,emd_point
5272037021,296,ri_polygon
5272037022,364,ri_polygon
5272037023,314,ri_polygon
5272037024,347,ri_polygon
5272037025,377,ri_polygon
5272038000,340,emd_point
5272038021,320,ri_polygon
5272038022,474,ri_polygon
5272038023,405,ri_polygon
5272038024,316,ri_polygon
5272038025,334,ri_polygon
5272038026,298,ri_polygon
5272038027,359,ri_polygon
5272038028,408,ri_polygon
5272038029,358,ri_polygon
5272039000,286,emd_point
5272039021,411,ri_polygon
5272039022,608,ri_polygon
5272039023,304,ri_polygon
5272039024,235,ri_polygon
5272039025,266,ri_polygon
5272040000,281,emd_point
5272040021,290,ri_polygon
5272040022,500,ri_polygon
5272040023,426,ri_polygon
5272040024,288,ri_polygon
5272040025,436,ri_polygon
5272040026,526,ri_polygon
5273025000,187,emd_point
5273025021,198,ri_polygon
5273025022,306,ri_polygon
5273025023,281,ri_polygon
5273025024,258,ri_polygon
5273025025,233,ri_polygon
5273025026,297,ri_polygon
5273025027,214,ri_polygon
5273025028,250,ri_polygon
5273031000,375,emd_point
5273031021,513,ri_polygon
5273031022,577,ri_polygon
5273031023,528,ri_polygon
5273031024,519,ri_polygon
5273031025,499,ri_polygon
5273031026,474,ri_polygon
5273031027,586,ri_polygon
5273031028,692,ri_polygon
5273032000,294,emd_point
5273032021,324,ri_polygon
5273032022,262,ri_polygon
5273032023,428,ri_polygon
5273032024,372,ri_polygon
5273032025,695,ri_polygon
5273032026,697,ri_polygon
5273032027,342,ri_polygon
5273032028,668,ri_polygon
5273032029,620,ri_polygon
5273032030,686,ri_polygon
5273033000,290,emd_point
5273033021,378,ri_polygon
5273033022,268,ri_polygon
5273033023,388,ri_polygon
5273033024,391,ri_polygon
5273033025,388,ri_polygon
5273033026,240,ri_polygon
5273033027,520,ri_polygon
5273033028,357,ri_polygon
5273034000,457,emd_point
5273034021,427,ri_polygon
5273034022,449,ri_polygon
5273034023,771,ri_polygon
5273034024,722,ri_polygon
5273034025,796,ri_polygon
5273034026,518,ri_polygon
5273034027,443,ri_polygon
5273034028,460,ri_polygon
5273035000,235,emd_point
5273035021,426,ri_polygon
5273035022,203,ri_polygon
5273035023,366,ri_polygon
5273035024,344,ri_polygon
5273035025,236,ri_polygon
5273035026,284,ri_polygon
5274025000,424,emd_point
5274025021,425,ri_polygon
5274025022,598,ri_polygon
5274025023,568,ri_polygon
5274025024,492,ri_polygon
5274025025,521,ri_polygon
5274025026,666,ri_polygon
5274025027,488,ri_polygon
5274025028,578,ri_polygon
5274025029,553,ri_polygon
5274025030,606,ri_polygon
5274025031,513,ri_polygon
5274025032,588,ri_polygon
5274025033,629,ri_polygon
5274031000,154,emd_point
5274031021,288,ri_polygon
5274031022,264,ri_polygon
5274031023,208,ri_polygon
5274031024,206,ri_polygon
5274031025,173,ri_polygon
5274031026,148,ri_polygon
5274031027,162,ri_polygon
5274031028,142,ri_polygon
5274031029,211,ri_polygon
5274031030,189,ri_polygon
5274031031,318,ri_polygon
5274031032,293,ri_polygon
5274031033,275,ri_polygon
5274031034,193,ri_polygon
5274032000,240,emd_point
5274032021,532,ri_polygon
5274032022,482,ri_polygon
5274032023,472,ri_polygon
5274032024,367,ri_polygon
5274032025,721,ri_polygon
5274032026,344,ri_polygon
5274032027,382,ri_polygon
5274032028,284,ri_polygon
5274032029,410,ri_polygon
5274032030,439,ri_polygon
5274032031,399,ri_polygon
5274033500,357,emd_point
5274033521,359,ri_polygon
5274033522,560,ri_polygon
5274033523,424,ri_polygon
5274033524,452,ri_polygon
5274033525,376,ri_polygon
5274033526,448,ri_polygon
5274033527,386,ri_polygon
5274033528,552,ri_polygon
5274033529,460,ri_polygon
5274033530,587,ri_polygon
5274034000,339,emd_point
5274034021,544,ri_polygon
5274034022,428,ri_polygon
5274034024,454,ri_polygon
5274034025,410,ri_polygon
5274034026,374,ri_polygon
5274034027,336,ri_polygon
5274034028,325,ri_polygon
5274034029,331,ri_polygon
5274034030,282,ri_polygon
5274034031,592,ri_polygon
5274035000,383,emd_point
5274035021,445,ri_polygon
5274035022,488,ri_polygon
5274035023,438,ri_polygon
5274035024,423,ri_polygon
5274035025,501,ri_polygon
5274035026,554,ri_polygon
5274035027,479,ri_polygon
5274035028,632,ri_polygon
5274036000,491,emd_point
5274036021,406,ri_polygon
5274036022,471,ri_polygon
5274036023,566,ri_polygon
5274036024,581,ri_polygon
5274036025,467,ri_polygon
5274036026,450,ri_polygon
5274036027,729,ri_polygon
5275025000,239,emd_point
5275025021,234,ri_polygon
5275025022,234,ri_polygon
5275025023,259,ri_polygon
5275025024,275,ri_polygon
5275025025,254,ri_polygon
5275025026,239,ri_polygon
5275025027,258,ri_polygon
5275025028,345,ri_polygon
5275025029,389,ri_polygon
5275025030,307,ri_polygon
5275025031,253,ri_polygon
5275025032,255,ri_polygon
5275025033,331,ri_polygon
5275025034,253,ri_polygon
5275025035,332,ri_polygon
5275025036,384,ri_polygon
5275031000,156,emd_point
5275031021,290,ri_polygon
5275031022,254,ri_polygon
5275031023,202,ri_polygon
5275031024,194,ri_polygon
5275031025,172,ri_polygon
5275031026,251,ri_polygon
5275031027,217,ri_polygon
5275031028,186,ri_polygon
5275032000,200,emd_point
5275032021,243,ri_polygon
5275032022,211,ri_polygon
5275032023,197,ri_polygon
5275032024,251,ri_polygon
5275032025,296,ri_polygon
5275032026,247,ri_polygon
5275032027,213,ri_polygon
5275032028,221,ri_polygon
5275032029,351,ri_polygon
5275032030,195,ri_polygon
5275032031,205,ri_polygon
5275032032,206,ri_polygon
5275032033,265,ri_polygon
5275032034,213,ri_polygon
5275033000,206,emd_point
5275033021,261,ri_polygon
5275033022,242,ri_polygon
5275033023,264,ri_polygon
5275033024,214,ri_polygon
5275033025,307,ri_polygon
5275033026,213,ri_polygon
5275033027,220,ri_polygon
5275034000,199,emd_point
5275034021,257,ri_polygon
5275034022,182,ri_polygon
5275034023,252,ri_polygon
5275034024,311,ri_polygon
5275034025,388,ri_polygon
5275034026,327,ri_polygon
5275034027,270,ri_polygon
5275034028,228,ri_polygon
5275034029,172,ri_polygon
5275034030,223,ri_polygon
5275034031,272,ri_polygon
5275035500,123,emd_point
5275035521,122,ri_polygon
5275035522,135,ri_polygon
5275035523,111,ri_polygon
5275035524,151,ri_polygon
5275035525,136,ri_polygon
5275035526,112,ri_polygon
5275035527,123,ri_polygon
5275035528,168,ri_polygon
5275035529,140,ri_polygon
5275035530,178,ri_polygon
5275035531,208,ri_polygon
5275035532,214,ri_polygon
5275035533,186,ri_polygon
5275035534,148,ri_polygon
5275036000,265,emd_point
5275036021,285,ri_polygon
5275036022,212,ri_polygon
5275036023,289,ri_polygon
5275036024,238,ri_polygon
5275036025,365,ri_polygon
5275036026,301,ri_polygon
5275036027,264,ri_polygon
5275036028,324,ri_polygon
5275036029,298,ri_polygon
5275037000,162,emd_point
5275037021,106,ri_polygon
5275037022,125,ri_polygon
5275037023,187,ri_polygon
5275037024,272,ri_polygon
5275037025,254,ri_polygon
5275037026,157,ri_polygon
5275037027,154,ri_polygon
5275037028,142,ri_polygon
5275037031,160,ri_polygon
5275037032,161,ri_polygon
5275037033,151,ri_polygon
5275037034,158,ri_polygon
5275037035,129,ri_polygon
5275037036,148,ri_polygon
5275038000,218,emd_point
5275038022,218,ri_polygon
5275038023,252,ri_polygon
5275038024,274,ri_polygon
5275038025,255,ri_polygon
5275038026,244,ri_polygon
5275038027,261,ri_polygon
5275038028,228,ri_polygon
5275038029,321,ri_polygon
5275038030,339,ri_polygon
5275038031,375,ri_polygon
5275038032,229,ri_polygon
5275038033,284,ri_polygon
5275038034,575,ri_polygon
5275039000,188,emd_point
5275039021,216,ri_polygon
5275039022,140,ri_polygon
5275039023,155,ri_polygon
5275039024,266,ri_polygon
5275039025,224,ri_polygon
5275039026,277,ri_polygon
5275039027,306,ri_polygon
5275039028,238,ri_polygon
5275039029,403,ri_polygon
5275039030,525,ri_polygon
5275040000,122,emd_point
5275040021,214,ri_polygon
5275040022,136,ri_polygon
5275040023,192,ri_polygon
5275040024,180,ri_polygon
5275040025,184,ri_polygon
5275040026,268,ri_polygon
5275040027,376,ri_polygon
5275040028,274,ri_polygon
5275041000,130,emd_point
5275041021,206,ri_polygon
5275041022,151,ri_polygon
5275041023,175,ri_polygon
5275041024,174,ri_polygon
5275041025,140,ri_polygon
5275041026,138,ri_polygon
5275041027,141,ri_polygon
5277025000,85,emd_point
5277025021,185,ri_polygon
5277025022,85,ri_polygon
5277025023,116,ri_polygon
5277025024,103,ri_polygon
5277025025,105,ri_polygon
5277025026,126,ri_polygon
5277025027,98,ri_polygon
5277025028,102,ri_polygon
5277031000,137,emd_point
5277031021,114,ri_polygon
5277031022,132,ri_polygon
5277031023,175,ri_polygon
5277031024,171,ri_polygon
5277031025,175,ri_polygon
5277031026,134,ri_polygon
5277031027,123,ri_polygon
5277031028,150,ri_polygon
5277031029,109,ri_polygon
5277031030,134,ri_polygon
5277031031,134,ri_polygon
5277032000,91,emd_point
5277032021,195,ri_polygon
5277032022,87,ri_polygon
5277032023,492,ri_polygon
5277032024,137,ri_polygon
5277032025,134,ri_polygon
5277032026,107,ri_polygon
5277032027,121,ri_polygon
5277032028,133,ri_polygon
5277032029,115,ri_polygon
5277032030,178,ri_polygon
5277032031,106,ri_polygon
5277032032,224,ri_polygon
5277032033,145,ri_polygon
5277033000,99,emd_point
5277033021,116,ri_polygon
5277033022,143,ri_polygon
5277033023,138,ri_polygon
5277033024,110,ri_polygon
5277033025,127,ri_polygon
5277033026,111,ri_polygon
5277033027,112,ri_polygon
5277033028,75,ri_polygon
5277033029,77,ri_polygon
5277033030,96,ri_polygon
5277033031,103,ri_polygon
5277033032,122,ri_polygon
5277034000,124,emd_point
5277034021,118,ri_polygon
5277034022,136,ri_polygon
5277034023,138,ri_polygon
5277034024,107,ri_polygon
5277034025,159,ri_polygon
5277034026,132,ri_polygon
5277034027,124,ri_polygon
5277034028,128,ri_polygon
5277034030,135,ri_polygon
5277034032,130,ri_polygon
5277034033,153,ri_polygon
5277034034,126,ri_polygon
5277034035,114,ri_polygon
5277035000,112,emd_point
5277035021,163,ri_polygon
5277035022,120,ri_polygon
5277035023,143,ri_polygon
5277035024,229,ri_polygon
5277035025,406,ri_polygon
5277035026,202,ri_polygon
5277035027,111,ri_polygon
5277035028,172,ri_polygon
5277035029,127,ri_polygon
5277035030,113,ri_polygon
5277036000,239,emd_point
5277036021,313,ri_polygon
5277036023,313,ri_polygon
5277036024,285,ri_polygon
5277036025,263,ri_polygon
5277036026,244,ri_polygon
5277036027,272,ri_polygon
5277036028,252,ri_polygon
5277036029,317,ri_polygon
5277036030,301,ri_polygon
5277036031,307,ri_polygon
5277036032,230,ri_polygon
5277036033,299,ri_polygon
5277036034,238,ri_polygon
5277036035,304,ri_polygon
5277036036,272,ri_polygon
5277036037,258,ri_polygon
5277036038,268,ri_polygon
5277036039,228,ri_polygon
5277036040,304,ri_polygon
5277037000,289,emd_point
5277037021,361,ri_polygon
5277037022,295,ri_polygon
5277037023,466,ri_polygon
5277037024,299,ri_polygon
5277037025,336,ri_polygon
5277037026,285,ri_polygon
5277037027,301,ri_polygon
5277037028,305,ri_polygon
5277037029,322,ri_polygon
5277037030,377,ri_polygon
5277037031,304,ri_polygon
5277037032,291,ri_polygon
5277037033,373,ri_polygon
5277037034,290,ri_polygon
5277037035,270,ri_polygon
5277037036,301,ri_polygon
5277037037,251,ri_polygon
5277038000,76,emd_point
5277038021,99,ri_polygon
5277038022,97,ri_polygon
5277038023,131,ri_polygon
5277038024,87,ri_polygon
5277038025,200,ri_polygon
5277038026,171,ri_polygon
5277038027,144,ri_polygon
5277038028,188,ri_polygon
5277039000,77,emd_point
5277039021,85,ri_polygon
5277039022,115,ri_polygon
5277039023,101,ri_polygon
5277039024,92,ri_polygon
5277039025,142,ri_polygon
5277039026,83,ri_polygon
5277040000,198,emd_point
5277040021,232,ri_polygon
5277040022,202,ri_polygon
5277040023,221,ri_polygon
5277040024,217,ri_polygon
5277040025,270,ri_polygon
5277040026,470,ri_polygon
5277040027,189,ri_polygon
5277040028,263,ri_polygon
5277040029,334,ri_polygon
5277040030,400,ri_polygon
5277040031,359,ri_polygon
5277040032,265,ri_polygon
5277040033,274,ri_polygon
5277040034,216,ri_polygon
5279025000,73,emd_point
5279025021,42,ri_polygon
5279025022,58,ri_polygon
5279025023,248,ri_polygon
5279025024,73,ri_polygon
5279025025,146,ri_polygon
5279025026,125,ri_polygon
5279025027,101,ri_polygon
5279025028,204,ri_polygon
5279025029,65,ri_polygon
5279025030,53,ri_polygon
5279025031,28,ri_polygon
5279025032,43,ri_polygon
5279025033,32,ri_polygon
5279025034,46,ri_polygon
5279025035,29,ri_polygon
5279025036,54,ri_polygon
5279025037,40,ri_polygon
5279025038,53,ri_polygon
5279031000,42,emd_point
5279031021,61,ri_polygon
5279031022,44,ri_polygon
5279031023,35,ri_polygon
5279031024,35,ri_polygon
5279031025,49,ri_polygon
5279031026,40,ri_polygon
5279031027,42,ri_polygon
5279031028,55,ri_polygon
5279031029,53,ri_polygon
5279031030,120,ri_polygon
5279031031,96,ri_polygon
5279031032,129,ri_polygon
5279031033,124,ri_polygon
5279031034,244,ri_polygon
5279032000,34,emd_point
5279032021,40,ri_polygon
5279032022,45,ri_polygon
5279032023,32,ri_polygon
5279032024,20,ri_polygon
5279032025,22,ri_polygon
5279032026,36,ri_polygon
5279032027,24,ri_polygon
5279032028,40,ri_polygon
5279032029,48,ri_polygon
5279032030,40,ri_polygon
5279032031,69,ri_polygon
5279032032,179,ri_polygon
5279032033,86,ri_polygon
5279032034,24,ri_polygon
5279032035,56,ri_polygon
5279032036,71,ri_polygon
5279033000,51,emd_point
5279033021,57,ri_polygon
5279033022,54,ri_polygon
5279033023,57,ri_polygon
5279033024,46,ri_polygon
5279033025,30,ri_polygon
5279033026,24,ri_polygon
5279033027,46,ri_polygon
5279033028,51,ri_polygon
5279033029,47,ri_polygon
5279033030,55,ri_polygon
5279033031,50,ri_polygon
5279033032,57,ri_polygon
5279033033,56,ri_polygon
5279033034,54,ri_polygon
5279033035,33,ri_polygon
5279033036,67,ri_polygon
5279034000,14,emd_point
5279034021,60,ri_polygon
5279034022,56,ri_polygon
5279034023,20,ri_polygon
5279034024,14,ri_polygon
5279034025,17,ri_polygon
5279034026,18,ri_polygon
5279034027,34,ri_polygon
5279034028,35,ri_polygon
5279034029,33,ri_polygon
5279034030,29,ri_polygon
5279034031,18,ri_polygon
5279034032,20,ri_polygon
5279035000,77,emd_point
5279035021,23,ri_polygon
5279035022,7,ri_polygon
5279035023,4,ri_polygon
5279035024,10,ri_polygon
5279035025,6,ri_polygon
5279035026,34,ri_polygon
5279035027,12,ri_polygon
5279035028,26,ri_polygon
5279035029,39,ri_polygon
5279036000,17,emd_point
5279036021,33,ri_polygon
5279036022,46,ri_polygon
5279036023,49,ri_polygon
5279036024,47,ri_polygon
5279036025,9,ri_polygon
5279036026,24,ri_polygon
5279036027,9,ri_polygon
5279036028,14,ri_polygon
5279036029,39,ri_polygon
5279036030,10,ri_polygon
5279036031,10,ri_polygon
5279036032,4,ri_polygon
5279037000,73,emd_point
5279037021,69,ri_polygon
5279037022,121,ri_polygon
5279037023,71,ri_polygon
5279037024,93,ri_polygon
5279037025,68,ri_polygon
5279037026,60,ri_polygon
5279037027,41,ri_polygon
5279037028,38,ri_polygon
5279037029,54,ri_polygon
5279037030,38,ri_polygon
5279037031,45,ri_polygon
5279038000,52,emd_point
5279038021,48,ri_polygon
5279038022,40,ri_polygon
5279038023,17,ri_polygon
5279038024,38,ri_polygon
5279038025,36,ri_polygon
5279038026,36,ri_polygon
5279038027,22,ri_polygon
5279038028,39,ri_polygon
5279038029,38,ri_polygon
5279038030,30,ri_polygon
5279038031,22,ri_polygon
5279038032,25,ri_polygon
5279038033,21,ri_polygon
5279038034,47,ri_polygon
5279038035,141,ri_polygon
5279039000,24,emd_point
5279039021,59,ri_polygon
5279039022,6,ri_polygon
5279039023,5,ri_polygon
5279039024,4,ri_polygon
5279039025,7,ri_polygon
5279039026,94,ri_polygon
5279039027,87,ri_polygon
5279039028,7,ri_polygon
5279039029,92,ri_polygon
5279039030,195,ri_polygon
5279040000,25,emd_point
5279040021,39,ri_polygon
5279040022,23,ri_polygon
5279040023,25,ri_polygon
5279040024,34,ri_polygon
5279040025,8,ri_polygon
5279040026,14,ri_polygon
5279040027,26,ri_polygon
5279040028,22,ri_polygon
5279040029,17,ri_polygon
5279040030,32,ri_polygon
5279040031,12,ri_polygon
5279040032,15,ri_polygon
5279040033,10,ri_polygon
5279040034,33,ri_polygon
5279040035,24,ri_polygon
5279040036,33,ri_polygon
5279041000,20,emd_point
5279041021,29,ri_polygon
5279041022,32,ri_polygon
5279041023,17,ri_polygon
5279041024,23,ri_polygon
5279041025,27,ri_polygon
5279041026,21,ri_polygon
5279041027,27,ri_polygon
5279041028,32,ri_polygon
5279041029,34,ri_polygon
5279041030,27,ri_polygon
5279041031,38,ri_polygon
5279041032,121,ri_polygon
5279041033,39,ri_polygon
5279042000,44,emd_point
5279042021,27,ri_polygon
5279042022,38,ri_polygon
5279042023,46,ri_polygon
5279042024,135,ri_polygon
5279042025,153,ri_polygon
5279042026,126,ri_polygon
5279042027,120,ri_polygon
5279042028,92,ri_polygon
5279042029,32,ri_polygon
5279042030,31,ri_polygon
5279042031,16,ri_polygon
5279042032,30,ri_polygon
5279042033,77,ri_polygon
5279043000,9,emd_point
5279043021,9,ri_polygon
5279043022,23,ri_polygon
5279043023,16,ri_polygon
5279043024,153,ri_polygon
5279043025,11,ri_polygon
5279043026,9,ri_polygon
5279043027,10,ri_polygon
5279043028,63,ri_polygon
5279043029,6,ri_polygon
5279043030,31,ri_polygon
5279043031,68,ri_polygon
5279043032,23,ri_polygon
5279043033,43,ri_polygon
5279043034,40,ri_polygon
5280025000,10,emd_point
5280025021,15,ri_polygon
5280025022,10,ri_polygon
5280025023,8,ri_polygon
5280025024,16,ri_polygon
5280025025,7,ri_polygon
5280025026,5,ri_polygon
5280025027,5,ri_polygon
5280025028,25,ri_polygon
5280025029,6,ri_polygon
5280025030,11,ri_polygon
5280025031,8,ri_polygon
5280025032,19,ri_polygon
5280031000,26,emd_point
5280031021,11,ri_polygon
5280031022,17,ri_polygon
5280031023,11,ri_polygon
5280031024,11,ri_polygon
5280031025,13,ri_polygon
5280031026,28,ri_polygon
5280031027,16,ri_polygon
5280031028,7,ri_polygon
5280032000,12,emd_point
5280032021,4,ri_polygon
5280032022,10,ri_polygon
5280032023,6,ri_polygon
5280032024,9,ri_polygon
5280032025,4,ri_polygon
5280032026,5,ri_polygon
5280032027,4,ri_polygon
5280032028,5,ri_polygon
5280032029,7,ri_polygon
5280033000,10,emd_point
5280033021,9,ri_polygon
5280033022,4,ri_polygon
5280033023,19,ri_polygon
5280033024,5,ri_polygon
5280033025,5,ri_polygon
5280034000,9,emd_point
5280034021,1,ri_polygon
5280034022,3,ri_polygon
5280034023,2,ri_polygon
5280034024,1,ri_polygon
5280034025,4,ri_polygon
5280035000,14,emd_point
5280035021,20,ri_polygon
5280035022,23,ri_polygon
5280035023,65,ri_polygon
5280035024,47,ri_polygon
5280035025,0,ri_polygon
5280035026,16,ri_polygon
5280035027,9,ri_polygon
5280035028,17,ri_polygon
5280035029,20,ri_polygon
5280035030,7,ri_polygon
5280036000,12,emd_point
5280036021,216,ri_polygon
5280036022,4,ri_polygon
5280036023,77,ri_polygon
5280036024,60,ri_polygon
5280036025,58,ri_polygon
5280036026,38,ri_polygon
5280036027,131,ri_polygon
5280037000,0,emd_point
5280037021,12,ri_polygon
5280037022,32,ri_polygon
5280037023,196,ri_polygon
5280037024,5,ri_polygon
5280038000,14,emd_point
5280038021,6,ri_polygon
5280038022,8,ri_polygon
5280038023,6,ri_polygon
5280038024,6,ri_polygon
5280038025,8,ri_polygon
5280038026,5,ri_polygon
5280038027,11,ri_polygon
5280038028,10,ri_polygon
5280038029,4,ri_polygon
5280038030,5,ri_polygon
5280038031,4,ri_polygon
5280038032,6,ri_polygon
5280039000,9,emd_point
5280039021,144,ri_polygon
5280039022,19,ri_polygon
5280039023,5,ri_polygon
5280039024,9,ri_polygon
5280039025,7,ri_polygon
5280039026,136,ri_polygon
5280039027,93,ri_polygon
5280040000,4,emd_point
5280040021,23,ri_polygon
5280040022,5,ri_polygon
5280040023,135,ri_polygon
5280040024,34,ri_polygon
5280040025,43,ri_polygon
5280041000,5,emd_point
5280041021,7,ri_polygon
5280041022,15,ri_polygon
5280041023,25,ri_polygon
5280041024,16,ri_polygon
5280041025,17,ri_polygon
5280041026,24,ri_polygon
5280041027,20,ri_polygon
5280042000,129,emd_point
5280042021,0,ri_polygon
5280042022,12,ri_polygon
5280042023,25,ri_polygon
5280042024,129,ri_polygon
5280042025,43,ri_polygon
5280042026,0,ri_polygon
5280042027,102,ri_polygon
5280042028,57,ri_polygon
