region_code,year,month,avg_temp,precipitation
4420025000,2021,01,-2.6,17.5
4420025000,2021,02,2.4,6.5
4420025000,2021,03,7.9,77.0
4420025000,2021,04,13.4,52.5
4420025000,2021,05,16.8,132.5
4420025000,2021,06,23.0,52.5
4420025000,2021,07,27.8,115.5
4420025000,2021,08,25.7,203.0
4420025000,2021,09,22.3,258.5
4420025000,2021,10,15.2,46.5
4420025000,2021,11,7.5,100.5
4420025000,2021,12,0.6,15.0
4420025000,2022,01,-2.8,0.0
4420025000,2022,02,-1.5,5.0
4420025000,2022,03,6.8,50.5
4420025000,2022,04,13.5,52.5
4420025000,2022,05,18.2,6.0
4420025000,2022,06,23.6,213.5
4420025000,2022,07,27.3,134.5
4420025000,2022,08,26.0,7.5
4420025000,2022,09,22.0,140.5
4420025000,2022,10,13.9,122.5
4420025000,2022,11,9.0,74.0
4420025000,2022,12,-3.1,18.0
4420025000,2023,01,-1.8,21.0
4420025000,2023,02,1.0,0.5
4420025000,2023,03,8.5,8.5
4420025000,2023,04,13.4,24.0
4420025000,2023,05,19.1,44.0
4420025000,2023,06,23.7,15.0
4420025000,2023,07,26.8,41.5
4420025000,2023,08,27.6,81.5
4420025000,2023,09,23.5,198.0
4420025000,2023,10,15.2,17.5
4420025000,2023,11,7.5,64.0
4420025000,2023,12,1.6,104.0
4420025000,2024,01,-0.3,33.5
4420025000,2024,02,3.6,137.5
4420025000,2024,03,6.7,29.5
4420025000,2024,04,15.5,51.0
4420025000,2024,05,18.1,142.5
4420025000,2024,06,24.0,6.0
4420025000,2024,07,27.4,596.0
4420025000,2024,08,29.5,91.0
4420025000,2024,09,26.0,262.5
4420025000,2024,10,16.3,110.5
4420025000,2024,11,9.2,55.0
4420025000,2024,12,0.8,13.0
4420025000,2025,01,-1.1,20.5
4420025000,2025,02,-1.7,13.5
4420025000,2025,03,7.3,35.0
4420025000,2025,04,13.1,69.0
4420025000,2025,05,17.6,86.0
4420025000,2025,06,23.9,118.0
4420025000,2025,07,28.6,111.5
4420025000,2025,08,28.2,45.5
4420025000,2025,09,23.5,8.5
4420025000,2025,10,16.4,150.0
4420025000,2025,11,7.9,15.5
4420025000,2025,12,1.3,33.0
5119000000,2021,01,-7.8,10.0
5119000000,2021,02,-2.6,3.0
5119000000,2021,03,2.6,103.5
5119000000,2021,04,6.6,133.0
5119000000,2021,05,10.9,158.5
5119000000,2021,06,15.5,110.5
5119000000,2021,07,19.9,214.5
5119000000,2021,08,18.1,298.0
5119000000,2021,09,14.1,216.0
5119000000,2021,10,9.5,104.5
5119000000,2021,11,2.4,44.0
5119000000,2021,12,-4.5,3.0
5119000000,2022,01,-6.7,3.0
5119000000,2022,02,-7.7,1.0
5119000000,2022,03,1.4,97.5
5119000000,2022,04,7.8,48.5
5119000000,2022,05,12.3,11.5
5119000000,2022,06,16.0,191.5
5119000000,2022,07,19.7,185.0
5119000000,2022,08,18.9,319.0
5119000000,2022,09,14.7,186.5
5119000000,2022,10,8.0,109.0
5119000000,2022,11,4.9,75.0
5119000000,2022,12,-8.0,0.5
5119000000,2023,01,-6.7,18.0
5119000000,2023,02,-3.3,15.0
5119000000,2023,03,4.2,29.0
5119000000,2023,04,7.2,45.0
5119000000,2023,05,12.6,129.5
5119000000,2023,06,16.9,269.5
5119000000,2023,07,20.6,286.5
5119000000,2023,08,20.2,363.5
5119000000,2023,09,16.0,238.0
5119000000,2023,10,9.0,28.5
5119000000,2023,11,2.2,58.0
5119000000,2023,12,-4.3,130.0
5119000000,2024,01,-5.9,23.5
5119000000,2024,02,-3.1,37.0
5119000000,2024,03,-0.5,75.5
5119000000,2024,04,9.8,63.0
5119000000,2024,05,12.5,79.0
5119000000,2024,06,17.8,124.0
5119000000,2024,07,20.3,352.5
5119000000,2024,08,21.3,158.5
5119000000,2024,09,17.7,321.0
5119000000,2024,10,10.1,182.5
5119000000,2024,11,3.7,24.5
5119000000,2024,12,-5.4,2.0
5119000000,2025,01,-6.9,0.0
5119000000,2025,02,-7.9,10.0
5119000000,2025,03,0.7,29.5
5119000000,2025,04,7.6,49.5
5119000000,2025,05,11.1,110.0
5119000000,2025,06,18.2,110.5
5119000000,2025,07,21.4,120.5
5119000000,2025,08,21.4,39.5
5119000000,2025,09,16.4,223.5
5119000000,2025,10,9.7,377.0
5119000000,2025,11,3.1,13.0
5119000000,2025,12,-3.9,12.5
4150010300,2021,01,-3.1,17.5
4150010300,2021,02,1.9,55.6
4150010300,2021,03,8.2,219.8
4150010300,2021,04,13.3,168.6
4150010300,2021,05,16.1,340.7
4150010300,2021,06,22.4,51.0
4150010300,2021,07,26.9,102.4
4150010300,2021,08,25.0,226.9
4150010300,2021,09,21.3,293.2
4150010300,2021,10,14.2,41.5
4150010300,2021,11,6.6,68.1
4150010300,2021,12,-0.6,6.0
4150010300,2022,01,-3.1,6.3
4150010300,2022,02,-1.8,4.0
4150010300,2022,03,6.9,88.0
4150010300,2022,04,13.6,41.5
4150010300,2022,05,18.1,5.5
4150010300,2022,06,22.7,268.5
4150010300,2022,07,26.4,222.0
4150010300,2022,08,25.0,548.0
4150010300,2022,09,20.8,167.0
4150010300,2022,10,12.8,91.2
4150010300,2022,11,8.0,40.8
4150010300,2022,12,-4.6,8.5
4150010300,2023,01,-2.9,41.5
4150010300,2023,02,1.3,0.6
4150010300,2023,03,8.9,5.0
4150010300,2023,04,12.9,57.4
4150010300,2023,05,18.4,142.5
4150010300,2023,06,22.6,157.4
4150010300,2023,07,25.4,478.2
4150010300,2023,08,26.1,220.0
4150010300,2023,09,22.0,161.5
4150010300,2023,10,13.2,48.5
4150010300,2023,11,5.9,98.5
4150010300,2023,12,-0.1,31.5
4150010300,2024,01,-1.2,23.0
4150010300,2024,02,3.0,83.0
4150010300,2024,03,6.1,34.5
4150010300,2024,04,15.4,65.0
4150010300,2024,05,17.7,105.5
4150010300,2024,06,23.2,172.4
4150010300,2024,07,25.5,572.1
4150010300,2024,08,27.8,190.3
4150010300,2024,09,24.0,346.2
4150010300,2024,10,14.6,187.1
4150010300,2024,11,8.1,76.0
4150010300,2024,12,-0.7,50.6
4150010300,2025,01,-2.1,54.1
4150010300,2025,02,-2.3,68.5
4150010300,2025,03,7.0,80.2
4150010300,2025,04,12.7,135.3
4150010300,2025,05,16.7,139.2
4150010300,2025,06,23.0,145.0
4150010300,2025,07,27.0,362.3
4150010300,2025,08,26.6,225.2
4150010300,2025,09,21.8,388.0
4150010300,2025,10,15.4,185.0
4150010300,2025,11,7.0,49.7
4150010300,2025,12,-0.2,91.7
4822034000,2021,01,1.8,21.4
4822034000,2021,02,5.3,59.9
4822034000,2021,03,10.1,205.5
4822034000,2021,04,14.0,171.5
4822034000,2021,05,17.5,229.5
4822034000,2021,06,22.1,183.0
4822034000,2021,07,26.6,453.0
4822034000,2021,08,26.5,496.7
4822034000,2021,09,22.8,165.5
4822034000,2021,10,17.0,17.0
4822034000,2021,11,9.5,58.5
4822034000,2021,12,3.7,8.3
4822034000,2022,01,1.2,0.3
4822034000,2022,02,1.9,0.0
4822034000,2022,03,9.2,131.1
4822034000,2022,04,14.0,153.2
4822034000,2022,05,18.3,2.5
4822034000,2022,06,22.2,157.4
4822034000,2022,07,26.5,178.2
4822034000,2022,08,26.5,199.5
4822034000,2022,09,22.4,182.0
4822034000,2022,10,16.1,11.7
4822034000,2022,11,11.3,43.3
4822034000,2022,12,1.5,17.3
4822034000,2023,01,1.5,76.6
4822034000,2023,02,4.6,38.1
4822034000,2023,03,10.5,71.0
4822034000,2023,04,13.9,118.0
4822034000,2023,05,17.6,293.0
4822034000,2023,06,22.4,295.8
4822034000,2023,07,25.7,580.5
4822034000,2023,08,27.6,334.7
4822034000,2023,09,24.1,350.5
4822034000,2023,10,16.0,63.5
4822034000,2023,11,9.8,101.5
4822034000,2023,12,4.7,127.5
4822034000,2024,01,2.9,39.0
4822034000,2024,02,6.1,203.5
4822034000,2024,03,8.4,175.5
4822034000,2024,04,14.9,200.5
4822034000,2024,05,18.2,162.7
4822034000,2024,06,22.2,228.5
4822034000,2024,07,26.3,417.5
4822034000,2024,08,28.8,69.0
4822034000,2024,09,26.4,362.7
4822034000,2024,10,18.6,214.8
4822034000,2024,11,11.4,111.6
4822034000,2024,12,3.4,1.5
4822034000,2025,01,1.3,9.0
4822034000,2025,02,1.2,91.5
4822034000,2025,03,8.4,106.0
4822034000,2025,04,13.2,149.0
4822034000,2025,05,17.2,212.0
4822034000,2025,06,22.6,204.6
4822034000,2025,07,27.9,170.5
4822034000,2025,08,28.1,281.0
4822034000,2025,09,25.4,76.0
4822034000,2025,10,19.4,144.0
4822034000,2025,11,10.6,135.5
4822034000,2025,12,5.0,183.5
4374525000,2021,01,NA,NA
4374525000,2021,02,NA,NA
4374525000,2021,03,NA,NA
4374525000,2021,04,NA,NA
4374525000,2021,05,NA,NA
4374525000,2021,06,NA,NA
4374525000,2021,07,NA,NA
4374525000,2021,08,NA,NA
4374525000,2021,09,NA,NA
4374525000,2021,10,NA,NA
4374525000,2021,11,NA,NA
4374525000,2021,12,NA,NA
4374525000,2022,01,NA,NA
4374525000,2022,02,NA,NA
4374525000,2022,03,NA,NA
4374525000,2022,04,NA,NA
4374525000,2022,05,NA,NA
4374525000,2022,06,NA,NA
4374525000,2022,07,NA,NA
4374525000,2022,08,NA,NA
4374525000,2022,09,NA,NA
4374525000,2022,10,NA,NA
4374525000,2022,11,NA,NA
4374525000,2022,12,NA,NA
4374525000,2023,01,NA,NA
4374525000,2023,02,NA,NA
4374525000,2023,03,NA,NA
4374525000,2023,04,NA,NA
4374525000,2023,05,NA,NA
4374525000,2023,06,NA,NA
4374525000,2023,07,NA,NA
4374525000,2023,08,NA,NA
4374525000,2023,09,NA,NA
4374525000,2023,10,NA,NA
4374525000,2023,11,NA,NA
4374525000,2023,12,NA,NA
4374525000,2024,01,NA,NA
4374525000,2024,02,NA,NA
4374525000,2024,03,NA,NA
4374525000,2024,04,NA,NA
4374525000,2024,05,NA,NA
4374525000,2024,06,NA,NA
4374525000,2024,07,NA,NA
4374525000,2024,08,NA,NA
4374525000,2024,09,NA,NA
4374525000,2024,10,NA,NA
4374525000,2024,11,NA,NA
4374525000,2024,12,NA,NA
4374525000,2025,01,NA,NA
4374525000,2025,02,NA,NA
4374525000,2025,03,NA,NA
4374525000,2025,04,NA,NA
4374525000,2025,05,NA,NA
4374525000,2025,06,NA,NA
4374525000,2025,07,NA,NA
4374525000,2025,08,NA,NA
4374525000,2025,09,NA,NA
4374525000,2025,10,NA,NA
4374525000,2025,11,NA,NA
4374525000,2025,12,NA,NA
4163031000,2021,01,-5.1,9.5
4163031000,2021,02,0.5,4.0
4163031000,2021,03,7.3,105.0
4163031000,2021,04,12.6,93.5
4163031000,2021,05,16.0,204.0
4163031000,2021,06,21.9,55.0
4163031000,2021,07,26.9,105.0
4163031000,2021,08,24.6,154.0
4163031000,2021,09,20.9,88.5
4163031000,2021,10,13.5,61.5
4163031000,2021,11,5.5,60.0
4163031000,2021,12,-1.9,5.5
4163031000,2022,01,-5.4,2.0
4163031000,2022,02,-4.0,6.5
4163031000,2022,03,5.7,80.0
4163031000,2022,04,13.1,10.0
4163031000,2022,05,17.2,2.0
4163031000,2022,06,22.0,500.5
4163031000,2022,07,26.2,307.5
4163031000,2022,08,24.8,458.5
4163031000,2022,09,20.0,187.5
4163031000,2022,10,11.9,122.5
4163031000,2022,11,7.1,77.0
4163031000,2022,12,-5.9,6.5
4163031000,2023,01,-4.6,0.0
4163031000,2023,02,-0.4,0.0
4163031000,2023,03,6.8,14.5
4163031000,2023,04,11.9,100.0
4163031000,2023,05,17.7,143.5
4163031000,2023,06,22.2,179.5
4163031000,2023,07,25.8,333.5
4163031000,2023,08,25.9,255.5
4163031000,2023,09,21.9,60.0
4163031000,2023,10,12.8,34.5
4163031000,2023,11,4.9,83.5
4163031000,2023,12,-1.1,77.5
4163031000,2024,01,-2.8,12.0
4163031000,2024,02,1.9,49.5
4163031000,2024,03,4.8,37.0
4163031000,2024,04,14.6,22.0
4163031000,2024,05,17.0,119.0
4163031000,2024,06,22.8,94.0
4163031000,2024,07,26.0,604.5
4163031000,2024,08,27.9,206.5
4163031000,2024,09,23.5,139.0
4163031000,2024,10,14.0,55.5
4163031000,2024,11,7.0,35.5
4163031000,2024,12,-2.8,6.0
4163031000,2025,01,-3.9,14.0
4163031000,2025,02,-1.1,3.5
4163031000,2025,03,5.3,36.5
4163031000,2025,04,11.5,108.5
4163031000,2025,05,16.4,92.0
4163031000,2025,06,22.6,208.5
4163031000,2025,07,27.2,222.0
4163031000,2025,08,26.7,293.0
4163031000,2025,09,21.7,247.5
4163031000,2025,10,14.7,210.5
4163031000,2025,11,5.9,16.0
4163031000,2025,12,-1.3,38.0
4374040000,2021,01,NA,15.0
4374040000,2021,02,NA,10.0
4374040000,2021,03,NA,92.5
4374040000,2021,04,NA,59.5
4374040000,2021,05,NA,143.5
4374040000,2021,06,NA,66.0
4374040000,2021,07,NA,222.5
4374040000,2021,08,NA,282.0
4374040000,2021,09,NA,158.5
4374040000,2021,10,NA,33.0
4374040000,2021,11,NA,32.0
4374040000,2021,12,NA,2.0
4374040000,2022,01,NA,0.5
4374040000,2022,02,NA,1.5
4374040000,2022,03,NA,61.5
4374040000,2022,04,NA,58.5
4374040000,2022,05,NA,3.0
4374040000,2022,06,NA,88.5
4374040000,2022,07,NA,164.0
4374040000,2022,08,NA,269.5
4374040000,2022,09,NA,68.0
4374040000,2022,10,NA,68.5
4374040000,2022,11,NA,43.0
4374040000,2022,12,NA,11.5
4374040000,2023,01,NA,22.5
4374040000,2023,02,NA,7.0
4374040000,2023,03,NA,28.5
4374040000,2023,04,NA,45.5
4374040000,2023,05,NA,185.0
4374040000,2023,06,NA,147.5
4374040000,2023,07,NA,476.5
4374040000,2023,08,NA,237.5
4374040000,2023,09,NA,167.0
4374040000,2023,10,NA,8.0
4374040000,2023,11,NA,48.0
4374040000,2023,12,NA,107.0
4374040000,2024,01,NA,39.0
4374040000,2024,02,NA,79.5
4374040000,2024,03,NA,61.0
4374040000,2024,04,NA,42.0
4374040000,2024,05,NA,79.0
4374040000,2024,06,NA,107.0
4374040000,2024,07,NA,468.0
4374040000,2024,08,NA,8.5
4374040000,2024,09,NA,207.0
4374040000,2024,10,NA,68.0
4374040000,2024,11,NA,27.5
4374040000,2024,12,NA,6.0
4374040000,2025,01,NA,10.5
4374040000,2025,02,NA,10.0
4374040000,2025,03,NA,41.0
4374040000,2025,04,NA,42.5
4374040000,2025,05,NA,117.5
4374040000,2025,06,NA,241.0
4374040000,2025,07,NA,252.0
4374040000,2025,08,NA,101.5
4374040000,2025,09,NA,221.0
4374040000,2025,10,NA,187.0
4374040000,2025,11,NA,22.0
4374040000,2025,12,NA,23.5
4725033000,2021,01,NA,NA
4725033000,2021,02,NA,NA
4725033000,2021,03,NA,NA
4725033000,2021,04,NA,NA
4725033000,2021,05,NA,NA
4725033000,2021,06,NA,NA
4725033000,2021,07,NA,NA
4725033000,2021,08,NA,NA
4725033000,2021,09,NA,NA
4725033000,2021,10,NA,NA
4725033000,2021,11,NA,NA
4725033000,2021,12,NA,NA
4725033000,2022,01,NA,NA
4725033000,2022,02,NA,NA
4725033000,2022,03,NA,NA
4725033000,2022,04,NA,NA
4725033000,2022,05,NA,NA
4725033000,2022,06,NA,NA
4725033000,2022,07,NA,NA
4725033000,2022,08,NA,NA
4725033000,2022,09,NA,NA
4725033000,2022,10,NA,NA
4725033000,2022,11,NA,NA
4725033000,2022,12,NA,NA
4725033000,2023,01,NA,NA
4725033000,2023,02,NA,NA
4725033000,2023,03,NA,NA
4725033000,2023,04,NA,NA
4725033000,2023,05,NA,NA
4725033000,2023,06,NA,NA
4725033000,2023,07,NA,NA
4725033000,2023,08,NA,NA
4725033000,2023,09,NA,NA
4725033000,2023,10,NA,NA
4725033000,2023,11,NA,NA
4725033000,2023,12,NA,NA
4725033000,2024,01,NA,NA
4725033000,2024,02,NA,NA
4725033000,2024,03,NA,NA
4725033000,2024,04,NA,NA
4725033000,2024,05,NA,NA
4725033000,2024,06,NA,NA
4725033000,2024,07,NA,NA
4725033000,2024,08,NA,NA
4725033000,2024,09,NA,NA
4725033000,2024,10,NA,NA
4725033000,2024,11,3.2,0.0
4725033000,2024,12,0.1,0.5
4725033000,2025,01,-1.5,9.0
4725033000,2025,02,-1.1,5.0
4725033000,2025,03,7.4,35.0
4725033000,2025,04,13.6,60.5
4725033000,2025,05,17.4,138.0
4725033000,2025,06,23.8,186.5
4725033000,2025,07,27.5,174.5
4725033000,2025,08,27.9,88.0
4725033000,2025,09,23.3,103.5
4725033000,2025,10,16.6,121.5
4725033000,2025,11,6.9,17.0
4725033000,2025,12,0.5,8.5
1217043000,2021,01,2.6,33.5
1217043000,2021,02,5.7,36.0
1217043000,2021,03,10.7,130.0
1217043000,2021,04,14.9,35.0
1217043000,2021,05,18.7,92.5
1217043000,2021,06,23.8,139.0
1217043000,2021,07,27.4,284.5
1217043000,2021,08,26.7,304.5
1217043000,2021,09,23.5,102.0
1217043000,2021,10,17.3,25.0
1217043000,2021,11,10.4,63.5
1217043000,2021,12,4.6,5.0
1217043000,2022,01,2.3,0.5
1217043000,2022,02,2.5,0.0
1217043000,2022,03,9.5,85.0
1217043000,2022,04,14.0,52.0
1217043000,2022,05,17.6,18.5
1217043000,2022,06,23.0,100.5
1217043000,2022,07,26.1,172.0
1217043000,2022,08,25.8,87.5
1217043000,2022,09,21.7,105.0
1217043000,2022,10,14.4,44.5
1217043000,2022,11,10.4,34.0
1217043000,2022,12,0.7,24.0
1217043000,2023,01,1.2,43.5
1217043000,2023,02,3.4,21.0
1217043000,2023,03,9.6,25.5
1217043000,2023,04,13.4,70.0
1217043000,2023,05,18.2,211.0
1217043000,2023,06,22.5,229.0
1217043000,2023,07,25.8,624.0
1217043000,2023,08,26.6,226.0
1217043000,2023,09,22.9,114.5
1217043000,2023,10,15.1,16.0
1217043000,2023,11,9.3,72.0
1217043000,2023,12,4.5,72.0
1217043000,2024,01,2.8,48.0
1217043000,2024,02,5.9,110.5
1217043000,2024,03,7.7,72.5
1217043000,2024,04,15.3,92.5
1217043000,2024,05,17.9,101.0
1217043000,2024,06,22.6,139.0
1217043000,2024,07,26.3,237.0
1217043000,2024,08,27.5,119.5
1217043000,2024,09,25.1,298.0
1217043000,2024,10,12.6,123.0
1217043000,2024,11,8.1,60.3
1217043000,2024,12,2.1,43.5
1217043000,2025,01,-0.1,167.8
1217043000,2025,02,-0.2,151.1
1217043000,2025,03,7.4,272.8
1217043000,2025,04,12.4,371.2
1217043000,2025,05,16.5,95.2
1217043000,2025,06,22.6,495.3
1217043000,2025,07,27.2,445.9
1217043000,2025,08,26.7,452.1
1217043000,2025,09,23.5,532.3
1217043000,2025,10,17.2,457.5
1217043000,2025,11,8.4,277.3
1217043000,2025,12,3.0,162.9
4423032000,2021,01,-2.1,24.5
4423032000,2021,02,2.3,9.5
4423032000,2021,03,8.2,108.0
4423032000,2021,04,13.3,41.5
4423032000,2021,05,16.9,145.5
4423032000,2021,06,22.8,79.5
4423032000,2021,07,26.8,227.5
4423032000,2021,08,25.3,121.0
4423032000,2021,09,21.9,205.5
4423032000,2021,10,14.6,37.5
4423032000,2021,11,7.4,54.5
4423032000,2021,12,0.8,5.5
4423032000,2022,01,-2.1,3.5
4423032000,2022,02,-1.3,2.5
4423032000,2022,03,6.8,85.0
4423032000,2022,04,13.0,68.0
4423032000,2022,05,17.9,6.5
4423032000,2022,06,23.5,140.0
4423032000,2022,07,26.5,133.0
4423032000,2022,08,25.5,462.5
4423032000,2022,09,21.3,103.5
4423032000,2022,10,13.4,104.5
4423032000,2022,11,8.6,53.0
4423032000,2022,12,-2.2,15.0
4423032000,2023,01,-1.3,26.5
4423032000,2023,02,1.2,5.5
4423032000,2023,03,8.1,20.5
4423032000,2023,04,13.1,54.0
4423032000,2023,05,18.8,258.5
4423032000,2023,06,23.5,119.0
4423032000,2023,07,26.2,769.0
4423032000,2023,08,27.1,292.5
4423032000,2023,09,22.9,229.5
4423032000,2023,10,14.1,14.5
4423032000,2023,11,7.2,56.5
4423032000,2023,12,2.0,114.5
4423032000,2024,01,0.3,40.5
4423032000,2024,02,4.0,114.0
4423032000,2024,03,6.4,56.0
4423032000,2024,04,15.3,48.0
4423032000,2024,05,18.2,160.5
4423032000,2024,06,23.6,74.0
4423032000,2024,07,26.7,674.5
4423032000,2024,08,28.5,39.5
4423032000,2024,09,25.4,306.0
4423032000,2024,10,15.7,93.5
4423032000,2024,11,9.0,39.0
4423032000,2024,12,0.8,14.5
4423032000,2025,01,-1.1,16.0
4423032000,2025,02,-1.4,10.0
4423032000,2025,03,6.9,42.5
4423032000,2025,04,12.6,82.0
4423032000,2025,05,17.4,84.5
4423032000,2025,06,23.6,294.0
4423032000,2025,07,27.7,332.0
4423032000,2025,08,27.4,126.0
4423032000,2025,09,23.2,463.0
4423032000,2025,10,16.9,181.0
4423032000,2025,11,7.6,17.0
4423032000,2025,12,1.6,35.0
5176036000,2021,01,-6.9,5.5
5176036000,2021,02,-1.2,2.0
5176036000,2021,03,4.1,81.0
5176036000,2021,04,8.8,94.0
5176036000,2021,05,13.0,172.0
5176036000,2021,06,18.5,97.0
5176036000,2021,07,23.1,109.0
5176036000,2021,08,21.1,164.0
5176036000,2021,09,17.2,141.5
5176036000,2021,10,10.6,52.0
5176036000,2021,11,3.3,29.0
5176036000,2021,12,-3.0,3.5
5176036000,2022,01,-6.4,0.5
5176036000,2022,02,-5.5,1.0
5176036000,2022,03,3.3,68.5
5176036000,2022,04,10.1,48.5
5176036000,2022,05,14.4,8.0
5176036000,2022,06,18.9,236.0
5176036000,2022,07,23.1,188.5
5176036000,2022,08,22.1,512.0
5176036000,2022,09,16.6,161.5
5176036000,2022,10,9.4,124.5
5176036000,2022,11,4.7,49.5
5176036000,2022,12,-7.2,0.5
5176036000,2023,01,-6.4,8.0
5176036000,2023,02,-2.2,6.0
5176036000,2023,03,4.8,12.5
5176036000,2023,04,9.3,56.5
5176036000,2023,05,14.6,108.0
5176036000,2023,06,19.5,233.5
5176036000,2023,07,23.2,270.0
5176036000,2023,08,23.1,235.5
5176036000,2023,09,18.7,162.0
5176036000,2023,10,9.5,32.5
5176036000,2023,11,3.4,50.0
5176036000,2023,12,-3.5,73.5
5176036000,2024,01,-5.2,23.5
5176036000,2024,02,-2.0,86.0
5176036000,2024,03,2.1,49.5
5176036000,2024,04,11.0,41.0
5176036000,2024,05,14.3,58.0
5176036000,2024,06,19.9,122.0
5176036000,2024,07,23.4,281.0
5176036000,2024,08,24.7,48.5
5176036000,2024,09,20.2,167.0
5176036000,2024,10,11.4,116.5
5176036000,2024,11,4.8,23.0
5176036000,2024,12,-3.5,1.0
5176036000,2025,01,-6.1,6.5
5176036000,2025,02,-5.9,8.0
5176036000,2025,03,2.4,62.5
5176036000,2025,04,9.7,58.0
5176036000,2025,05,13.2,95.0
5176036000,2025,06,20.4,99.5
5176036000,2025,07,24.3,163.5
5176036000,2025,08,24.3,91.5
5176036000,2025,09,18.6,313.5
5176036000,2025,10,12.3,192.0
5176036000,2025,11,3.9,11.0
5176036000,2025,12,-1.8,26.0
5117011200,2021,01,1.0,2.5
5117011200,2021,02,5.4,1.5
5117011200,2021,03,9.7,124.5
5117011200,2021,04,13.5,98.0
5117011200,2021,05,17.3,123.0
5117011200,2021,06,21.2,41.5
5117011200,2021,07,25.9,113.5
5117011200,2021,08,24.6,427.5
5117011200,2021,09,21.4,209.5
5117011200,2021,10,16.1,184.5
5117011200,2021,11,10.4,8.0
5117011200,2021,12,4.4,22.5
5117011200,2022,01,1.7,9.0
5117011200,2022,02,2.3,0.5
5117011200,2022,03,8.4,108.0
5117011200,2022,04,14.9,46.5
5117011200,2022,05,19.1,5.5
5117011200,2022,06,22.1,115.5
5117011200,2022,07,25.2,153.0
5117011200,2022,08,25.2,232.0
5117011200,2022,09,20.9,120.5
5117011200,2022,10,14.6,279.5
5117011200,2022,11,11.6,65.5
5117011200,2022,12,1.7,0.0
5117011200,2023,01,2.0,73.0
5117011200,2023,02,4.1,72.0
5117011200,2023,03,10.5,10.5
5117011200,2023,04,14.5,13.0
5117011200,2023,05,18.2,81.0
5117011200,2023,06,22.7,110.5
5117011200,2023,07,26.1,89.0
5117011200,2023,08,25.9,387.0
5117011200,2023,09,22.2,288.5
5117011200,2023,10,16.1,31.0
5117011200,2023,11,10.3,80.0
5117011200,2023,12,3.9,226.0
5117011200,2024,01,2.3,63.0
5117011200,2024,02,3.8,190.0
5117011200,2024,03,7.3,58.5
5117011200,2024,04,15.3,36.5
5117011200,2024,05,18.8,50.5
5117011200,2024,06,23.2,83.0
5117011200,2024,07,27.0,126.5
5117011200,2024,08,27.8,57.5
5117011200,2024,09,23.1,488.5
5117011200,2024,10,16.9,109.0
5117011200,2024,11,11.7,51.5
5117011200,2024,12,4.5,10.5
5117011200,2025,01,2.4,21.5
5117011200,2025,02,2.4,0.0
5117011200,2025,03,8.4,93.0
5117011200,2025,04,13.7,23.5
5117011200,2025,05,17.7,37.0
5117011200,2025,06,23.8,16.0
5117011200,2025,07,28.4,117.0
5117011200,2025,08,28.5,19.5
5117011200,2025,09,23.5,209.0
5117011200,2025,10,16.7,471.0
5117011200,2025,11,11.0,20.0
5117011200,2025,12,5.6,10.5
5121011000,2021,01,-1.2,12.5
5121011000,2021,02,3.2,2.0
5121011000,2021,03,7.8,115.5
5121011000,2021,04,12.2,106.5
5121011000,2021,05,16.2,169.5
5121011000,2021,06,19.9,54.0
5121011000,2021,07,25.0,152.0
5121011000,2021,08,23.8,300.5
5121011000,2021,09,20.4,177.0
5121011000,2021,10,15.0,214.0
5121011000,2021,11,9.4,14.0
5121011000,2021,12,2.4,53.0
5121011000,2022,01,-0.9,4.0
5121011000,2022,02,0.3,31.0
5121011000,2022,03,6.9,96.0
5121011000,2022,04,13.5,49.5
5121011000,2022,05,17.8,10.0
5121011000,2022,06,20.6,225.5
5121011000,2022,07,24.0,212.0
5121011000,2022,08,24.1,367.5
5121011000,2022,09,19.5,274.5
5121011000,2022,10,13.2,415.0
5121011000,2022,11,10.4,42.0
5121011000,2022,12,-0.3,0.0
5121011000,2023,01,-0.5,98.5
5121011000,2023,02,2.3,17.5
5121011000,2023,03,8.8,4.0
5121011000,2023,04,12.3,54.0
5121011000,2023,05,16.5,70.5
5121011000,2023,06,21.3,191.5
5121011000,2023,07,25.0,97.5
5121011000,2023,08,24.3,520.0
5121011000,2023,09,21.1,199.0
5121011000,2023,10,15.3,55.0
5121011000,2023,11,8.4,75.0
5121011000,2023,12,1.6,172.5
5121011000,2024,01,0.2,16.0
5121011000,2024,02,1.8,118.5
5121011000,2024,03,5.5,58.0
5121011000,2024,04,13.4,72.0
5121011000,2024,05,17.1,87.0
5121011000,2024,06,21.7,135.5
5121011000,2024,07,26.1,128.0
5121011000,2024,08,26.8,65.5
5121011000,2024,09,21.6,525.0
5121011000,2024,10,15.4,173.0
5121011000,2024,11,10.1,32.5
5121011000,2024,12,2.3,3.5
5121011000,2025,01,0.4,8.5
5121011000,2025,02,0.4,0.0
5121011000,2025,03,6.2,95.0
5121011000,2025,04,11.3,40.0
5121011000,2025,05,15.9,62.0
5121011000,2025,06,22.4,26.5
5121011000,2025,07,26.3,183.0
5121011000,2025,08,26.6,76.0
5121011000,2025,09,21.5,403.0
5121011000,2025,10,14.8,521.5
5121011000,2025,11,9.1,20.0
5121011000,2025,12,3.1,15.5
5175025000,2021,01,-3.5,10.0
5175025000,2021,02,1.8,3.5
5175025000,2021,03,8.3,95.0
5175025000,2021,04,12.7,88.0
5175025000,2021,05,15.9,135.0
5175025000,2021,06,21.6,139.5
5175025000,2021,07,26.0,127.0
5175025000,2021,08,23.9,183.0
5175025000,2021,09,20.4,130.0
5175025000,2021,10,14.1,41.5
5175025000,2021,11,6.5,37.0
5175025000,2021,12,-0.1,2.5
5175025000,2022,01,-3.0,0.5
5175025000,2022,02,-1.8,3.5
5175025000,2022,03,6.7,70.5
5175025000,2022,04,13.4,33.0
5175025000,2022,05,17.7,8.5
5175025000,2022,06,22.7,165.5
5175025000,2022,07,25.9,261.5
5175025000,2022,08,24.3,407.0
5175025000,2022,09,20.0,102.5
5175025000,2022,10,12.6,66.0
5175025000,2022,11,7.4,54.0
5175025000,2022,12,-4.6,10.0
5175025000,2023,01,-3.2,22.5
5175025000,2023,02,1.1,2.5
5175025000,2023,03,8.4,16.0
5175025000,2023,04,12.6,50.0
5175025000,2023,05,17.8,107.0
5175025000,2023,06,22.6,196.0
5175025000,2023,07,25.5,443.0
5175025000,2023,08,26.1,301.0
5175025000,2023,09,22.0,155.0
5175025000,2023,10,12.9,18.5
5175025000,2023,11,6.0,31.5
5175025000,2023,12,-0.1,88.0
5175025000,2024,01,-0.8,22.0
5175025000,2024,02,2.9,66.0
5175025000,2024,03,6.3,46.5
5175025000,2024,04,15.2,37.5
5175025000,2024,05,17.4,113.0
5175025000,2024,06,22.8,139.5
5175025000,2024,07,25.6,486.0
5175025000,2024,08,27.6,58.5
5175025000,2024,09,23.8,156.5
5175025000,2024,10,15.1,109.5
5175025000,2024,11,8.3,28.0
5175025000,2024,12,-0.2,2.0
5175025000,2025,01,-2.5,9.0
5175025000,2025,02,-2.4,6.0
5175025000,2025,03,6.6,40.5
5175025000,2025,04,12.9,65.5
5175025000,2025,05,16.4,95.0
5175025000,2025,06,22.8,147.0
5175025000,2025,07,26.8,141.5
5175025000,2025,08,26.8,62.5
5175025000,2025,09,22.0,40.5
5175025000,2025,10,15.7,0.0
5175025000,2025,11,6.6,0.0
5175025000,2025,12,0.3,0.0
5219025000,2021,01,-3.0,39.0
5219025000,2021,02,1.5,34.5
5219025000,2021,03,7.2,105.5
5219025000,2021,04,11.5,44.5
5219025000,2021,05,15.1,134.5
5219025000,2021,06,20.5,176.0
5219025000,2021,07,24.2,236.5
5219025000,2021,08,23.4,286.0
5219025000,2021,09,19.6,90.5
5219025000,2021,10,13.1,64.5
5219025000,2021,11,6.0,104.5
5219025000,2021,12,0.2,5.5
5219025000,2022,01,-2.7,2.5
5219025000,2022,02,-2.5,5.5
5219025000,2022,03,6.0,79.5
5219025000,2022,04,12.1,41.0
5219025000,2022,05,16.4,3.5
5219025000,2022,06,21.2,147.5
5219025000,2022,07,24.0,174.5
5219025000,2022,08,23.8,245.0
5219025000,2022,09,19.1,152.0
5219025000,2022,10,11.8,59.0
5219025000,2022,11,7.2,73.5
5219025000,2022,12,-3.1,25.5
5219025000,2023,01,-2.1,30.0
5219025000,2023,02,0.5,25.0
5219025000,2023,03,7.3,51.5
5219025000,2023,04,11.3,48.0
5219025000,2023,05,16.4,166.5
5219025000,2023,06,20.8,329.5
5219025000,2023,07,23.9,570.5
5219025000,2023,08,24.9,427.5
5219025000,2023,09,21.0,124.0
5219025000,2023,10,12.6,16.5
5219025000,2023,11,6.0,94.5
5219025000,2023,12,1.0,116.5
5219025000,2024,01,-0.4,56.5
5219025000,2024,02,2.4,115.5
5219025000,2024,03,4.9,64.0
5219025000,2024,04,13.6,70.0
5219025000,2024,05,16.4,97.0
5219025000,2024,06,20.9,196.0
5219025000,2024,07,25.0,293.0
5219025000,2024,08,26.0,70.0
5219025000,2024,09,23.2,191.0
5219025000,2024,10,14.2,105.5
5219025000,2024,11,7.5,89.0
5219025000,2024,12,0.1,13.5
5219025000,2025,01,-2.2,21.5
5219025000,2025,02,-3.0,31.5
5219025000,2025,03,5.6,32.5
5219025000,2025,04,11.7,57.5
5219025000,2025,05,15.1,129.5
5219025000,2025,06,21.5,265.0
5219025000,2025,07,25.2,272.5
5219025000,2025,08,25.0,333.5
5219025000,2025,09,21.4,242.0
5219025000,2025,10,15.3,105.5
5219025000,2025,11,6.4,35.0
5219025000,2025,12,0.9,28.0
1278031000,2021,01,1.7,39.0
1278031000,2021,02,5.4,41.0
1278031000,2021,03,10.2,165.5
1278031000,2021,04,13.9,48.0
1278031000,2021,05,18.0,123.0
1278031000,2021,06,23.0,117.5
1278031000,2021,07,26.6,480.5
1278031000,2021,08,26.3,282.5
1278031000,2021,09,23.0,108.0
1278031000,2021,10,17.2,28.0
1278031000,2021,11,9.9,58.0
1278031000,2021,12,4.0,4.0
1278031000,2022,01,2.0,2.5
1278031000,2022,02,2.3,1.0
1278031000,2022,03,9.2,147.5
1278031000,2022,04,14.3,93.5
1278031000,2022,05,18.3,1.0
1278031000,2022,06,23.3,92.0
1278031000,2022,07,27.1,218.5
1278031000,2022,08,26.8,155.0
1278031000,2022,09,22.6,187.0
1278031000,2022,10,15.5,25.0
1278031000,2022,11,11.3,44.0
1278031000,2022,12,2.0,20.5
1278031000,2023,01,1.8,73.5
1278031000,2023,02,4.0,38.0
1278031000,2023,03,9.9,37.5
1278031000,2023,04,13.4,92.5
1278031000,2023,05,18.2,323.5
1278031000,2023,06,22.9,163.5
1278031000,2023,07,26.0,570.5
1278031000,2023,08,27.4,365.0
1278031000,2023,09,24.0,110.5
1278031000,2023,10,16.1,6.5
1278031000,2023,11,9.9,79.0
1278031000,2023,12,4.8,59.5
1278031000,2024,01,3.1,48.5
1278031000,2024,02,6.1,157.0
1278031000,2024,03,7.9,72.5
1278031000,2024,04,15.3,144.0
1278031000,2024,05,18.3,166.5
1278031000,2024,06,22.9,219.0
1278031000,2024,07,26.9,265.0
1278031000,2024,08,28.6,77.5
1278031000,2024,09,26.0,418.0
1278031000,2024,10,18.0,36.0
1278031000,2024,11,12.2,109.5
1278031000,2024,12,4.2,3.5
1278031000,2025,01,2.7,8.5
1278031000,2025,02,1.7,48.5
1278031000,2025,03,8.5,40.0
1278031000,2025,04,13.6,67.0
1278031000,2025,05,17.5,222.0
1278031000,2025,06,23.3,187.5
1278031000,2025,07,28.0,232.0
1278031000,2025,08,27.6,300.0
1278031000,2025,09,25.1,163.5
1278031000,2025,10,18.5,150.5
1278031000,2025,11,10.0,23.0
1278031000,2025,12,4.5,18.5
4713000000,2021,01,0.4,13.0
4713000000,2021,02,5.1,13.5
4713000000,2021,03,9.5,94.0
4713000000,2021,04,13.3,49.0
4713000000,2021,05,17.5,102.5
4713000000,2021,06,22.1,38.5
4713000000,2021,07,26.2,145.5
4713000000,2021,08,24.9,349.0
4713000000,2021,09,21.5,153.5
4713000000,2021,10,16.0,85.0
4713000000,2021,11,9.3,41.0
4713000000,2021,12,3.1,1.5
4713000000,2022,01,1.1,0.5
4713000000,2022,02,1.5,0.5
4713000000,2022,03,8.9,36.0
4713000000,2022,04,14.6,37.5
4713000000,2022,05,19.6,1.5
4713000000,2022,06,23.2,109.5
4713000000,2022,07,26.4,96.5
4713000000,2022,08,26.4,138.0
4713000000,2022,09,21.0,260.0
4713000000,2022,10,14.8,26.5
4713000000,2022,11,10.9,29.5
4713000000,2022,12,0.7,3.5
4713000000,2023,01,1.3,14.5
4713000000,2023,02,4.1,11.5
4713000000,2023,03,10.9,53.5
4713000000,2023,04,14.1,28.5
4713000000,2023,05,18.3,143.5
4713000000,2023,06,23.1,117.5
4713000000,2023,07,26.3,227.5
4713000000,2023,08,26.8,247.5
4713000000,2023,09,23.0,128.5
4713000000,2023,10,15.4,4.5
4713000000,2023,11,9.5,18.0
4713000000,2023,12,3.6,144.0
4713000000,2024,01,2.4,32.5
4713000000,2024,02,5.1,97.0
4713000000,2024,03,7.9,74.5
4713000000,2024,04,15.1,64.5
4713000000,2024,05,18.4,59.5
4713000000,2024,06,23.7,81.5
4713000000,2024,07,27.7,414.5
4713000000,2024,08,28.4,134.0
4713000000,2024,09,24.5,144.5
4713000000,2024,10,17.0,88.0
4713000000,2024,11,10.6,49.5
4713000000,2024,12,3.5,0.0
4713000000,2025,01,1.3,12.0
4713000000,2025,02,1.3,10.0
4713000000,2025,03,8.8,60.5
4713000000,2025,04,14.2,30.0
4713000000,2025,05,17.5,76.5
4713000000,2025,06,24.4,138.5
4713000000,2025,07,27.4,283.5
4713000000,2025,08,28.2,134.0
4713000000,2025,09,23.7,77.5
4713000000,2025,10,17.0,110.5
4713000000,2025,11,9.6,10.0
4713000000,2025,12,3.8,16.0
4782000000,2021,01,-0.6,15.5
4782000000,2021,02,3.5,21.0
4782000000,2021,03,9.2,108.5
4782000000,2021,04,13.1,46.5
4782000000,2021,05,17.0,114.0
4782000000,2021,06,22.3,43.5
4782000000,2021,07,26.0,185.0
4782000000,2021,08,25.1,278.0
4782000000,2021,09,21.3,74.5
4782000000,2021,10,14.9,39.5
4782000000,2021,11,7.3,45.5
4782000000,2021,12,1.4,3.5
4782000000,2022,01,-0.7,0.0
4782000000,2022,02,0.4,0.0
4782000000,2022,03,8.4,42.5
4782000000,2022,04,14.1,41.0
4782000000,2022,05,18.8,2.0
4782000000,2022,06,23.0,135.5
4782000000,2022,07,26.7,142.0
4782000000,2022,08,25.9,156.0
4782000000,2022,09,20.8,153.0
4782000000,2022,10,13.9,21.5
4782000000,2022,11,9.2,63.5
4782000000,2022,12,-1.0,5.5
4782000000,2023,01,-0.6,26.5
4782000000,2023,02,2.8,23.5
4782000000,2023,03,9.8,37.5
4782000000,2023,04,13.5,52.5
4782000000,2023,05,18.0,228.0
4782000000,2023,06,23.0,261.5
4782000000,2023,07,26.2,345.5
4782000000,2023,08,27.2,385.5
4782000000,2023,09,23.0,175.5
4782000000,2023,10,14.2,7.0
4782000000,2023,11,7.7,41.5
4782000000,2023,12,2.5,120.0
4782000000,2024,01,1.1,20.0
4782000000,2024,02,4.7,73.0
4782000000,2024,03,7.4,82.5
4782000000,2024,04,15.1,64.5
4782000000,2024,05,18.2,76.5
4782000000,2024,06,23.3,136.5
4782000000,2024,07,27.3,372.0
4782000000,2024,08,28.4,64.5
4782000000,2024,09,25.1,153.5
4782000000,2024,10,16.4,127.5
4782000000,2024,11,9.5,60.0
4782000000,2024,12,1.5,0.5
4782000000,2025,01,-0.6,6.0
4782000000,2025,02,-0.1,15.0
4782000000,2025,03,8.4,31.0
4782000000,2025,04,13.8,51.0
4782000000,2025,05,17.1,105.5
4782000000,2025,06,23.6,204.5
4782000000,2025,07,27.3,498.5
4782000000,2025,08,27.6,288.5
4782000000,2025,09,23.8,99.5
4782000000,2025,10,17.1,93.0
4782000000,2025,11,7.8,18.5
4782000000,2025,12,2.1,15.0
4775032000,2021,01,-3.4,13.0
4775032000,2021,02,1.2,15.0
4775032000,2021,03,6.3,101.0
4775032000,2021,04,10.5,56.5
4775032000,2021,05,14.4,133.0
4775032000,2021,06,19.5,59.0
4775032000,2021,07,23.8,216.5
4775032000,2021,08,22.9,277.5
4775032000,2021,09,19.1,195.0
4775032000,2021,10,12.5,65.0
4775032000,2021,11,5.3,50.0
4775032000,2021,12,-0.6,0.0
4775032000,2022,01,-3.6,0.5
4775032000,2022,02,-2.4,0.0
4775032000,2022,03,5.5,55.0
4775032000,2022,04,11.4,33.0
4775032000,2022,05,15.8,2.5
4775032000,2022,06,20.7,130.0
4775032000,2022,07,24.2,116.5
4775032000,2022,08,23.4,154.5
4775032000,2022,09,18.5,96.0
4775032000,2022,10,11.1,35.0
4775032000,2022,11,6.4,59.0
4775032000,2022,12,-3.8,6.5
4775032000,2023,01,-3.5,17.5
4775032000,2023,02,0.0,10.0
4775032000,2023,03,6.9,39.0
4775032000,2023,04,10.9,47.0
4775032000,2023,05,15.5,147.5
4775032000,2023,06,20.5,159.0
4775032000,2023,07,24.2,309.5
4775032000,2023,08,24.8,411.0
4775032000,2023,09,20.6,214.5
4775032000,2023,10,11.4,5.0
4775032000,2023,11,5.0,29.0
4775032000,2023,12,-0.1,112.5
4775032000,2024,01,-1.5,35.0
4775032000,2024,02,1.8,107.5
4775032000,2024,03,4.8,75.5
4775032000,2024,04,12.7,49.5
4775032000,2024,05,15.4,110.5
4775032000,2024,06,20.6,113.5
4775032000,2024,07,25.0,255.0
4775032000,2024,08,25.8,40.5
4775032000,2024,09,22.3,335.0
4775032000,2024,10,14.0,78.5
4775032000,2024,11,7.1,39.0
4775032000,2024,12,-0.8,2.0
4775032000,2025,01,-3.2,13.5
4775032000,2025,02,-2.6,7.0
4775032000,2025,03,5.6,66.5
4775032000,2025,04,11.1,44.5
4775032000,2025,05,14.9,90.5
4775032000,2025,06,21.6,212.0
4775032000,2025,07,25.0,243.0
4775032000,2025,08,25.5,84.0
4775032000,2025,09,21.1,147.5
4775032000,2025,10,14.5,167.0
4775032000,2025,11,5.1,15.0
4775032000,2025,12,-0.5,11.0
5011000000,2021,01,5.8,67.0
5011000000,2021,02,8.1,62.5
5011000000,2021,03,11.2,119.0
5011000000,2021,04,14.5,41.5
5011000000,2021,05,18.2,133.0
5011000000,2021,06,22.7,128.5
5011000000,2021,07,27.1,193.0
5011000000,2021,08,26.5,188.5
5011000000,2021,09,23.8,376.0
5011000000,2021,10,18.7,44.0
5011000000,2021,11,12.4,78.5
5011000000,2021,12,7.7,26.5
5011000000,2022,01,5.0,26.5
5011000000,2022,02,4.4,18.0
5011000000,2022,03,10.3,122.0
5011000000,2022,04,14.7,65.5
5011000000,2022,05,18.6,9.0
5011000000,2022,06,23.1,128.0
5011000000,2022,07,27.5,103.0
5011000000,2022,08,28.1,105.5
5011000000,2022,09,23.2,162.0
5011000000,2022,10,17.4,18.5
5011000000,2022,11,13.9,89.5
5011000000,2022,12,5.9,24.0
5011000000,2023,01,5.7,55.0
5011000000,2023,02,6.7,74.0
5011000000,2023,03,11.2,54.0
5011000000,2023,04,14.7,84.0
5011000000,2023,05,18.6,323.0
5011000000,2023,06,22.4,262.0
5011000000,2023,07,27.2,256.5
5011000000,2023,08,27.9,160.0
5011000000,2023,09,25.0,56.0
5011000000,2023,10,18.3,8.5
5011000000,2023,11,12.9,71.5
5011000000,2023,12,8.7,48.5
5011000000,2024,01,7.4,41.5
5011000000,2024,02,9.0,128.0
5011000000,2024,03,10.1,91.0
5011000000,2024,04,15.8,61.5
5011000000,2024,05,18.4,72.5
5011000000,2024,06,22.4,252.5
5011000000,2024,07,28.3,111.5
5011000000,2024,08,29.2,67.0
5011000000,2024,09,27.0,76.0
5011000000,2024,10,20.2,92.5
5011000000,2024,11,14.3,214.0
5011000000,2024,12,7.8,5.5
5011000000,2025,01,5.5,26.0
5011000000,2025,02,4.2,44.0
5011000000,2025,03,10.6,72.5
5011000000,2025,04,14.2,32.0
5011000000,2025,05,17.4,92.5
5011000000,2025,06,23.0,116.0
5011000000,2025,07,27.8,84.5
5011000000,2025,08,28.4,116.5
5011000000,2025,09,26.2,320.5
5011000000,2025,10,20.9,69.5
5011000000,2025,11,13.3,28.0
5011000000,2025,12,8.6,17.5
4155031000,2021,01,-2.7,18.0
4155031000,2021,02,1.8,10.5
4155031000,2021,03,7.9,85.5
4155031000,2021,04,13.4,73.0
4155031000,2021,05,15.9,181.0
4155031000,2021,06,22.1,67.0
4155031000,2021,07,26.8,122.5
4155031000,2021,08,24.8,133.5
4155031000,2021,09,21.6,252.0
4155031000,2021,10,14.7,47.5
4155031000,2021,11,7.2,107.0
4155031000,2021,12,0.3,14.5
4155031000,2022,01,-2.7,0.5
4155031000,2022,02,-1.7,3.5
4155031000,2022,03,6.7,49.0
4155031000,2022,04,13.1,42.0
4155031000,2022,05,17.8,6.0
4155031000,2022,06,22.9,169.0
4155031000,2022,07,26.3,177.0
4155031000,2022,08,25.0,442.5
4155031000,2022,09,21.1,123.5
4155031000,2022,10,13.4,97.5
4155031000,2022,11,8.8,68.5
4155031000,2022,12,-3.7,21.0
4155031000,2023,01,-2.2,32.0
4155031000,2023,02,1.3,1.0
4155031000,2023,03,8.6,7.0
4155031000,2023,04,13.1,32.0
4155031000,2023,05,18.6,103.5
4155031000,2023,06,23.0,120.5
4155031000,2023,07,26.0,516.0
4155031000,2023,08,26.6,213.0
4155031000,2023,09,22.7,169.0
4155031000,2023,10,14.3,32.0
4155031000,2023,11,6.6,68.0
4155031000,2023,12,0.9,86.5
4155031000,2024,01,-0.8,25.5
4155031000,2024,02,3.3,99.0
4155031000,2024,03,6.6,34.5
4155031000,2024,04,15.4,59.0
4155031000,2024,05,17.8,116.0
4155031000,2024,06,23.5,138.0
4155031000,2024,07,26.6,410.5
4155031000,2024,08,28.6,101.0
4155031000,2024,09,25.0,231.5
4155031000,2024,10,15.6,101.0
4155031000,2024,11,8.9,43.5
4155031000,2024,12,0.1,44.5
4155031000,2025,01,-1.1,13.5
4155031000,2025,02,-1.8,20.0
4155031000,2025,03,7.3,41.0
4155031000,2025,04,12.9,71.5
4155031000,2025,05,17.3,44.0
4155031000,2025,06,23.4,148.5
4155031000,2025,07,27.7,251.5
4155031000,2025,08,27.3,133.0
4155031000,2025,09,23.6,14.5
4155031000,2025,10,17.5,0.0
4155031000,2025,11,9.1,0.0
4155031000,2025,12,2.0,0.0
5176000000,2021,01,-6.6,11.0
5176000000,2021,02,-0.9,5.0
5176000000,2021,03,4.9,96.0
5176000000,2021,04,9.8,109.5
5176000000,2021,05,13.5,153.0
5176000000,2021,06,19.0,80.0
5176000000,2021,07,24.0,313.0
5176000000,2021,08,21.9,166.5
5176000000,2021,09,18.3,192.5
5176000000,2021,10,11.4,44.0
5176000000,2021,11,3.9,59.5
5176000000,2021,12,-2.9,7.0
5176000000,2022,01,-6.2,2.5
5176000000,2022,02,-5.2,8.0
5176000000,2022,03,3.8,83.0
5176000000,2022,04,10.7,46.0
5176000000,2022,05,15.0,10.0
5176000000,2022,06,19.9,349.0
5176000000,2022,07,23.8,263.5
5176000000,2022,08,21.7,680.0
5176000000,2022,09,16.5,129.0
5176000000,2022,10,9.2,121.0
5176000000,2022,11,5.0,70.0
5176000000,2022,12,-7.8,5.0
5176000000,2023,01,-6.6,47.0
5176000000,2023,02,-2.2,4.0
5176000000,2023,03,5.3,19.5
5176000000,2023,04,9.2,78.5
5176000000,2023,05,14.3,140.0
5176000000,2023,06,19.0,230.5
5176000000,2023,07,22.7,495.0
5176000000,2023,08,22.9,320.5
5176000000,2023,09,18.6,191.5
5176000000,2023,10,9.4,28.5
5176000000,2023,11,2.8,69.0
5176000000,2023,12,-3.7,113.5
5176000000,2024,01,-4.9,36.5
5176000000,2024,02,-1.1,86.0
5176000000,2024,03,2.2,57.5
5176000000,2024,04,11.9,41.5
5176000000,2024,05,13.8,124.0
5176000000,2024,06,19.4,184.5
5176000000,2024,07,22.8,441.5
5176000000,2024,08,24.2,47.0
5176000000,2024,09,19.9,198.5
5176000000,2024,10,11.3,131.5
5176000000,2024,11,5.1,38.5
5176000000,2024,12,-4.3,33.5
5176000000,2025,01,-6.1,4.0
5176000000,2025,02,-6.8,13.5
5176000000,2025,03,2.9,55.0
5176000000,2025,04,9.7,86.0
5176000000,2025,05,13.3,110.5
5176000000,2025,06,19.9,164.0
5176000000,2025,07,23.6,231.0
5176000000,2025,08,23.6,114.0
5176000000,2025,09,18.6,302.5
5176000000,2025,10,12.4,195.5
5176000000,2025,11,3.7,17.0
5176000000,2025,12,-2.8,40.0
4150000000,2021,01,-3.8,8.0
4150000000,2021,02,1.6,7.5
4150000000,2021,03,7.8,82.0
4150000000,2021,04,13.0,72.5
4150000000,2021,05,16.2,152.0
4150000000,2021,06,22.3,51.0
4150000000,2021,07,26.7,105.0
4150000000,2021,08,24.6,114.5
4150000000,2021,09,20.9,248.0
4150000000,2021,10,13.8,36.0
4150000000,2021,11,6.3,60.0
4150000000,2021,12,-0.7,10.5
4150000000,2022,01,-3.6,1.5
4150000000,2022,02,-2.2,6.5
4150000000,2022,03,6.4,80.0
4150000000,2022,04,13.2,55.0
4150000000,2022,05,18.0,7.0
4150000000,2022,06,22.8,217.5
4150000000,2022,07,26.3,205.0
4150000000,2022,08,25.2,481.0
4150000000,2022,09,20.3,196.0
4150000000,2022,10,12.5,89.0
4150000000,2022,11,7.5,61.0
4150000000,2022,12,-4.9,15.5
4150000000,2023,01,-3.2,35.5
4150000000,2023,02,0.8,0.5
4150000000,2023,03,8.4,9.5
4150000000,2023,04,12.9,40.5
4150000000,2023,05,18.4,129.0
4150000000,2023,06,23.1,114.5
4150000000,2023,07,26.0,501.0
4150000000,2023,08,26.5,279.0
4150000000,2023,09,22.1,192.0
4150000000,2023,10,12.9,44.5
4150000000,2023,11,6.1,51.5
4150000000,2023,12,0.0,89.0
4150000000,2024,01,-1.4,24.0
4150000000,2024,02,2.9,73.5
4150000000,2024,03,6.0,37.5
4150000000,2024,04,15.4,51.5
4150000000,2024,05,17.8,102.5
4150000000,2024,06,23.3,137.5
4150000000,2024,07,26.5,350.0
4150000000,2024,08,28.1,127.0
4150000000,2024,09,24.3,215.5
4150000000,2024,10,14.7,123.5
4150000000,2024,11,7.9,48.5
4150000000,2024,12,-0.9,8.0
4150000000,2025,01,-2.5,15.5
4150000000,2025,02,-2.8,10.0
4150000000,2025,03,7.0,47.5
4150000000,2025,04,13.0,60.0
4150000000,2025,05,17.0,66.0
4150000000,2025,06,23.4,134.0
4150000000,2025,07,27.4,256.0
4150000000,2025,08,27.1,124.5
4150000000,2025,09,22.3,239.5
4150000000,2025,10,15.6,166.0
4150000000,2025,11,6.8,12.0
4150000000,2025,12,-0.2,25.5
4831034000,2021,01,2.8,20.5
4831034000,2021,02,6.4,66.0
4831034000,2021,03,10.9,154.6
4831034000,2021,04,14.5,88.6
4831034000,2021,05,17.9,158.5
4831034000,2021,06,22.2,217.8
4831034000,2021,07,27.0,427.0
4831034000,2021,08,26.9,418.0
4831034000,2021,09,23.3,187.0
4831034000,2021,10,18.3,8.7
4831034000,2021,11,10.4,95.9
4831034000,2021,12,5.0,5.9
4831034000,2022,01,2.6,0.5
4831034000,2022,02,3.4,7.5
4831034000,2022,03,9.6,102.9
4831034000,2022,04,14.2,155.0
4831034000,2022,05,18.3,1.8
4831034000,2022,06,22.3,127.3
4831034000,2022,07,26.8,133.0
4831034000,2022,08,26.8,198.8
4831034000,2022,09,23.3,236.4
4831034000,2022,10,17.3,16.6
4831034000,2022,11,12.6,59.5
4831034000,2022,12,2.8,76.0
4831034000,2023,01,2.7,145.0
4831034000,2023,02,5.8,49.0
4831034000,2023,03,11.1,124.0
4831034000,2023,04,14.6,154.0
4831034000,2023,05,18.0,296.5
4831034000,2023,06,22.5,207.1
4831034000,2023,07,25.9,615.2
4831034000,2023,08,28.1,453.4
4831034000,2023,09,24.7,413.0
4831034000,2023,10,16.8,3.0
4831034000,2023,11,10.7,46.1
4831034000,2023,12,5.7,64.2
4831034000,2024,01,4.1,31.0
4831034000,2024,02,7.1,133.2
4831034000,2024,03,9.1,99.5
4831034000,2024,04,15.2,154.5
4831034000,2024,05,18.4,123.0
4831034000,2024,06,22.3,246.5
4831034000,2024,07,26.3,377.0
4831034000,2024,08,29.3,82.9
4831034000,2024,09,27.0,343.4
4831034000,2024,10,19.9,200.2
4831034000,2024,11,13.2,126.0
4831034000,2024,12,4.7,0.0
4831034000,2025,01,2.3,5.0
4831034000,2025,02,2.2,45.3
4831034000,2025,03,8.8,71.5
4831034000,2025,04,13.6,54.0
4831034000,2025,05,17.2,140.5
4831034000,2025,06,22.3,308.5
4831034000,2025,07,27.9,87.2
4831034000,2025,08,27.9,284.0
4831034000,2025,09,25.7,75.8
4831034000,2025,10,19.9,128.9
4831034000,2025,11,11.3,84.5
4831034000,2025,12,5.8,12.1
4375025000,2021,01,-3.7,12.0
4375025000,2021,02,1.5,8.0
4375025000,2021,03,7.6,84.0
4375025000,2021,04,12.7,56.5
4375025000,2021,05,16.2,137.0
4375025000,2021,06,22.1,75.0
4375025000,2021,07,26.4,58.5
4375025000,2021,08,24.2,61.5
4375025000,2021,09,20.5,228.5
4375025000,2021,10,14.1,51.5
4375025000,2021,11,6.4,59.0
4375025000,2021,12,-0.5,5.5
4375025000,2022,01,-3.6,1.5
4375025000,2022,02,-2.3,8.0
4375025000,2022,03,6.4,70.0
4375025000,2022,04,12.9,65.5
4375025000,2022,05,17.9,8.5
4375025000,2022,06,22.7,137.0
4375025000,2022,07,26.1,121.0
4375025000,2022,08,24.8,396.0
4375025000,2022,09,20.2,172.0
4375025000,2022,10,12.6,102.5
4375025000,2022,11,7.6,65.0
4375025000,2022,12,-4.2,17.0
4375025000,2023,01,-2.9,33.5
4375025000,2023,02,0.6,2.5
4375025000,2023,03,8.3,14.5
4375025000,2023,04,12.7,30.5
4375025000,2023,05,18.3,140.5
4375025000,2023,06,23.0,153.0
4375025000,2023,07,25.6,508.0
4375025000,2023,08,26.1,371.0
4375025000,2023,09,22.0,208.5
4375025000,2023,10,13.2,13.0
4375025000,2023,11,6.2,55.0
4375025000,2023,12,0.3,106.5
4375025000,2024,01,-1.0,30.5
4375025000,2024,02,2.9,92.0
4375025000,2024,03,6.0,42.5
4375025000,2024,04,15.1,58.0
4375025000,2024,05,17.8,115.5
4375025000,2024,06,23.1,117.0
4375025000,2024,07,26.3,494.5
4375025000,2024,08,27.8,103.0
4375025000,2024,09,24.2,326.0
4375025000,2024,10,14.7,116.0
4375025000,2024,11,8.1,55.0
4375025000,2024,12,-0.4,8.0
4375025000,2025,01,-2.0,13.0
4375025000,2025,02,-2.6,6.5
4375025000,2025,03,6.9,46.5
4375025000,2025,04,12.8,57.5
4375025000,2025,05,16.9,84.5
4375025000,2025,06,23.1,174.5
4375025000,2025,07,26.6,276.0
4375025000,2025,08,26.4,220.0
4375025000,2025,09,21.8,212.0
4375025000,2025,10,15.3,194.5
4375025000,2025,11,6.8,26.0
4375025000,2025,12,0.2,34.0
4183025000,2021,01,-3.8,21.0
4183025000,2021,02,1.9,6.0
4183025000,2021,03,8.2,103.0
4183025000,2021,04,13.2,97.0
4183025000,2021,05,15.7,155.5
4183025000,2021,06,21.7,77.0
4183025000,2021,07,26.3,154.5
4183025000,2021,08,24.3,151.5
4183025000,2021,09,20.9,135.5
4183025000,2021,10,14.1,40.0
4183025000,2021,11,6.8,52.5
4183025000,2021,12,-0.7,5.5
4183025000,2022,01,-3.2,3.0
4183025000,2022,02,-2.0,6.0
4183025000,2022,03,6.7,93.5
4183025000,2022,04,13.5,49.0
4183025000,2022,05,17.6,10.0
4183025000,2022,06,22.0,417.5
4183025000,2022,07,25.8,248.5
4183025000,2022,08,24.4,976.0
4183025000,2022,09,20.5,199.0
4183025000,2022,10,12.9,118.5
4183025000,2022,11,8.4,48.5
4183025000,2022,12,-4.6,9.0
4183025000,2023,01,-3.1,49.0
4183025000,2023,02,1.3,0.5
4183025000,2023,03,9.2,9.0
4183025000,2023,04,12.8,67.5
4183025000,2023,05,18.2,151.0
4183025000,2023,06,22.4,157.5
4183025000,2023,07,25.4,521.5
4183025000,2023,08,26.1,150.5
4183025000,2023,09,21.9,127.5
4183025000,2023,10,13.2,46.5
4183025000,2023,11,5.6,88.0
4183025000,2023,12,-0.3,98.0
4183025000,2024,01,-1.9,19.5
4183025000,2024,02,3.0,76.5
4183025000,2024,03,6.3,38.0
4183025000,2024,04,15.9,48.0
4183025000,2024,05,17.9,110.5
4183025000,2024,06,23.4,118.5
4183025000,2024,07,26.1,477.0
4183025000,2024,08,28.3,105.0
4183025000,2024,09,24.5,226.0
4183025000,2024,10,15.4,106.0
4183025000,2024,11,8.8,61.0
4183025000,2024,12,-0.7,6.5
4183025000,2025,01,-2.0,22.5
4183025000,2025,02,-2.3,6.5
4183025000,2025,03,7.4,43.0
4183025000,2025,04,13.2,82.0
4183025000,2025,05,17.0,84.5
4183025000,2025,06,23.3,102.0
4183025000,2025,07,27.3,271.0
4183025000,2025,08,27.1,286.0
4183025000,2025,09,22.3,380.0
4183025000,2025,10,16.0,155.5
4183025000,2025,11,7.8,21.0
4183025000,2025,12,0.1,51.0
4373025000,2021,01,-2.6,20.5
4373025000,2021,02,2.6,14.5
4373025000,2021,03,8.3,100.5
4373025000,2021,04,13.4,50.5
4373025000,2021,05,16.3,156.0
4373025000,2021,06,22.4,80.0
4373025000,2021,07,26.6,216.0
4373025000,2021,08,24.6,251.5
4373025000,2021,09,21.2,199.0
4373025000,2021,10,14.2,44.0
4373025000,2021,11,7.1,49.0
4373025000,2021,12,0.6,6.0
4373025000,2022,01,-2.3,2.0
4373025000,2022,02,-1.1,2.5
4373025000,2022,03,7.1,95.0
4373025000,2022,04,13.7,81.5
4373025000,2022,05,18.2,7.5
4373025000,2022,06,23.5,109.0
4373025000,2022,07,26.6,165.5
4373025000,2022,08,25.4,383.0
4373025000,2022,09,20.9,71.0
4373025000,2022,10,13.2,95.5
4373025000,2022,11,8.0,43.5
4373025000,2022,12,-3.2,17.5
4373025000,2023,01,-2.1,24.5
4373025000,2023,02,1.4,10.0
4373025000,2023,03,9.0,30.0
4373025000,2023,04,13.2,50.0
4373025000,2023,05,18.2,175.5
4373025000,2023,06,23.3,167.0
4373025000,2023,07,25.7,589.5
4373025000,2023,08,27.1,235.5
4373025000,2023,09,22.5,260.5
4373025000,2023,10,13.9,15.0
4373025000,2023,11,6.9,58.5
4373025000,2023,12,1.5,121.5
4373025000,2024,01,-0.2,51.0
4373025000,2024,02,3.5,98.0
4373025000,2024,03,6.7,66.0
4373025000,2024,04,15.4,47.5
4373025000,2024,05,17.8,102.5
4373025000,2024,06,23.4,10.0
4373025000,2024,07,26.7,699.5
4373025000,2024,08,28.5,87.5
4373025000,2024,09,25.3,315.0
4373025000,2024,10,15.4,95.5
4373025000,2024,11,8.9,27.5
4373025000,2024,12,0.8,4.0
4373025000,2025,01,-1.4,9.0
4373025000,2025,02,-1.3,8.0
4373025000,2025,03,7.3,48.0
4373025000,2025,04,13.4,49.5
4373025000,2025,05,17.0,93.5
4373025000,2025,06,23.5,268.0
4373025000,2025,07,27.3,281.0
4373025000,2025,08,27.5,89.5
4373025000,2025,09,22.9,270.0
4373025000,2025,10,16.2,194.0
4373025000,2025,11,7.4,21.5
4373025000,2025,12,1.1,21.5
4728010300,2021,01,-2.1,2.0
4728010300,2021,02,2.6,5.0
4728010300,2021,03,8.7,81.5
4728010300,2021,04,13.7,39.0
4728010300,2021,05,17.1,0.0
4728010300,2021,06,22.5,774.5
4728010300,2021,07,26.3,261.5
4728010300,2021,08,24.3,292.0
4728010300,2021,09,20.5,182.0
4728010300,2021,10,14.3,39.5
4728010300,2021,11,6.9,31.0
4728010300,2021,12,0.7,0.0
4728010300,2022,01,-2.0,0.5
4728010300,2022,02,-0.9,0.5
4728010300,2022,03,7.3,125.0
4728010300,2022,04,14.2,55.5
4728010300,2022,05,18.7,2.0
4728010300,2022,06,22.8,87.0
4728010300,2022,07,26.4,192.5
4728010300,2022,08,25.1,285.5
4728010300,2022,09,20.4,66.5
4728010300,2022,10,13.1,60.0
4728010300,2022,11,7.9,36.5
4728010300,2022,12,-2.8,6.0
4728010300,2023,01,-2.0,25.5
4728010300,2023,02,1.7,6.0
4728010300,2023,03,9.1,32.0
4728010300,2023,04,12.8,50.5
4728010300,2023,05,18.4,144.0
4728010300,2023,06,23.0,246.5
4728010300,2023,07,25.7,637.5
4728010300,2023,08,26.8,0.0
4728010300,2023,09,22.3,0.0
4728010300,2023,10,13.4,0.0
4728010300,2023,11,6.6,30.5
4728010300,2023,12,1.0,90.0
4728010300,2024,01,-0.3,21.0
4728010300,2024,02,3.3,90.5
4728010300,2024,03,6.6,52.5
4728010300,2024,04,15.3,63.5
4728010300,2024,05,18.2,131.0
4728010300,2024,06,23.4,98.0
4728010300,2024,07,26.3,396.0
4728010300,2024,08,27.9,98.0
4728010300,2024,09,24.4,170.5
4728010300,2024,10,15.0,0.0
4728010300,2024,11,8.6,25.0
4728010300,2024,12,0.9,2.5
4728010300,2025,01,-3.0,4.5
4728010300,2025,02,NA,NA
4728010300,2025,03,NA,NA
4728010300,2025,04,NA,NA
4728010300,2025,05,NA,NA
4728010300,2025,06,NA,NA
4728010300,2025,07,NA,NA
4728010300,2025,08,NA,NA
4728010300,2025,09,NA,NA
4728010300,2025,10,NA,NA
4728010300,2025,11,NA,NA
4728010300,2025,12,NA,NA
1273025000,2021,01,0.7,24.5
1273025000,2021,02,4.1,28.8
1273025000,2021,03,10.1,134.5
1273025000,2021,04,14.4,43.8
1273025000,2021,05,18.1,105.9
1273025000,2021,06,23.3,144.9
1273025000,2021,07,26.9,287.0
1273025000,2021,08,26.5,230.2
1273025000,2021,09,22.8,144.3
1273025000,2021,10,16.0,27.5
1273025000,2021,11,8.2,57.5
1273025000,2021,12,2.6,4.0
1273025000,2022,01,0.8,0.3
1273025000,2022,02,1.4,1.5
1273025000,2022,03,9.1,126.5
1273025000,2022,04,15.3,109.5
1273025000,2022,05,19.0,60.5
1273025000,2022,06,24.0,119.5
1273025000,2022,07,27.1,203.5
1273025000,2022,08,26.6,150.5
1273025000,2022,09,22.4,105.5
1273025000,2022,10,14.5,36.6
1273025000,2022,11,9.6,55.0
1273025000,2022,12,0.2,14.8
1273025000,2023,01,0.8,103.0
1273025000,2023,02,3.4,23.3
1273025000,2023,03,10.2,45.0
1273025000,2023,04,13.9,60.7
1273025000,2023,05,18.7,162.0
1273025000,2023,06,23.6,241.3
1273025000,2023,07,26.3,578.0
1273025000,2023,08,27.8,365.5
1273025000,2023,09,23.8,138.4
1273025000,2023,10,15.1,7.4
1273025000,2023,11,8.7,79.0
1273025000,2023,12,3.8,71.5
1273025000,2024,01,2.4,19.0
1273025000,2024,02,5.7,103.4
1273025000,2024,03,8.2,72.4
1273025000,2024,04,16.0,94.4
1273025000,2024,05,18.9,114.0
1273025000,2024,06,23.3,192.5
1273025000,2024,07,27.4,295.2
1273025000,2024,08,28.9,113.7
1273025000,2024,09,26.1,347.5
1273025000,2024,10,17.0,110.5
1273025000,2024,11,10.3,92.5
1273025000,2024,12,3.2,7.1
1273025000,2025,01,0.6,9.0
1273025000,2025,02,0.6,29.4
1273025000,2025,03,8.5,26.6
1273025000,2025,04,14.2,54.2
1273025000,2025,05,17.7,116.9
1273025000,2025,06,23.9,215.0
1273025000,2025,07,28.2,465.9
1273025000,2025,08,27.7,298.5
1273025000,2025,09,24.4,171.5
1273025000,2025,10,18.0,115.5
1273025000,2025,11,8.7,36.1
1273025000,2025,12,3.4,17.2
5280034000,2021,01,-1.1,47.0
5280034000,2021,02,3.5,18.0
5280034000,2021,03,7.7,92.0
5280034000,2021,04,12.5,30.5
5280034000,2021,05,16.9,82.0
5280034000,2021,06,22.5,86.0
5280034000,2021,07,26.9,193.5
5280034000,2021,08,25.7,299.5
5280034000,2021,09,22.3,153.5
5280034000,2021,10,15.9,42.5
5280034000,2021,11,9.4,90.0
5280034000,2021,12,2.8,22.0
5280034000,2022,01,-0.3,3.0
5280034000,2022,02,0.1,7.5
5280034000,2022,03,7.0,76.5
5280034000,2022,04,12.7,62.5
5280034000,2022,05,17.8,8.0
5280034000,2022,06,23.1,105.0
5280034000,2022,07,26.8,111.5
5280034000,2022,08,26.2,287.0
5280034000,2022,09,21.7,87.0
5280034000,2022,10,14.4,44.0
5280034000,2022,11,9.9,56.0
5280034000,2022,12,-1.1,48.0
5280034000,2023,01,0.1,24.0
5280034000,2023,02,1.9,0.5
5280034000,2023,03,8.0,18.0
5280034000,2023,04,12.6,48.5
5280034000,2023,05,18.5,88.0
5280034000,2023,06,22.8,212.0
5280034000,2023,07,26.3,689.5
5280034000,2023,08,27.2,160.5
5280034000,2023,09,23.3,200.0
5280034000,2023,10,15.7,16.0
5280034000,2023,11,9.0,103.0
5280034000,2023,12,3.8,140.5
5280034000,2024,01,1.7,51.5
5280034000,2024,02,4.9,126.5
5280034000,2024,03,6.8,68.5
5280034000,2024,04,14.3,54.5
5280034000,2024,05,17.8,67.5
5280034000,2024,06,23.0,57.5
5280034000,2024,07,27.3,414.0
5280034000,2024,08,28.7,25.0
5280034000,2024,09,25.6,111.0
5280034000,2024,10,16.2,67.0
5280034000,2024,11,9.7,17.5
5280034000,2024,12,2.5,11.0
5280034000,2025,01,0.0,40.5
5280034000,2025,02,-0.4,9.5
5280034000,2025,03,7.0,39.5
5280034000,2025,04,12.0,55.0
5280034000,2025,05,16.9,74.5
5280034000,2025,06,22.8,279.0
5280034000,2025,07,27.5,165.0
5280034000,2025,08,27.2,202.0
5280034000,2025,09,23.5,368.5
5280034000,2025,10,17.4,80.5
5280034000,2025,11,8.9,18.5
5280034000,2025,12,2.9,37.0
5172000000,2021,01,-8.9,13.5
5172000000,2021,02,-2.8,4.5
5172000000,2021,03,3.0,90.5
5172000000,2021,04,7.9,101.0
5172000000,2021,05,11.9,165.0
5172000000,2021,06,17.4,107.0
5172000000,2021,07,22.2,152.0
5172000000,2021,08,20.2,135.5
5172000000,2021,09,16.5,148.5
5172000000,2021,10,9.6,60.0
5172000000,2021,11,2.1,48.0
5172000000,2021,12,-4.9,2.5
5172000000,2022,01,-8.9,2.0
5172000000,2022,02,-7.8,2.5
5172000000,2022,03,2.1,77.0
5172000000,2022,04,8.5,52.0
5172000000,2022,05,12.7,11.5
5172000000,2022,06,18.1,233.0
5172000000,2022,07,22.2,236.0
5172000000,2022,08,21.1,527.0
5172000000,2022,09,15.8,132.0
5172000000,2022,10,8.0,137.5
5172000000,2022,11,3.5,45.5
5172000000,2022,12,-9.9,2.0
5172000000,2023,01,-8.6,33.5
5172000000,2023,02,-4.2,3.0
5172000000,2023,03,3.7,13.0
5172000000,2023,04,8.1,78.0
5172000000,2023,05,13.6,114.5
5172000000,2023,06,18.4,270.5
5172000000,2023,07,22.5,335.5
5172000000,2023,08,22.3,319.5
5172000000,2023,09,17.9,144.0
5172000000,2023,10,8.3,37.5
5172000000,2023,11,1.7,97.5
5172000000,2023,12,-5.2,89.5
5172000000,2024,01,-6.6,12.5
5172000000,2024,02,-2.6,64.5
5172000000,2024,03,0.8,36.5
5172000000,2024,04,10.3,35.5
5172000000,2024,05,13.0,88.5
5172000000,2024,06,18.7,103.0
5172000000,2024,07,22.6,330.0
5172000000,2024,08,23.5,96.5
5172000000,2024,09,19.3,203.5
5172000000,2024,10,10.5,128.5
5172000000,2024,11,3.5,36.5
5172000000,2024,12,-6.1,5.5
5172000000,2025,01,-8.2,6.0
5172000000,2025,02,-9.1,9.0
5172000000,2025,03,1.3,34.0
5172000000,2025,04,8.5,75.0
5172000000,2025,05,12.4,93.5
5172000000,2025,06,19.2,97.5
5172000000,2025,07,23.1,169.5
5172000000,2025,08,23.2,178.0
5172000000,2025,09,17.9,323.5
5172000000,2025,10,11.5,140.0
5172000000,2025,11,2.3,14.0
5172000000,2025,12,-3.8,32.5
5123034000,2021,01,-0.1,4.5
5123034000,2021,02,4.3,3.5
5123034000,2021,03,8.6,125.0
5123034000,2021,04,12.4,100.0
5123034000,2021,05,16.9,138.5
5123034000,2021,06,21.0,51.0
5123034000,2021,07,25.4,121.0
5123034000,2021,08,24.2,333.0
5123034000,2021,09,20.4,145.0
5123034000,2021,10,15.2,165.0
5123034000,2021,11,9.5,10.5
5123034000,2021,12,3.4,4.5
5123034000,2022,01,0.2,6.0
5123034000,2022,02,1.0,0.0
5123034000,2022,03,7.8,108.0
5123034000,2022,04,14.8,48.5
5123034000,2022,05,18.9,11.5
5123034000,2022,06,22.3,107.5
5123034000,2022,07,25.1,146.5
5123034000,2022,08,25.1,181.5
5123034000,2022,09,19.8,154.5
5123034000,2022,10,13.6,156.5
5123034000,2022,11,10.6,44.5
5123034000,2022,12,0.8,0.0
5123034000,2023,01,1.5,52.5
5123034000,2023,02,3.1,37.0
5123034000,2023,03,9.8,10.5
5123034000,2023,04,13.5,17.0
5123034000,2023,05,18.3,85.0
5123034000,2023,06,22.5,127.5
5123034000,2023,07,26.3,95.5
5123034000,2023,08,25.7,441.5
5123034000,2023,09,21.5,271.5
5123034000,2023,10,15.2,25.0
5123034000,2023,11,9.6,41.5
5123034000,2023,12,3.4,234.0
5123034000,2024,01,1.6,61.5
5123034000,2024,02,3.1,221.0
5123034000,2024,03,6.7,70.5
5123034000,2024,04,14.8,48.5
5123034000,2024,05,18.6,47.5
5123034000,2024,06,22.9,135.0
5123034000,2024,07,27.2,154.0
5123034000,2024,08,27.6,79.0
5123034000,2024,09,22.8,313.0
5123034000,2024,10,15.3,165.5
5123034000,2024,11,10.0,32.5
5123034000,2024,12,3.5,8.0
5123034000,2025,01,1.0,37.0
5123034000,2025,02,1.5,0.0
5123034000,2025,03,7.1,158.0
5123034000,2025,04,13.4,28.0
5123034000,2025,05,17.7,12.5
5123034000,2025,06,24.1,22.0
5123034000,2025,07,28.3,71.5
5123034000,2025,08,28.2,19.0
5123034000,2025,09,22.3,200.5
5123034000,2025,10,15.4,503.0
5123034000,2025,11,9.5,40.5
5123034000,2025,12,4.1,7.5
5183025000,2021,01,-0.7,6.5
5183025000,2021,02,3.4,2.5
5183025000,2021,03,8.2,177.5
5183025000,2021,04,12.6,94.5
5183025000,2021,05,17.1,155.5
5183025000,2021,06,20.7,46.0
5183025000,2021,07,25.3,169.0
5183025000,2021,08,24.4,287.0
5183025000,2021,09,20.6,163.5
5183025000,2021,10,15.4,213.0
5183025000,2021,11,9.7,9.5
5183025000,2021,12,2.9,15.0
5183025000,2022,01,-0.1,3.0
5183025000,2022,02,0.6,9.0
5183025000,2022,03,7.5,91.5
5183025000,2022,04,14.6,50.5
5183025000,2022,05,18.8,10.0
5183025000,2022,06,21.6,223.5
5183025000,2022,07,24.5,223.5
5183025000,2022,08,24.9,414.0
5183025000,2022,09,20.0,257.5
5183025000,2022,10,13.8,490.5
5183025000,2022,11,11.1,55.5
5183025000,2022,12,0.2,0.0
5183025000,2023,01,0.7,61.0
5183025000,2023,02,3.2,2.5
5183025000,2023,03,9.4,1.5
5183025000,2023,04,12.9,42.0
5183025000,2023,05,18.2,26.0
5183025000,2023,06,22.1,246.0
5183025000,2023,07,25.9,110.0
5183025000,2023,08,24.8,431.5
5183025000,2023,09,21.4,249.0
5183025000,2023,10,16.4,41.5
5183025000,2023,11,9.3,62.5
5183025000,2023,12,2.3,172.0
5183025000,2024,01,1.4,14.5
5183025000,2024,02,2.8,139.5
5183025000,2024,03,6.1,62.0
5183025000,2024,04,14.4,49.5
5183025000,2024,05,18.3,58.5
5183025000,2024,06,22.7,122.5
5183025000,2024,07,26.7,135.5
5183025000,2024,08,27.1,36.0
5183025000,2024,09,22.0,435.5
5183025000,2024,10,15.9,157.5
5183025000,2024,11,10.3,40.5
5183025000,2024,12,3.2,5.0
5183025000,2025,01,1.2,11.0
5183025000,2025,02,1.1,0.0
5183025000,2025,03,6.9,68.0
5183025000,2025,04,12.2,37.5
5183025000,2025,05,17.1,61.5
5183025000,2025,06,23.4,18.0
5183025000,2025,07,27.2,170.5
5183025000,2025,08,27.4,66.5
5183025000,2025,09,22.3,350.5
5183025000,2025,10,15.5,497.5
5183025000,2025,11,10.2,18.5
5183025000,2025,12,3.9,15.0
5113037000,2021,01,-4.3,11.5
5113037000,2021,02,1.1,5.5
5113037000,2021,03,7.6,85.0
5113037000,2021,04,12.5,87.5
5113037000,2021,05,15.7,142.5
5113037000,2021,06,21.6,152.0
5113037000,2021,07,25.8,224.5
5113037000,2021,08,23.7,188.5
5113037000,2021,09,20.0,182.0
5113037000,2021,10,13.4,45.5
5113037000,2021,11,6.0,70.5
5113037000,2021,12,-1.0,6.0
5113037000,2022,01,-4.2,1.5
5113037000,2022,02,-2.8,5.5
5113037000,2022,03,6.1,77.5
5113037000,2022,04,12.8,51.5
5113037000,2022,05,17.2,10.5
5113037000,2022,06,22.1,270.5
5113037000,2022,07,25.4,205.0
5113037000,2022,08,24.2,494.0
5113037000,2022,09,19.4,126.0
5113037000,2022,10,11.8,95.5
5113037000,2022,11,7.1,53.5
5113037000,2022,12,-5.5,10.0
5113037000,2023,01,-3.8,29.5
5113037000,2023,02,0.3,0.5
5113037000,2023,03,7.9,14.5
5113037000,2023,04,12.2,46.0
5113037000,2023,05,17.6,135.5
5113037000,2023,06,22.4,139.0
5113037000,2023,07,25.4,458.0
5113037000,2023,08,25.8,218.0
5113037000,2023,09,21.4,175.5
5113037000,2023,10,12.5,56.5
5113037000,2023,11,1.7,6.5
5113037000,2023,12,-0.7,76.0
5113037000,2024,01,-2.0,23.5
5113037000,2024,02,2.3,75.5
5113037000,2024,03,5.3,59.5
5113037000,2024,04,14.7,51.5
5113037000,2024,05,17.2,128.5
5113037000,2024,06,22.5,129.5
5113037000,2024,07,25.5,433.0
5113037000,2024,08,27.1,123.0
5113037000,2024,09,23.2,222.5
5113037000,2024,10,14.0,151.0
5113037000,2024,11,7.3,61.5
5113037000,2024,12,-1.6,3.0
5113037000,2025,01,-3.4,9.0
5113037000,2025,02,-3.4,12.5
5113037000,2025,03,6.1,41.5
5113037000,2025,04,12.1,81.0
5113037000,2025,05,16.2,68.0
5113037000,2025,06,22.7,147.5
5113037000,2025,07,26.4,256.5
5113037000,2025,08,26.1,137.0
5113037000,2025,09,21.3,277.5
5113037000,2025,10,14.9,161.5
5113037000,2025,11,6.1,13.0
5113037000,2025,12,-0.7,34.5
5219042000,2021,01,-0.6,28.0
5219042000,2021,02,3.2,30.0
5219042000,2021,03,9.0,96.5
5219042000,2021,04,13.6,36.5
5219042000,2021,05,17.2,129.0
5219042000,2021,06,22.6,200.5
5219042000,2021,07,26.1,203.0
5219042000,2021,08,25.2,291.0
5219042000,2021,09,22.2,38.5
5219042000,2021,10,13.9,63.0
5219042000,2021,11,8.3,76.0
5219042000,2021,12,1.6,5.0
5219042000,2022,01,-0.7,0.0
5219042000,2022,02,-0.2,0.5
5219042000,2022,03,8.0,64.5
5219042000,2022,04,13.8,32.5
5219042000,2022,05,17.8,1.5
5219042000,2022,06,23.4,126.5
5219042000,2022,07,26.1,0.0
5219042000,2022,08,25.7,85.5
5219042000,2022,09,21.5,53.5
5219042000,2022,10,13.8,34.5
5219042000,2022,11,8.9,36.0
5219042000,2022,12,-1.4,27.5
5219042000,2023,01,-0.5,25.5
5219042000,2023,02,2.3,15.5
5219042000,2023,03,9.2,47.5
5219042000,2023,04,13.5,38.0
5219042000,2023,05,18.4,166.5
5219042000,2023,06,22.8,351.0
5219042000,2023,07,25.8,628.5
5219042000,2023,08,26.9,317.5
5219042000,2023,09,23.0,113.0
5219042000,2023,10,14.1,14.5
5219042000,2023,11,7.5,96.0
5219042000,2023,12,3.0,94.5
5219042000,2024,01,1.3,33.0
5219042000,2024,02,4.9,106.5
5219042000,2024,03,7.0,66.0
5219042000,2024,04,15.6,73.5
5219042000,2024,05,18.2,85.5
5219042000,2024,06,22.8,192.5
5219042000,2024,07,26.7,322.5
5219042000,2024,08,27.9,91.5
5219042000,2024,09,25.3,180.0
5219042000,2024,10,16.2,102.5
5219042000,2024,11,9.4,65.0
5219042000,2024,12,1.4,6.0
5219042000,2025,01,-0.5,23.0
5219042000,2025,02,-0.9,21.0
5219042000,2025,03,7.6,30.0
5219042000,2025,04,13.4,58.5
5219042000,2025,05,17.2,142.0
5219042000,2025,06,23.3,291.5
5219042000,2025,07,27.3,321.0
5219042000,2025,08,26.8,425.5
5219042000,2025,09,23.4,249.0
5219042000,2025,10,17.4,112.5
5219042000,2025,11,7.7,35.5
5219042000,2025,12,2.4,25.0
1274031000,2021,01,1.2,24.5
1274031000,2021,02,5.0,36.5
1274031000,2021,03,9.2,162.5
1274031000,2021,04,13.7,89.5
1274031000,2021,05,17.4,148.0
1274031000,2021,06,21.9,98.0
1274031000,2021,07,26.1,490.0
1274031000,2021,08,26.1,270.0
1274031000,2021,09,22.7,109.0
1274031000,2021,10,17.5,19.0
1274031000,2021,11,10.7,54.5
1274031000,2021,12,4.8,1.0
1274031000,2022,01,2.3,1.5
1274031000,2022,02,2.9,0.0
1274031000,2022,03,9.4,139.5
1274031000,2022,04,14.0,85.5
1274031000,2022,05,17.4,2.5
1274031000,2022,06,21.1,91.5
1274031000,2022,07,25.3,205.5
1274031000,2022,08,25.1,86.0
1274031000,2022,09,21.4,181.5
1274031000,2022,10,14.9,18.0
1274031000,2022,11,10.7,38.5
1274031000,2022,12,1.1,3.5
1274031000,2023,01,1.3,54.0
1274031000,2023,02,3.5,47.5
1274031000,2023,03,9.6,56.5
1274031000,2023,04,13.4,139.5
1274031000,2023,05,17.6,343.5
1274031000,2023,06,22.1,250.0
1274031000,2023,07,25.5,463.5
1274031000,2023,08,27.0,225.5
1274031000,2023,09,23.9,134.0
1274031000,2023,10,16.1,7.0
1274031000,2023,11,9.7,123.5
1274031000,2023,12,4.8,70.0
1274031000,2024,01,3.1,43.0
1274031000,2024,02,6.0,183.5
1274031000,2024,03,8.1,101.0
1274031000,2024,04,15.0,212.0
1274031000,2024,05,18.0,261.0
1274031000,2024,06,22.0,140.0
1274031000,2024,07,26.5,235.0
1274031000,2024,08,28.4,46.0
1274031000,2024,09,26.1,279.5
1274031000,2024,10,18.0,139.5
1274031000,2024,11,11.5,135.5
1274031000,2024,12,3.8,0.5
1274031000,2025,01,1.8,4.0
1274031000,2025,02,1.3,64.5
1274031000,2025,03,8.4,55.5
1274031000,2025,04,13.2,101.0
1274031000,2025,05,16.9,336.0
1274031000,2025,06,22.4,97.0
1274031000,2025,07,27.1,89.5
1274031000,2025,08,27.2,234.5
1274031000,2025,09,24.7,92.0
1274031000,2025,10,18.5,154.5
1274031000,2025,11,10.0,29.0
1274031000,2025,12,4.5,16.5
4711000000,2021,01,NA,NA
4711000000,2021,02,NA,NA
4711000000,2021,03,NA,NA
4711000000,2021,04,NA,NA
4711000000,2021,05,NA,NA
4711000000,2021,06,NA,NA
4711000000,2021,07,NA,NA
4711000000,2021,08,NA,NA
4711000000,2021,09,NA,NA
4711000000,2021,10,NA,NA
4711000000,2021,11,NA,NA
4711000000,2021,12,NA,NA
4711000000,2022,01,NA,NA
4711000000,2022,02,NA,NA
4711000000,2022,03,NA,NA
4711000000,2022,04,NA,NA
4711000000,2022,05,NA,NA
4711000000,2022,06,NA,NA
4711000000,2022,07,NA,NA
4711000000,2022,08,NA,NA
4711000000,2022,09,NA,NA
4711000000,2022,10,NA,NA
4711000000,2022,11,NA,NA
4711000000,2022,12,NA,NA
4711000000,2023,01,NA,NA
4711000000,2023,02,NA,NA
4711000000,2023,03,NA,NA
4711000000,2023,04,NA,NA
4711000000,2023,05,NA,NA
4711000000,2023,06,NA,NA
4711000000,2023,07,NA,NA
4711000000,2023,08,NA,NA
4711000000,2023,09,NA,NA
4711000000,2023,10,NA,NA
4711000000,2023,11,NA,NA
4711000000,2023,12,NA,NA
4711000000,2024,01,NA,NA
4711000000,2024,02,NA,NA
4711000000,2024,03,NA,NA
4711000000,2024,04,NA,NA
4711000000,2024,05,NA,NA
4711000000,2024,06,NA,NA
4711000000,2024,07,NA,NA
4711000000,2024,08,NA,NA
4711000000,2024,09,NA,NA
4711000000,2024,10,15.7,84.0
4711000000,2024,11,10.6,68.0
4711000000,2024,12,3.2,4.5
4711000000,2025,01,1.3,12.5
4711000000,2025,02,1.2,12.5
4711000000,2025,03,8.3,73.5
4711000000,2025,04,13.0,42.5
4711000000,2025,05,16.7,98.5
4711000000,2025,06,23.1,146.0
4711000000,2025,07,26.5,270.0
4711000000,2025,08,27.4,140.0
4711000000,2025,09,23.2,79.5
4711000000,2025,10,16.9,253.5
4711000000,2025,11,9.6,9.0
4711000000,2025,12,4.0,19.0
4782033000,2021,01,-0.6,14.5
4782033000,2021,02,4.0,23.0
4782033000,2021,03,9.2,119.0
4782033000,2021,04,13.2,65.0
4782033000,2021,05,17.0,129.0
4782033000,2021,06,22.2,49.5
4782033000,2021,07,26.0,245.0
4782033000,2021,08,24.9,445.0
4782033000,2021,09,21.2,78.0
4782033000,2021,10,15.0,38.5
4782033000,2021,11,7.4,55.5
4782033000,2021,12,1.6,3.0
4782033000,2022,01,-0.4,0.0
4782033000,2022,02,0.3,0.0
4782033000,2022,03,8.4,48.5
4782033000,2022,04,14.0,47.0
4782033000,2022,05,18.6,2.5
4782033000,2022,06,23.0,168.0
4782033000,2022,07,26.4,113.5
4782033000,2022,08,25.6,188.5
4782033000,2022,09,20.7,152.5
4782033000,2022,10,13.7,24.0
4782033000,2022,11,9.3,106.0
4782033000,2022,12,-0.9,6.0
4782033000,2023,01,-0.5,26.5
4782033000,2023,02,3.0,23.0
4782033000,2023,03,9.8,29.0
4782033000,2023,04,13.5,45.0
4782033000,2023,05,17.9,279.0
4782033000,2023,06,22.6,299.5
4782033000,2023,07,25.9,408.0
4782033000,2023,08,26.9,389.5
4782033000,2023,09,22.8,179.0
4782033000,2023,10,13.9,8.5
4782033000,2023,11,7.6,42.0
4782033000,2023,12,2.6,119.0
4782033000,2024,01,1.2,20.5
4782033000,2024,02,4.7,80.5
4782033000,2024,03,7.3,82.5
4782033000,2024,04,15.0,83.5
4782033000,2024,05,18.0,89.5
4782033000,2024,06,22.9,139.5
4782033000,2024,07,27.1,423.5
4782033000,2024,08,28.1,54.0
4782033000,2024,09,24.9,168.0
4782033000,2024,10,16.2,129.5
4782033000,2024,11,9.4,60.5
4782033000,2024,12,1.6,3.5
4782033000,2025,01,-0.4,5.5
4782033000,2025,02,-0.4,15.0
4782033000,2025,03,8.3,28.0
4782033000,2025,04,13.7,51.5
4782033000,2025,05,16.9,126.0
4782033000,2025,06,23.3,220.5
4782033000,2025,07,26.9,395.0
4782033000,2025,08,27.3,342.0
4782033000,2025,09,23.6,130.0
4782033000,2025,10,16.9,106.5
4782033000,2025,11,7.8,19.0
4782033000,2025,12,2.2,13.5
4792032000,2021,01,-4.2,9.5
4792032000,2021,02,0.8,8.0
4792032000,2021,03,6.9,125.5
4792032000,2021,04,11.3,90.0
4792032000,2021,05,14.9,176.0
4792032000,2021,06,20.5,89.0
4792032000,2021,07,24.9,186.5
4792032000,2021,08,23.1,282.0
4792032000,2021,09,19.1,182.5
4792032000,2021,10,13.0,45.0
4792032000,2021,11,5.5,38.5
4792032000,2021,12,-0.6,2.0
4792032000,2022,01,-3.0,0.5
4792032000,2022,02,-1.9,1.5
4792032000,2022,03,6.3,105.0
4792032000,2022,04,12.8,36.0
4792032000,2022,05,17.5,4.5
4792032000,2022,06,22.2,104.5
4792032000,2022,07,25.7,176.5
4792032000,2022,08,24.3,336.0
4792032000,2022,09,19.5,38.0
4792032000,2022,10,11.9,67.0
4792032000,2022,11,7.3,66.0
4792032000,2022,12,-4.0,6.0
4792032000,2023,01,-2.8,25.5
4792032000,2023,02,0.9,8.0
4792032000,2023,03,6.2,29.0
4792032000,2023,04,9.4,66.0
4792032000,2023,05,14.9,123.5
4792032000,2023,06,19.7,253.5
4792032000,2023,07,23.0,268.0
4792032000,2023,08,24.1,284.5
4792032000,2023,09,19.5,213.5
4792032000,2023,10,10.1,24.5
4792032000,2023,11,3.4,37.0
4792032000,2023,12,-2.4,92.5
4792032000,2024,01,-3.4,10.0
4792032000,2024,02,0.2,58.0
4792032000,2024,03,3.3,51.0
4792032000,2024,04,12.7,41.5
4792032000,2024,05,15.3,107.5
4792032000,2024,06,20.8,86.5
4792032000,2024,07,23.9,463.5
4792032000,2024,08,25.7,12.5
4792032000,2024,09,22.3,159.0
4792032000,2024,10,13.1,85.0
4792032000,2024,11,6.2,26.5
4792032000,2024,12,-2.3,2.5
4792032000,2025,01,-4.4,5.5
4792032000,2025,02,-4.7,4.0
4792032000,2025,03,4.2,35.0
4792032000,2025,04,10.4,58.0
4792032000,2025,05,14.4,115.5
4792032000,2025,06,21.0,154.5
4792032000,2025,07,24.8,184.5
4792032000,2025,08,24.8,57.0
4792032000,2025,09,20.1,165.5
4792032000,2025,10,13.5,136.5
4792032000,2025,11,4.3,6.5
4792032000,2025,12,-2.2,17.0
5011013400,2021,01,4.4,112.5
5011013400,2021,02,7.4,59.0
5011013400,2021,03,10.8,97.0
5011013400,2021,04,13.9,60.0
5011013400,2021,05,17.9,112.5
5011013400,2021,06,22.5,148.0
5011013400,2021,07,26.3,247.5
5011013400,2021,08,25.4,345.0
5011013400,2021,09,22.9,581.5
5011013400,2021,10,17.5,64.5
5011013400,2021,11,11.3,101.5
5011013400,2021,12,6.3,31.5
5011013400,2022,01,3.8,40.5
5011013400,2022,02,3.1,15.0
5011013400,2022,03,9.6,160.0
5011013400,2022,04,14.0,107.5
5011013400,2022,05,18.0,11.0
5011013400,2022,06,22.7,165.0
5011013400,2022,07,26.6,201.5
5011013400,2022,08,26.9,178.5
5011013400,2022,09,22.0,424.5
5011013400,2022,10,15.9,36.5
5011013400,2022,11,12.7,97.0
5011013400,2022,12,4.3,49.5
5011013400,2023,01,4.4,57.5
5011013400,2023,02,5.4,95.5
5011013400,2023,03,10.3,62.0
5011013400,2023,04,13.9,92.5
5011013400,2023,05,18.1,354.0
5011013400,2023,06,22.1,180.0
5011013400,2023,07,26.6,335.0
5011013400,2023,08,26.8,270.5
5011013400,2023,09,23.9,141.0
5011013400,2023,10,17.0,31.0
5011013400,2023,11,11.4,107.5
5011013400,2023,12,7.2,121.0
5011013400,2024,01,5.6,126.5
5011013400,2024,02,7.8,263.5
5011013400,2024,03,9.1,103.0
5011013400,2024,04,15.3,64.5
5011013400,2024,05,18.0,65.0
5011013400,2024,06,22.0,342.5
5011013400,2024,07,27.5,212.0
5011013400,2024,08,28.0,66.0
5011013400,2024,09,25.6,266.5
5011013400,2024,10,18.8,229.0
5011013400,2024,11,13.0,350.5
5011013400,2024,12,6.2,16.0
5011013400,2025,01,4.2,29.5
5011013400,2025,02,3.0,60.0
5011013400,2025,03,10.0,104.0
5011013400,2025,04,14.2,37.5
5011013400,2025,05,17.3,90.5
5011013400,2025,06,23.1,99.5
5011013400,2025,07,26.9,142.0
5011013400,2025,08,27.4,86.0
5011013400,2025,09,25.1,334.5
5011013400,2025,10,19.7,88.5
5011013400,2025,11,11.8,54.5
5011013400,2025,12,7.1,37.0
4180025000,2021,01,NA,6.5
4180025000,2021,02,NA,6.5
4180025000,2021,03,NA,139.5
4180025000,2021,04,NA,100.5
4180025000,2021,05,NA,219.0
4180025000,2021,06,NA,70.0
4180025000,2021,07,NA,99.5
4180025000,2021,08,NA,232.0
4180025000,2021,09,NA,115.5
4180025000,2021,10,NA,127.0
4180025000,2021,11,NA,52.5
4180025000,2021,12,NA,3.5
4180025000,2022,01,NA,2.5
4180025000,2022,02,NA,5.0
4180025000,2022,03,NA,88.5
4180025000,2022,04,NA,13.0
4180025000,2022,05,NA,14.5
4180025000,2022,06,NA,399.5
4180025000,2022,07,NA,238.0
4180025000,2022,08,NA,427.5
4180025000,2022,09,NA,190.0
4180025000,2022,10,NA,179.5
4180025000,2022,11,NA,90.0
4180025000,2022,12,NA,4.5
4180025000,2023,01,NA,42.0
4180025000,2023,02,NA,0.5
4180025000,2023,03,NA,11.0
4180025000,2023,04,NA,66.0
4180025000,2023,05,NA,64.5
4180025000,2023,06,NA,172.5
4180025000,2023,07,NA,453.5
4180025000,2023,08,NA,327.0
4180025000,2023,09,NA,80.5
4180025000,2023,10,NA,32.5
4180025000,2023,11,NA,67.0
4180025000,2023,12,NA,66.0
4180025000,2024,01,NA,9.5
4180025000,2024,02,NA,460.5
4180025000,2024,03,NA,41.5
4180025000,2024,04,NA,21.0
4180025000,2024,05,NA,369.0
4180025000,2024,06,NA,62.5
4180025000,2024,07,NA,747.0
4180025000,2024,08,NA,126.0
4180025000,2024,09,NA,103.0
4180025000,2024,10,NA,50.5
4180025000,2024,11,NA,35.5
4180025000,2024,12,NA,7.5
4180025000,2025,01,NA,14.5
4180025000,2025,02,NA,2.5
4180025000,2025,03,NA,27.0
4180025000,2025,04,NA,144.0
4180025000,2025,05,NA,111.0
4180025000,2025,06,NA,168.5
4180025000,2025,07,NA,271.0
4180025000,2025,08,NA,415.5
4180025000,2025,09,NA,261.0
4180025000,2025,10,NA,122.5
4180025000,2025,11,NA,17.5
4180025000,2025,12,NA,36.0
5181025000,2021,01,-5.0,4.0
5181025000,2021,02,0.6,1.5
5181025000,2021,03,6.6,75.0
5181025000,2021,04,11.7,95.0
5181025000,2021,05,15.2,166.5
5181025000,2021,06,21.2,58.5
5181025000,2021,07,26.4,112.0
5181025000,2021,08,23.7,145.0
5181025000,2021,09,20.1,78.0
5181025000,2021,10,12.7,62.0
5181025000,2021,11,5.5,51.0
5181025000,2021,12,-1.5,2.0
5181025000,2022,01,-4.9,1.0
5181025000,2022,02,-3.4,7.0
5181025000,2022,03,5.3,65.0
5181025000,2022,04,12.8,27.5
5181025000,2022,05,16.6,8.5
5181025000,2022,06,21.4,332.5
5181025000,2022,07,25.6,144.0
5181025000,2022,08,24.3,427.5
5181025000,2022,09,19.3,213.0
5181025000,2022,10,11.5,109.0
5181025000,2022,11,6.9,58.5
5181025000,2022,12,-5.6,1.5
5181025000,2023,01,-5.2,37.0
5181025000,2023,02,-0.8,0.5
5181025000,2023,03,7.0,17.5
5181025000,2023,04,11.9,80.0
5181025000,2023,05,17.1,101.0
5181025000,2023,06,22.0,210.5
5181025000,2023,07,25.8,235.0
5181025000,2023,08,25.6,137.0
5181025000,2023,09,21.3,121.0
5181025000,2023,10,12.1,5.5
5181025000,2023,11,5.0,85.5
5181025000,2023,12,-1.6,49.5
5181025000,2024,01,-2.7,7.5
5181025000,2024,02,0.6,40.0
5181025000,2024,03,4.3,39.0
5181025000,2024,04,13.6,18.0
5181025000,2024,05,16.4,85.5
5181025000,2024,06,22.4,155.5
5181025000,2024,07,25.5,291.5
5181025000,2024,08,27.2,61.5
5181025000,2024,09,22.1,185.0
5181025000,2024,10,13.6,83.0
5181025000,2024,11,7.0,23.5
5181025000,2024,12,-2.0,2.5
5181025000,2025,01,-4.0,6.5
5181025000,2025,02,-3.9,4.0
5181025000,2025,03,4.8,32.0
5181025000,2025,04,12.0,79.0
5181025000,2025,05,15.5,77.0
5181025000,2025,06,22.7,75.0
5181025000,2025,07,26.5,155.0
5181025000,2025,08,26.5,181.5
5181025000,2025,09,20.8,316.5
5181025000,2025,10,14.3,129.0
5181025000,2025,11,5.8,15.0
5181025000,2025,12,-0.5,27.0
4165039000,2021,01,-5.9,9.5
4165039000,2021,02,0.1,5.5
4165039000,2021,03,6.3,104.5
4165039000,2021,04,11.8,102.0
4165039000,2021,05,15.1,237.0
4165039000,2021,06,20.8,74.0
4165039000,2021,07,25.9,130.5
4165039000,2021,08,23.3,242.5
4165039000,2021,09,19.8,111.0
4165039000,2021,10,12.2,132.0
4165039000,2021,11,5.0,58.5
4165039000,2021,12,-2.2,8.0
4165039000,2022,01,-5.9,3.5
4165039000,2022,02,-4.0,10.5
4165039000,2022,03,5.1,98.5
4165039000,2022,04,12.4,20.0
4165039000,2022,05,16.3,19.0
4165039000,2022,06,20.9,2.0
4165039000,2022,07,25.2,161.5
4165039000,2022,08,23.8,421.0
4165039000,2022,09,18.9,275.0
4165039000,2022,10,10.8,159.5
4165039000,2022,11,6.2,105.5
4165039000,2022,12,-6.8,5.0
4165039000,2023,01,-5.8,46.0
4165039000,2023,02,-1.1,1.0
4165039000,2023,03,6.6,13.0
4165039000,2023,04,11.5,104.0
4165039000,2023,05,17.0,149.0
4165039000,2023,06,21.5,200.0
4165039000,2023,07,25.4,357.0
4165039000,2023,08,25.1,284.5
4165039000,2023,09,21.1,107.5
4165039000,2023,10,11.8,23.0
4165039000,2023,11,4.0,106.0
4165039000,2023,12,-2.1,65.0
4165039000,2024,01,-3.3,11.0
4165039000,2024,02,1.2,55.0
4165039000,2024,03,4.4,45.0
4165039000,2024,04,14.0,21.0
4165039000,2024,05,16.2,149.0
4165039000,2024,06,22.4,69.5
4165039000,2024,07,25.1,773.0
4165039000,2024,08,27.1,183.5
4165039000,2024,09,22.3,137.5
4165039000,2024,10,13.1,59.0
4165039000,2024,11,6.1,38.5
4165039000,2024,12,-3.2,6.0
4165039000,2025,01,-4.4,7.5
4165039000,2025,02,-4.2,9.0
4165039000,2025,03,5.0,28.5
4165039000,2025,04,11.3,139.0
4165039000,2025,05,15.6,104.5
4165039000,2025,06,22.0,244.5
4165039000,2025,07,26.1,276.0
4165039000,2025,08,26.1,439.5
4165039000,2025,09,21.0,274.0
4165039000,2025,10,14.0,199.5
4165039000,2025,11,5.3,18.0
4165039000,2025,12,-1.8,32.5
4817012200,2021,01,1.0,15.5
4817012200,2021,02,5.1,25.0
4817012200,2021,03,10.2,159.0
4817012200,2021,04,14.1,81.0
4817012200,2021,05,18.1,114.0
4817012200,2021,06,22.7,0.0
4817012200,2021,07,26.7,372.0
4817012200,2021,08,26.2,355.0
4817012200,2021,09,22.2,117.5
4817012200,2021,10,16.3,46.5
4817012200,2021,11,8.5,72.0
4817012200,2021,12,2.9,2.0
4817012200,2022,01,1.1,0.0
4817012200,2022,02,1.9,0.0
4817012200,2022,03,9.1,94.5
4817012200,2022,04,14.6,66.5
4817012200,2022,05,19.2,1.0
4817012200,2022,06,23.3,101.5
4817012200,2022,07,27.3,165.0
4817012200,2022,08,26.7,149.5
4817012200,2022,09,22.0,128.0
4817012200,2022,10,15.2,20.0
4817012200,2022,11,10.2,77.5
4817012200,2022,12,0.7,7.5
4817012200,2023,01,1.3,58.0
4817012200,2023,02,4.3,25.5
4817012200,2023,03,10.6,50.0
4817012200,2023,04,13.9,111.0
4817012200,2023,05,18.4,362.0
4817012200,2023,06,23.6,282.0
4817012200,2023,07,26.6,469.5
4817012200,2023,08,28.0,439.5
4817012200,2023,09,24.2,200.5
4817012200,2023,10,15.8,8.5
4817012200,2023,11,9.6,62.5
4817012200,2023,12,4.4,94.0
4817012200,2024,01,3.1,33.0
4817012200,2024,02,6.2,165.0
4817012200,2024,03,8.7,94.0
4817012200,2024,04,16.0,170.0
4817012200,2024,05,19.5,180.0
4817012200,2024,06,23.9,193.0
4817012200,2024,07,27.9,195.5
4817012200,2024,08,28.8,90.0
4817012200,2024,09,25.9,356.5
4817012200,2024,10,17.4,148.0
4817012200,2024,11,10.7,87.5
4817012200,2024,12,3.1,0.0
4817012200,2025,01,0.9,2.5
4817012200,2025,02,1.2,25.5
4817012200,2025,03,9.0,39.5
4817012200,2025,04,14.2,78.5
4817012200,2025,05,17.6,160.5
4817012200,2025,06,23.7,174.0
4817012200,2025,07,27.8,410.0
4817012200,2025,08,28.1,180.5
4817012200,2025,09,24.6,100.5
4817012200,2025,10,18.1,154.5
4817012200,2025,11,8.8,25.5
4817012200,2025,12,3.6,12.5
4311000000,2021,01,-2.4,9.0
4311000000,2021,02,2.5,4.0
4311000000,2021,03,8.7,10.0
4311000000,2021,04,14.0,22.5
4311000000,2021,05,17.2,136.5
4311000000,2021,06,23.4,74.0
4311000000,2021,07,27.7,154.5
4311000000,2021,08,25.5,247.5
4311000000,2021,09,22.0,164.5
4311000000,2021,10,14.9,29.5
4311000000,2021,11,7.7,49.5
4311000000,2021,12,0.6,2.5
4311000000,2022,01,-2.4,0.5
4311000000,2022,02,-1.2,1.0
4311000000,2022,03,7.6,66.0
4311000000,2022,04,14.2,49.0
4311000000,2022,05,18.9,7.5
4311000000,2022,06,24.0,147.0
4311000000,2022,07,27.1,146.0
4311000000,2022,08,25.9,415.5
4311000000,2022,09,21.7,92.0
4311000000,2022,10,13.8,101.5
4311000000,2022,11,8.6,40.5
4311000000,2022,12,-3.1,14.5
4311000000,2023,01,-1.7,26.0
4311000000,2023,02,1.6,2.5
4311000000,2023,03,9.3,21.5
4311000000,2023,04,13.8,37.0
4311000000,2023,05,19.2,195.5
4311000000,2023,06,24.0,144.5
4311000000,2023,07,26.5,785.5
4311000000,2023,08,27.6,299.5
4311000000,2023,09,23.2,308.5
4311000000,2023,10,14.6,11.5
4311000000,2023,11,7.1,37.5
4311000000,2023,12,1.7,93.0
4311000000,2024,01,-0.4,35.5
4311000000,2024,02,3.9,76.5
4311000000,2024,03,6.8,44.5
4311000000,2024,04,15.9,36.0
4311000000,2024,05,18.4,111.5
4311000000,2024,06,23.8,81.5
4311000000,2024,07,27.0,505.5
4311000000,2024,08,28.8,41.5
4311000000,2024,09,25.6,220.0
4311000000,2024,10,15.7,93.0
4311000000,2024,11,8.9,37.5
4311000000,2024,12,0.5,4.0
4311000000,2025,01,-1.2,8.5
4311000000,2025,02,-1.5,7.0
4311000000,2025,03,7.4,46.5
4311000000,2025,04,13.4,67.5
4311000000,2025,05,17.4,100.5
4311000000,2025,06,23.9,237.0
4311000000,2025,07,28.1,296.5
4311000000,2025,08,27.8,103.0
4311000000,2025,09,23.5,219.0
4311000000,2025,10,16.7,194.5
4311000000,2025,11,7.9,21.0
4311000000,2025,12,1.3,27.5
4182025000,2021,01,-5.2,16.0
4182025000,2021,02,0.4,9.5
4182025000,2021,03,7.1,102.0
4182025000,2021,04,12.0,124.5
4182025000,2021,05,15.2,24.0
4182025000,2021,06,21.0,0.0
4182025000,2021,07,26.3,0.5
4182025000,2021,08,24.0,47.5
4182025000,2021,09,20.1,110.0
4182025000,2021,10,13.0,64.5
4182025000,2021,11,5.3,58.0
4182025000,2021,12,-1.9,5.0
4182025000,2022,01,-4.9,2.0
4182025000,2022,02,-3.0,10.0
4182025000,2022,03,5.9,119.0
4182025000,2022,04,12.9,22.5
4182025000,2022,05,16.9,6.5
4182025000,2022,06,21.4,543.5
4182025000,2022,07,25.7,271.0
4182025000,2022,08,24.2,524.5
4182025000,2022,09,19.1,239.5
4182025000,2022,10,11.4,139.5
4182025000,2022,11,6.6,65.5
4182025000,2022,12,-5.7,8.5
4182025000,2023,01,-4.7,48.5
4182025000,2023,02,-0.2,1.0
4182025000,2023,03,7.3,11.0
4182025000,2023,04,11.8,112.0
4182025000,2023,05,17.5,129.5
4182025000,2023,06,21.9,323.5
4182025000,2023,07,25.4,470.5
4182025000,2023,08,25.7,215.5
4182025000,2023,09,21.4,109.0
4182025000,2023,10,12.1,42.0
4182025000,2023,11,4.6,117.0
4182025000,2023,12,-1.4,90.0
4182025000,2024,01,-2.9,16.5
4182025000,2024,02,1.6,53.5
4182025000,2024,03,4.8,41.5
4182025000,2024,04,14.3,31.5
4182025000,2024,05,16.6,145.0
4182025000,2024,06,22.5,150.5
4182025000,2024,07,25.2,629.5
4182025000,2024,08,27.5,104.0
4182025000,2024,09,22.9,213.0
4182025000,2024,10,13.5,69.0
4182025000,2024,11,6.9,39.0
4182025000,2024,12,-2.0,3.0
4182025000,2025,01,-4.1,11.5
4182025000,2025,02,-3.4,8.0
4182025000,2025,03,5.5,30.0
4182025000,2025,04,11.8,89.0
4182025000,2025,05,15.9,130.5
4182025000,2025,06,22.6,127.0
4182025000,2025,07,26.7,379.5
4182025000,2025,08,26.2,323.0
4182025000,2025,09,21.1,321.5
4182025000,2025,10,14.9,181.5
4182025000,2025,11,5.6,23.5
4182025000,2025,12,-1.3,30.0
4425031000,2021,01,NA,24.5
4425031000,2021,02,NA,17.0
4425031000,2021,03,NA,112.5
4425031000,2021,04,NA,55.0
4425031000,2021,05,NA,152.0
4425031000,2021,06,NA,117.0
4425031000,2021,07,NA,276.0
4425031000,2021,08,NA,257.5
4425031000,2021,09,NA,211.0
4425031000,2021,10,NA,42.0
4425031000,2021,11,NA,63.5
4425031000,2021,12,NA,5.5
4425031000,2022,01,NA,1.5
4425031000,2022,02,NA,1.5
4425031000,2022,03,NA,109.5
4425031000,2022,04,NA,91.5
4425031000,2022,05,NA,10.5
4425031000,2022,06,NA,122.5
4425031000,2022,07,NA,221.0
4425031000,2022,08,NA,429.5
4425031000,2022,09,NA,74.5
4425031000,2022,10,NA,104.5
4425031000,2022,11,NA,63.0
4425031000,2022,12,NA,17.0
4425031000,2023,01,NA,34.5
4425031000,2023,02,NA,6.5
4425031000,2023,03,NA,22.5
4425031000,2023,04,NA,64.5
4425031000,2023,05,NA,233.5
4425031000,2023,06,NA,121.0
4425031000,2023,07,NA,535.0
4425031000,2023,08,NA,356.5
4425031000,2023,09,NA,303.0
4425031000,2023,10,NA,21.5
4425031000,2023,11,NA,53.0
4425031000,2023,12,NA,145.5
4425031000,2024,01,NA,62.0
4425031000,2024,02,NA,129.5
4425031000,2024,03,NA,69.5
4425031000,2024,04,NA,42.0
4425031000,2024,05,NA,160.5
4425031000,2024,06,NA,84.0
4425031000,2024,07,NA,687.0
4425031000,2024,08,NA,26.5
4425031000,2024,09,NA,332.0
4425031000,2024,10,NA,134.0
4425031000,2024,11,NA,23.0
4425031000,2024,12,NA,10.0
4425031000,2025,01,NA,21.5
4425031000,2025,02,NA,12.0
4425031000,2025,03,NA,48.5
4425031000,2025,04,NA,75.5
4425031000,2025,05,NA,93.5
4425031000,2025,06,NA,292.5
4425031000,2025,07,NA,245.5
4425031000,2025,08,NA,115.0
4425031000,2025,09,NA,364.0
4425031000,2025,10,NA,188.5
4425031000,2025,11,NA,24.0
4425031000,2025,12,NA,25.5
4723025000,2021,01,-1.2,14.0
4723025000,2021,02,3.5,18.0
4723025000,2021,03,8.8,102.0
4723025000,2021,04,13.1,53.0
4723025000,2021,05,17.2,80.5
4723025000,2021,06,22.5,36.5
4723025000,2021,07,26.4,191.5
4723025000,2021,08,25.3,268.0
4723025000,2021,09,21.2,135.0
4723025000,2021,10,14.9,58.0
4723025000,2021,11,7.3,42.0
4723025000,2021,12,1.0,0.0
4723025000,2022,01,-1.3,0.0
4723025000,2022,02,0.0,0.0
4723025000,2022,03,8.1,39.0
4723025000,2022,04,14.3,41.0
4723025000,2022,05,19.2,4.0
4723025000,2022,06,23.5,108.5
4723025000,2022,07,26.8,113.5
4723025000,2022,08,26.3,170.5
4723025000,2022,09,20.7,75.5
4723025000,2022,10,13.5,32.0
4723025000,2022,11,8.5,51.0
4723025000,2022,12,-1.5,4.5
4723025000,2023,01,-1.3,17.0
4723025000,2023,02,2.4,13.5
4723025000,2023,03,9.9,33.5
4723025000,2023,04,13.7,30.0
4723025000,2023,05,18.3,175.5
4723025000,2023,06,23.4,187.0
4723025000,2023,07,26.7,266.5
4723025000,2023,08,27.4,289.0
4723025000,2023,09,23.2,141.5
4723025000,2023,10,13.9,5.5
4723025000,2023,11,7.3,29.0
4723025000,2023,12,1.9,110.5
4723025000,2024,01,0.5,29.0
4723025000,2024,02,4.2,71.5
4723025000,2024,03,7.3,77.0
4723025000,2024,04,15.1,60.5
4723025000,2024,05,18.4,73.0
4723025000,2024,06,23.8,111.5
4723025000,2024,07,27.8,549.0
4723025000,2024,08,28.7,92.0
4723025000,2024,09,25.1,197.0
4723025000,2024,10,16.2,92.5
4723025000,2024,11,9.0,47.5
4723025000,2024,12,1.5,0.0
4723025000,2025,01,-0.9,4.5
4723025000,2025,02,-0.3,10.5
4723025000,2025,03,8.5,28.5
4723025000,2025,04,14.0,36.5
4723025000,2025,05,17.6,71.5
4723025000,2025,06,24.5,198.0
4723025000,2025,07,27.8,325.5
4723025000,2025,08,28.5,110.0
4723025000,2025,09,23.7,152.5
4723025000,2025,10,16.7,134.5
4723025000,2025,11,7.4,11.5
4723025000,2025,12,1.3,11.5
1217039000,2021,01,0.5,49.0
1217039000,2021,02,4.0,39.5
1217039000,2021,03,9.5,122.0
1217039000,2021,04,13.7,49.5
1217039000,2021,05,17.7,176.5
1217039000,2021,06,23.0,152.0
1217039000,2021,07,26.9,354.5
1217039000,2021,08,25.9,379.0
1217039000,2021,09,22.8,139.0
1217039000,2021,10,15.8,35.0
1217039000,2021,11,8.7,66.5
1217039000,2021,12,2.8,6.5
1217039000,2022,01,0.3,2.0
1217039000,2022,02,0.7,4.5
1217039000,2022,03,8.5,96.5
1217039000,2022,04,14.0,52.5
1217039000,2022,05,17.9,41.0
1217039000,2022,06,23.6,120.0
1217039000,2022,07,26.9,215.5
1217039000,2022,08,26.6,69.0
1217039000,2022,09,22.2,111.0
1217039000,2022,10,14.4,57.5
1217039000,2022,11,9.9,39.5
1217039000,2022,12,-0.1,30.0
1217039000,2023,01,0.5,40.0
1217039000,2023,02,2.9,19.0
1217039000,2023,03,9.3,28.0
1217039000,2023,04,13.5,67.5
1217039000,2023,05,18.6,210.0
1217039000,2023,06,22.9,397.0
1217039000,2023,07,26.5,635.0
1217039000,2023,08,27.4,195.0
1217039000,2023,09,23.7,131.0
1217039000,2023,10,15.3,13.0
1217039000,2023,11,9.1,66.5
1217039000,2023,12,4.0,76.0
1217039000,2024,01,2.3,47.0
1217039000,2024,02,5.6,112.5
1217039000,2024,03,7.6,71.0
1217039000,2024,04,15.7,94.5
1217039000,2024,05,18.5,94.5
1217039000,2024,06,23.4,109.5
1217039000,2024,07,27.2,205.5
1217039000,2024,08,28.8,79.5
1217039000,2024,09,26.1,171.5
1217039000,2024,10,17.0,140.5
1217039000,2024,11,10.6,64.0
1217039000,2024,12,2.8,7.5
1217039000,2025,01,0.6,18.5
1217039000,2025,02,0.5,40.0
1217039000,2025,03,8.3,28.5
1217039000,2025,04,13.5,52.5
1217039000,2025,05,17.5,111.5
1217039000,2025,06,23.5,200.5
1217039000,2025,07,28.2,346.5
1217039000,2025,08,27.7,206.5
1217039000,2025,09,24.3,184.5
1217039000,2025,10,18.1,137.5
1217039000,2025,11,9.1,28.5
1217039000,2025,12,3.8,32.5
5271033000,2021,01,-0.6,18.5
5271033000,2021,02,2.8,8.5
5271033000,2021,03,8.5,116.0
5271033000,2021,04,13.6,31.5
5271033000,2021,05,17.6,177.5
5271033000,2021,06,22.6,144.5
5271033000,2021,07,27.1,224.0
5271033000,2021,08,26.0,357.5
5271033000,2021,09,22.8,199.0
5271033000,2021,10,15.8,43.0
5271033000,2021,11,8.7,81.5
5271033000,2021,12,2.3,5.0
5271033000,2022,01,-1.3,0.0
5271033000,2022,02,-0.6,2.0
5271033000,2022,03,7.5,84.5
5271033000,2022,04,13.5,76.0
5271033000,2022,05,18.0,5.5
5271033000,2022,06,23.7,163.0
5271033000,2022,07,27.1,135.0
5271033000,2022,08,26.3,302.0
5271033000,2022,09,22.3,80.0
5271033000,2022,10,14.2,50.5
5271033000,2022,11,9.7,67.0
5271033000,2022,12,-1.2,24.0
5271033000,2023,01,-0.2,24.5
5271033000,2023,02,1.6,6.5
5271033000,2023,03,8.9,32.0
5271033000,2023,04,13.5,43.0
5271033000,2023,05,18.8,225.5
5271033000,2023,06,23.2,181.5
5271033000,2023,07,26.7,698.0
5271033000,2023,08,27.4,286.5
5271033000,2023,09,23.4,181.5
5271033000,2023,10,15.4,14.0
5271033000,2023,11,8.5,75.0
5271033000,2023,12,3.4,138.0
5271033000,2024,01,1.4,50.0
5271033000,2024,02,5.1,99.0
5271033000,2024,03,7.2,76.5
5271033000,2024,04,15.3,47.0
5271033000,2024,05,18.2,121.5
5271033000,2024,06,23.4,89.5
5271033000,2024,07,27.5,385.0
5271033000,2024,08,29.1,58.0
5271033000,2024,09,26.3,157.5
5271033000,2024,10,16.6,70.5
5271033000,2024,11,9.7,38.0
5271033000,2024,12,2.1,19.0
5271033000,2025,01,-0.2,33.0
5271033000,2025,02,-0.9,17.5
5271033000,2025,03,7.9,33.0
5271033000,2025,04,13.3,62.0
5271033000,2025,05,17.7,103.5
5271033000,2025,06,23.7,313.0
5271033000,2025,07,28.3,187.5
5271033000,2025,08,27.9,237.5
5271033000,2025,09,24.1,461.5
5271033000,2025,10,17.7,105.0
5271033000,2025,11,8.7,24.0
5271033000,2025,12,3.1,24.5
5180000000,2021,01,-5.9,6.5
5180000000,2021,02,-0.7,4.0
5180000000,2021,03,4.4,62.0
5180000000,2021,04,9.5,123.0
5180000000,2021,05,13.3,223.5
5180000000,2021,06,18.1,153.5
5180000000,2021,07,22.9,150.0
5180000000,2021,08,21.0,149.0
5180000000,2021,09,17.2,120.5
5180000000,2021,10,11.0,159.0
5180000000,2021,11,4.2,78.0
5180000000,2021,12,-2.8,2.5
5180000000,2022,01,-5.6,3.0
5180000000,2022,02,-4.6,7.5
5180000000,2022,03,3.7,111.0
5180000000,2022,04,11.1,36.0
5180000000,2022,05,14.6,10.0
5180000000,2022,06,18.6,463.5
5180000000,2022,07,22.6,244.5
5180000000,2022,08,21.8,394.5
5180000000,2022,09,16.4,291.5
5180000000,2022,10,9.4,141.0
5180000000,2022,11,5.6,78.5
5180000000,2022,12,-6.3,0.5
5180000000,2023,01,-5.5,31.0
5180000000,2023,02,-1.9,7.5
5180000000,2023,03,5.9,22.0
5180000000,2023,04,9.7,116.0
5180000000,2023,05,14.9,117.5
5180000000,2023,06,19.2,311.0
5180000000,2023,07,23.4,303.0
5180000000,2023,08,22.6,243.5
5180000000,2023,09,18.3,186.0
5180000000,2023,10,10.2,35.5
5180000000,2023,11,3.5,133.0
5180000000,2023,12,-3.1,35.0
5180000000,2024,01,-4.2,23.0
5180000000,2024,02,-1.2,66.5
5180000000,2024,03,2.6,51.0
5180000000,2024,04,11.6,34.5
5180000000,2024,05,14.5,146.5
5180000000,2024,06,20.0,175.5
5180000000,2024,07,23.2,428.5
5180000000,2024,08,24.2,123.0
5180000000,2024,09,19.3,255.0
5180000000,2024,10,11.2,125.5
5180000000,2024,11,5.2,34.5
5180000000,2024,12,-2.9,2.5
5180000000,2025,01,-4.9,5.5
5180000000,2025,02,-4.5,2.5
5180000000,2025,03,3.3,47.0
5180000000,2025,04,10.3,122.5
5180000000,2025,05,13.6,111.0
5180000000,2025,06,20.5,142.5
5180000000,2025,07,23.8,146.5
5180000000,2025,08,24.0,216.5
5180000000,2025,09,18.3,323.5
5180000000,2025,10,12.0,212.0
5180000000,2025,11,4.5,18.5
5180000000,2025,12,-1.8,15.5
5123031000,2021,01,0.7,7.0
5123031000,2021,02,4.9,0.5
5123031000,2021,03,8.8,90.5
5123031000,2021,04,12.3,75.0
5123031000,2021,05,16.5,121.5
5123031000,2021,06,20.4,41.5
5123031000,2021,07,24.9,128.5
5123031000,2021,08,24.0,324.0
5123031000,2021,09,20.9,184.5
5123031000,2021,10,15.8,264.5
5123031000,2021,11,10.2,8.0
5123031000,2021,12,4.1,19.5
5123031000,2022,01,1.2,12.5
5123031000,2022,02,1.7,0.0
5123031000,2022,03,7.6,98.0
5123031000,2022,04,14.1,32.5
5123031000,2022,05,18.3,7.0
5123031000,2022,06,21.4,98.5
5123031000,2022,07,24.4,135.0
5123031000,2022,08,24.8,246.0
5123031000,2022,09,20.3,179.0
5123031000,2022,10,14.3,283.0
5123031000,2022,11,11.6,112.5
5123031000,2022,12,1.5,0.0
5123031000,2023,01,2.1,51.5
5123031000,2023,02,3.6,68.0
5123031000,2023,03,9.7,14.5
5123031000,2023,04,13.5,12.0
5123031000,2023,05,17.2,100.0
5123031000,2023,06,21.8,144.5
5123031000,2023,07,25.2,101.0
5123031000,2023,08,25.2,503.5
5123031000,2023,09,22.0,249.0
5123031000,2023,10,16.1,20.0
5123031000,2023,11,10.2,35.5
5123031000,2023,12,3.8,187.5
5123031000,2024,01,2.8,21.0
5123031000,2024,02,3.6,126.5
5123031000,2024,03,6.6,71.5
5123031000,2024,04,14.1,39.5
5123031000,2024,05,17.9,50.0
5123031000,2024,06,21.9,121.5
5123031000,2024,07,26.5,161.0
5123031000,2024,08,27.2,68.0
5123031000,2024,09,22.8,378.0
5123031000,2024,10,16.3,176.5
5123031000,2024,11,11.1,68.0
5123031000,2024,12,3.9,12.5
5123031000,2025,01,1.8,23.0
5123031000,2025,02,1.7,0.5
5123031000,2025,03,7.3,45.5
5123031000,2025,04,12.3,18.0
5123031000,2025,05,16.7,45.5
5123031000,2025,06,22.6,21.5
5123031000,2025,07,26.8,84.5
5123031000,2025,08,27.0,14.5
5123031000,2025,09,22.4,195.0
5123031000,2025,10,15.9,513.5
5123031000,2025,11,10.4,14.5
5123031000,2025,12,4.6,8.5
4315025000,2021,01,-4.4,13.5
4315025000,2021,02,0.9,10.5
4315025000,2021,03,7.0,113.5
4315025000,2021,04,12.2,104.5
4315025000,2021,05,15.0,167.5
4315025000,2021,06,21.0,90.0
4315025000,2021,07,25.5,223.0
4315025000,2021,08,23.3,159.0
4315025000,2021,09,19.8,265.5
4315025000,2021,10,13.5,32.5
4315025000,2021,11,5.8,50.0
4315025000,2021,12,-1.2,6.0
4315025000,2022,01,-4.0,2.0
4315025000,2022,02,-1.8,6.0
4315025000,2022,03,5.7,97.5
4315025000,2022,04,12.5,41.5
4315025000,2022,05,16.9,8.0
4315025000,2022,06,21.5,167.5
4315025000,2022,07,25.3,311.5
4315025000,2022,08,23.7,521.0
4315025000,2022,09,19.5,97.0
4315025000,2022,10,11.8,90.0
4315025000,2022,11,7.4,58.0
4315025000,2022,12,-2.0,15.5
4315025000,2023,01,-4.0,33.5
4315025000,2023,02,0.2,2.0
4315025000,2023,03,7.9,13.5
4315025000,2023,04,11.7,52.0
4315025000,2023,05,17.3,161.0
4315025000,2023,06,21.9,244.0
4315025000,2023,07,24.8,615.0
4315025000,2023,08,25.5,208.0
4315025000,2023,09,21.3,213.0
4315025000,2023,10,12.0,28.5
4315025000,2023,11,5.1,48.0
4315025000,2023,12,-0.9,94.5
4315025000,2024,01,-2.1,24.5
4315025000,2024,02,2.0,73.5
4315025000,2024,03,5.0,50.0
4315025000,2024,04,14.5,54.5
4315025000,2024,05,16.7,134.0
4315025000,2024,06,22.2,171.5
4315025000,2024,07,24.9,454.0
4315025000,2024,08,26.9,116.0
4315025000,2024,09,23.2,199.5
4315025000,2024,10,14.0,107.5
4315025000,2024,11,7.5,35.0
4315025000,2024,12,-1.5,5.5
4315025000,2025,01,-3.3,7.0
4315025000,2025,02,-3.7,11.0
4315025000,2025,03,5.8,47.0
4315025000,2025,04,11.9,72.5
4315025000,2025,05,15.7,145.5
4315025000,2025,06,22.1,180.5
4315025000,2025,07,26.0,225.0
4315025000,2025,08,25.9,119.5
4315025000,2025,09,21.3,239.5
4315025000,2025,10,14.9,196.5
4315025000,2025,11,5.8,14.5
4315025000,2025,12,-0.9,24.0
5277040000,2021,01,-2.4,59.5
5277040000,2021,02,2.0,50.0
5277040000,2021,03,7.7,143.5
5277040000,2021,04,12.0,58.5
5277040000,2021,05,15.6,111.0
5277040000,2021,06,20.8,152.5
5277040000,2021,07,24.6,315.5
5277040000,2021,08,23.8,348.5
5277040000,2021,09,20.3,114.0
5277040000,2021,10,13.1,33.5
5277040000,2021,11,5.9,107.5
5277040000,2021,12,0.0,25.5
5277040000,2022,01,-2.7,6.5
5277040000,2022,02,-2.6,10.0
5277040000,2022,03,5.9,126.5
5277040000,2022,04,11.7,51.5
5277040000,2022,05,15.3,2.0
5277040000,2022,06,21.3,210.0
5277040000,2022,07,24.4,200.5
5277040000,2022,08,24.5,105.5
5277040000,2022,09,19.8,84.5
5277040000,2022,10,11.6,43.5
5277040000,2022,11,7.2,91.0
5277040000,2022,12,-3.6,23.5
5277040000,2023,01,-2.0,34.5
5277040000,2023,02,1.1,14.5
5277040000,2023,03,8.2,32.0
5277040000,2023,04,12.0,89.5
5277040000,2023,05,17.0,248.5
5277040000,2023,06,21.4,289.0
5277040000,2023,07,25.4,865.5
5277040000,2023,08,26.1,336.5
5277040000,2023,09,22.1,219.0
5277040000,2023,10,13.2,10.0
5277040000,2023,11,7.0,97.5
5277040000,2023,12,3.0,127.0
5277040000,2024,01,0.2,50.0
5277040000,2024,02,3.8,138.0
5277040000,2024,03,5.3,78.5
5277040000,2024,04,14.1,82.5
5277040000,2024,05,16.2,154.0
5277040000,2024,06,21.2,154.0
5277040000,2024,07,25.8,338.5
5277040000,2024,08,26.8,118.0
5277040000,2024,09,24.1,232.5
5277040000,2024,10,14.6,80.0
5277040000,2024,11,8.0,75.5
5277040000,2024,12,0.4,27.0
5277040000,2025,01,-2.0,45.0
5277040000,2025,02,-2.6,46.0
5277040000,2025,03,6.0,48.5
5277040000,2025,04,11.6,50.5
5277040000,2025,05,15.3,146.5
5277040000,2025,06,21.5,286.5
5277040000,2025,07,26.1,406.0
5277040000,2025,08,25.8,309.0
5277040000,2025,09,22.3,297.5
5277040000,2025,10,15.9,141.5
5277040000,2025,11,6.8,31.5
5277040000,2025,12,1.2,41.5
1281033000,2021,01,1.0,41.0
1281033000,2021,02,4.3,30.5
1281033000,2021,03,8.7,124.0
1281033000,2021,04,13.3,39.0
1281033000,2021,05,17.4,126.5
1281033000,2021,06,22.6,107.0
1281033000,2021,07,26.8,272.0
1281033000,2021,08,26.0,209.0
1281033000,2021,09,22.9,133.0
1281033000,2021,10,16.5,30.5
1281033000,2021,11,10.0,64.5
1281033000,2021,12,3.4,12.0
1281033000,2022,01,0.4,1.5
1281033000,2022,02,0.8,1.0
1281033000,2022,03,8.1,100.5
1281033000,2022,04,13.3,56.5
1281033000,2022,05,17.3,2.0
1281033000,2022,06,23.2,94.5
1281033000,2022,07,26.9,133.5
1281033000,2022,08,26.6,91.5
1281033000,2022,09,22.2,100.5
1281033000,2022,10,14.7,48.0
1281033000,2022,11,10.6,39.5
1281033000,2022,12,0.9,27.0
1281033000,2023,01,1.2,31.5
1281033000,2023,02,2.5,24.0
1281033000,2023,03,8.8,33.0
1281033000,2023,04,12.9,71.0
1281033000,2023,05,18.2,140.0
1281033000,2023,06,22.4,265.5
1281033000,2023,07,26.4,673.5
1281033000,2023,08,27.2,171.5
1281033000,2023,09,23.5,185.0
1281033000,2023,10,15.8,8.5
1281033000,2023,11,9.8,88.5
1281033000,2023,12,4.5,72.0
1281033000,2024,01,2.6,54.0
1281033000,2024,02,5.6,108.0
1281033000,2024,03,7.1,68.5
1281033000,2024,04,14.4,88.0
1281033000,2024,05,17.6,97.0
1281033000,2024,06,22.6,158.5
1281033000,2024,07,27.1,212.0
1281033000,2024,08,28.3,207.5
1281033000,2024,09,26.2,85.5
1281033000,2024,10,17.2,133.5
1281033000,2024,11,11.2,48.5
1281033000,2024,12,3.5,11.0
1281033000,2025,01,1.1,19.0
1281033000,2025,02,0.9,41.5
1281033000,2025,03,7.9,33.5
1281033000,2025,04,12.8,50.5
1281033000,2025,05,17.0,108.5
1281033000,2025,06,23.0,255.5
1281033000,2025,07,28.0,386.5
1281033000,2025,08,27.7,442.0
1281033000,2025,09,24.5,213.0
1281033000,2025,10,18.0,120.5
1281033000,2025,11,9.5,27.5
1281033000,2025,12,4.2,36.5
4711300000,2021,01,0.7,29.0
4711300000,2021,02,5.2,13.5
4711300000,2021,03,9.6,88.0
4711300000,2021,04,13.1,70.0
4711300000,2021,05,17.5,116.0
4711300000,2021,06,21.8,50.0
4711300000,2021,07,25.8,210.0
4711300000,2021,08,24.9,558.0
4711300000,2021,09,21.4,156.5
4711300000,2021,10,16.2,97.5
4711300000,2021,11,9.8,44.0
4711300000,2021,12,3.7,0.0
4711300000,2022,01,1.6,0.5
4711300000,2022,02,1.7,3.5
4711300000,2022,03,8.9,64.0
4711300000,2022,04,14.9,37.5
4711300000,2022,05,19.8,3.5
4711300000,2022,06,23.1,109.0
4711300000,2022,07,25.4,75.5
4711300000,2022,08,25.6,108.0
4711300000,2022,09,20.1,246.5
4711300000,2022,10,14.8,24.0
4711300000,2022,11,11.3,123.5
4711300000,2022,12,1.3,4.0
4711300000,2023,01,1.9,17.5
4711300000,2023,02,4.3,25.5
4711300000,2023,03,11.0,46.5
4711300000,2023,04,14.1,42.0
4711300000,2023,05,18.5,152.5
4711300000,2023,06,22.9,154.5
4711300000,2023,07,26.2,207.0
4711300000,2023,08,26.4,235.5
4711300000,2023,09,22.9,168.5
4711300000,2023,10,16.2,2.0
4711300000,2023,11,10.0,16.5
4711300000,2023,12,4.1,122.0
4711300000,2024,01,2.7,31.5
4711300000,2024,02,5.3,119.5
4711300000,2024,03,7.8,92.0
4711300000,2024,04,15.1,64.0
4711300000,2024,05,18.7,73.5
4711300000,2024,06,23.5,106.5
4711300000,2024,07,27.6,242.5
4711300000,2024,08,28.3,18.0
4711300000,2024,09,24.5,189.5
4711300000,2024,10,17.4,110.5
4711300000,2024,11,11.1,49.5
4711300000,2024,12,3.9,0.0
4711300000,2025,01,1.8,6.5
4711300000,2025,02,1.8,5.0
4711300000,2025,03,9.0,51.0
4711300000,2025,04,14.4,33.5
4711300000,2025,05,17.7,99.0
4711300000,2025,06,24.6,148.5
4711300000,2025,07,27.6,226.0
4711300000,2025,08,28.2,77.0
4711300000,2025,09,23.4,118.5
4711300000,2025,10,16.9,244.0
4711300000,2025,11,10.1,9.5
4711300000,2025,12,4.4,17.0
4782025000,2021,01,0.0,14.0
4782025000,2021,02,4.2,18.5
4782025000,2021,03,9.9,160.0
4782025000,2021,04,13.9,62.0
4782025000,2021,05,17.6,134.0
4782025000,2021,06,22.6,46.5
4782025000,2021,07,26.2,201.0
4782025000,2021,08,25.1,391.5
4782025000,2021,09,21.6,82.0
4782025000,2021,10,15.5,49.5
4782025000,2021,11,7.9,67.5
4782025000,2021,12,1.9,3.0
4782025000,2022,01,0.0,0.0
4782025000,2022,02,1.0,0.0
4782025000,2022,03,9.1,53.5
4782025000,2022,04,14.7,41.5
4782025000,2022,05,19.4,4.0
4782025000,2022,06,23.3,123.0
4782025000,2022,07,26.8,113.0
4782025000,2022,08,26.1,171.5
4782025000,2022,09,21.1,146.5
4782025000,2022,10,14.3,16.0
4782025000,2022,11,9.8,59.5
4782025000,2022,12,-0.4,9.5
4782025000,2023,01,0.0,39.0
4782025000,2023,02,3.5,22.5
4782025000,2023,03,10.7,40.0
4782025000,2023,04,14.3,64.0
4782025000,2023,05,18.5,258.5
4782025000,2023,06,23.2,209.5
4782025000,2023,07,26.2,356.5
4782025000,2023,08,27.2,339.5
4782025000,2023,09,23.2,164.5
4782025000,2023,10,14.5,7.5
4782025000,2023,11,8.2,59.5
4782025000,2023,12,3.0,123.0
4782025000,2024,01,1.7,24.5
4782025000,2024,02,5.7,79.0
4782025000,2024,03,8.4,91.5
4782025000,2024,04,16.1,75.0
4782025000,2024,05,19.1,102.0
4782025000,2024,06,23.9,123.0
4782025000,2024,07,27.8,347.5
4782025000,2024,08,28.9,56.5
4782025000,2024,09,25.4,171.0
4782025000,2024,10,16.9,126.5
4782025000,2024,11,10.2,58.0
4782025000,2024,12,2.2,0.0
4782025000,2025,01,0.2,5.0
4782025000,2025,02,0.6,12.5
4782025000,2025,03,9.2,40.5
4782025000,2025,04,14.7,62.0
4782025000,2025,05,17.8,102.5
4782025000,2025,06,24.1,190.5
4782025000,2025,07,27.6,530.0
4782025000,2025,08,27.8,183.0
4782025000,2025,09,24.0,90.5
4782025000,2025,10,17.4,89.5
4782025000,2025,11,8.5,16.5
4782025000,2025,12,2.7,16.5
4792000000,2021,01,-4.4,6.0
4792000000,2021,02,0.6,7.5
4792000000,2021,03,6.6,100.5
4792000000,2021,04,10.9,68.5
4792000000,2021,05,14.4,36.0
4792000000,2021,06,20.0,0.0
4792000000,2021,07,24.3,23.0
4792000000,2021,08,22.8,234.5
4792000000,2021,09,18.9,169.0
4792000000,2021,10,12.8,45.5
4792000000,2021,11,5.4,39.5
4792000000,2021,12,-1.0,0.5
4792000000,2022,01,-3.6,0.0
4792000000,2022,02,-2.9,1.0
4792000000,2022,03,5.3,96.5
4792000000,2022,04,11.8,32.5
4792000000,2022,05,16.3,4.5
4792000000,2022,06,21.0,124.0
4792000000,2022,07,24.8,167.0
4792000000,2022,08,23.4,346.0
4792000000,2022,09,19.0,38.5
4792000000,2022,10,11.4,64.0
4792000000,2022,11,6.9,74.5
4792000000,2022,12,-4.8,5.0
4792000000,2023,01,-3.6,18.5
4792000000,2023,02,0.3,5.5
4792000000,2023,03,7.4,28.0
4792000000,2023,04,10.8,60.5
4792000000,2023,05,16.2,119.5
4792000000,2023,06,20.9,385.0
4792000000,2023,07,24.1,518.5
4792000000,2023,08,25.3,296.0
4792000000,2023,09,20.9,190.0
4792000000,2023,10,11.6,26.5
4792000000,2023,11,4.8,36.5
4792000000,2023,12,-1.0,90.5
4792000000,2024,01,-2.0,11.0
4792000000,2024,02,1.6,57.0
4792000000,2024,03,4.4,49.5
4792000000,2024,04,13.7,43.5
4792000000,2024,05,16.0,98.5
4792000000,2024,06,21.4,86.5
4792000000,2024,07,24.7,429.0
4792000000,2024,08,26.1,21.5
4792000000,2024,09,22.8,182.5
4792000000,2024,10,14.1,94.0
4792000000,2024,11,7.4,26.5
4792000000,2024,12,-1.3,3.0
4792000000,2025,01,-3.1,4.5
4792000000,2025,02,-3.6,4.5
4792000000,2025,03,5.2,43.5
4792000000,2025,04,11.5,61.0
4792000000,2025,05,15.1,109.5
4792000000,2025,06,21.7,152.5
4792000000,2025,07,25.5,169.0
4792000000,2025,08,25.6,49.5
4792000000,2025,09,21.0,168.0
4792000000,2025,10,14.4,139.0
4792000000,2025,11,5.4,6.0
4792000000,2025,12,-1.1,17.0
5011025600,2021,01,4.9,81.0
5011025600,2021,02,7.6,59.0
5011025600,2021,03,10.9,160.5
5011025600,2021,04,14.0,79.5
5011025600,2021,05,18.1,151.5
5011025600,2021,06,22.2,168.0
5011025600,2021,07,26.3,247.5
5011025600,2021,08,25.6,473.5
5011025600,2021,09,23.0,525.5
5011025600,2021,10,17.9,101.5
5011025600,2021,11,11.5,152.0
5011025600,2021,12,6.7,35.5
5011025600,2022,01,4.3,30.0
5011025600,2022,02,3.7,35.0
5011025600,2022,03,10.0,236.5
5011025600,2022,04,14.4,154.5
5011025600,2022,05,17.9,20.0
5011025600,2022,06,22.2,229.0
5011025600,2022,07,26.5,254.0
5011025600,2022,08,27.0,160.5
5011025600,2022,09,22.4,343.5
5011025600,2022,10,16.5,38.5
5011025600,2022,11,13.1,120.5
5011025600,2022,12,4.7,50.0
5011025600,2023,01,4.8,64.5
5011025600,2023,02,5.9,125.0
5011025600,2023,03,10.9,58.0
5011025600,2023,04,14.3,133.5
5011025600,2023,05,18.0,417.5
5011025600,2023,06,22.1,302.0
5011025600,2023,07,26.5,410.0
5011025600,2023,08,26.9,289.0
5011025600,2023,09,24.0,320.5
5011025600,2023,10,16.8,46.0
5011025600,2023,11,11.5,94.5
5011025600,2023,12,7.6,138.0
5011025600,2024,01,6.1,125.5
5011025600,2024,02,8.1,462.0
5011025600,2024,03,9.4,77.0
5011025600,2024,04,15.4,150.5
5011025600,2024,05,17.9,126.0
5011025600,2024,06,21.8,313.5
5011025600,2024,07,27.4,224.5
5011025600,2024,08,28.2,85.0
5011025600,2024,09,25.9,303.5
5011025600,2024,10,19.0,224.0
5011025600,2024,11,13.1,327.0
5011025600,2024,12,6.6,5.0
5011025600,2025,01,4.6,24.5
5011025600,2025,02,3.5,63.5
5011025600,2025,03,10.1,100.5
5011025600,2025,04,13.9,58.5
5011025600,2025,05,17.1,134.5
5011025600,2025,06,22.7,136.5
5011025600,2025,07,27.0,116.5
5011025600,2025,08,27.7,127.0
5011025600,2025,09,25.1,371.0
5011025600,2025,10,19.9,223.0
5011025600,2025,11,12.0,65.5
5011025600,2025,12,7.4,25.0
4427000000,2021,01,-2.2,21.5
4427000000,2021,02,2.2,5.0
4427000000,2021,03,7.1,106.0
4427000000,2021,04,12.6,88.5
4427000000,2021,05,16.2,124.5
4427000000,2021,06,21.8,55.0
4427000000,2021,07,26.6,102.0
4427000000,2021,08,24.9,235.0
4427000000,2021,09,21.7,160.5
4427000000,2021,10,15.0,42.0
4427000000,2021,11,7.6,136.0
4427000000,2021,12,1.0,10.5
4427000000,2022,01,-2.6,1.0
4427000000,2022,02,-1.4,6.5
4427000000,2022,03,6.2,68.5
4427000000,2022,04,12.7,46.5
4427000000,2022,05,17.3,2.5
4427000000,2022,06,22.4,330.5
4427000000,2022,07,26.1,166.0
4427000000,2022,08,24.9,446.5
4427000000,2022,09,20.9,150.0
4427000000,2022,10,13.2,93.0
4427000000,2022,11,8.8,52.5
4427000000,2022,12,-2.5,20.5
4427000000,2023,01,-1.1,32.0
4427000000,2023,02,1.4,0.0
4427000000,2023,03,8.3,6.0
4427000000,2023,04,13.3,52.5
4427000000,2023,05,18.9,80.0
4427000000,2023,06,23.1,95.0
4427000000,2023,07,26.7,402.0
4427000000,2023,08,27.1,263.5
4427000000,2023,09,23.3,163.0
4427000000,2023,10,15.4,24.5
4427000000,2023,11,8.5,101.0
4427000000,2023,12,2.8,97.0
4427000000,2024,01,0.5,28.5
4427000000,2024,02,4.1,95.0
4427000000,2024,03,7.3,25.5
4427000000,2024,04,15.3,47.0
4427000000,2024,05,18.2,95.0
4427000000,2024,06,24.0,121.5
4427000000,2024,07,27.6,460.5
4427000000,2024,08,29.6,156.5
4427000000,2024,09,26.2,234.0
4427000000,2024,10,16.6,105.5
4427000000,2024,11,9.4,65.0
4427000000,2024,12,1.1,14.5
4427000000,2025,01,-0.9,16.0
4427000000,2025,02,-1.5,9.5
4427000000,2025,03,6.8,49.5
4427000000,2025,04,12.2,62.5
4427000000,2025,05,16.7,79.5
4427000000,2025,06,22.8,86.0
4427000000,2025,07,27.6,393.5
4427000000,2025,08,27.3,141.5
4427000000,2025,09,22.8,456.5
4427000000,2025,10,16.2,156.0
4427000000,2025,11,8.3,23.5
4427000000,2025,12,1.8,33.5
5177025000,2021,01,-4.5,11.5
5177025000,2021,02,1.1,9.0
5177025000,2021,03,6.7,117.5
5177025000,2021,04,11.1,113.0
5177025000,2021,05,14.7,175.5
5177025000,2021,06,20.2,93.5
5177025000,2021,07,24.8,142.5
5177025000,2021,08,22.6,198.0
5177025000,2021,09,19.0,181.0
5177025000,2021,10,12.8,0.5
5177025000,2021,11,5.5,1.5
5177025000,2021,12,-0.9,3.0
5177025000,2022,01,-4.2,2.0
5177025000,2022,02,-3.1,5.0
5177025000,2022,03,5.4,53.0
5177025000,2022,04,12.3,40.0
5177025000,2022,05,16.5,12.0
5177025000,2022,06,21.0,308.0
5177025000,2022,07,24.7,282.0
5177025000,2022,08,23.2,342.5
5177025000,2022,09,18.4,78.5
5177025000,2022,10,11.0,0.0
5177025000,2022,11,6.5,0.0
5177025000,2022,12,-4.8,0.0
5177025000,2023,01,-4.1,0.0
5177025000,2023,02,0.0,0.0
5177025000,2023,03,7.2,0.0
5177025000,2023,04,11.2,53.5
5177025000,2023,05,16.4,125.0
5177025000,2023,06,21.3,248.0
5177025000,2023,07,24.4,421.5
5177025000,2023,08,24.7,260.5
5177025000,2023,09,20.4,165.0
5177025000,2023,10,11.5,20.0
5177025000,2023,11,5.5,63.5
5177025000,2023,12,-1.1,96.5
5177025000,2024,01,-2.0,23.0
5177025000,2024,02,0.7,86.0
5177025000,2024,03,4.5,49.5
5177025000,2024,04,13.2,36.0
5177025000,2024,05,16.2,85.0
5177025000,2024,06,21.4,171.5
5177025000,2024,07,24.7,327.5
5177025000,2024,08,26.0,72.0
5177025000,2024,09,21.8,220.5
5177025000,2024,10,13.2,158.0
5177025000,2024,11,6.9,27.5
5177025000,2024,12,-1.0,2.0
5177025000,2025,01,-3.6,8.5
5177025000,2025,02,-3.4,7.0
5177025000,2025,03,4.9,51.0
5177025000,2025,04,12.0,71.5
5177025000,2025,05,16.0,120.0
5177025000,2025,06,21.9,111.0
5177025000,2025,07,25.6,145.0
5177025000,2025,08,25.7,63.0
5177025000,2025,09,20.3,243.0
5177025000,2025,10,13.9,186.5
5177025000,2025,11,5.6,12.0
5177025000,2025,12,-0.1,26.0
4167011200,2021,01,-4.5,12.5
4167011200,2021,02,0.8,6.0
4167011200,2021,03,7.3,100.0
4167011200,2021,04,12.3,85.5
4167011200,2021,05,15.4,150.5
4167011200,2021,06,21.6,34.5
4167011200,2021,07,26.1,174.5
4167011200,2021,08,24.0,106.0
4167011200,2021,09,20.3,184.0
4167011200,2021,10,13.6,37.5
4167011200,2021,11,5.8,59.0
4167011200,2021,12,-1.3,6.5
4167011200,2022,01,-4.3,2.0
4167011200,2022,02,-2.8,3.5
4167011200,2022,03,5.9,89.5
4167011200,2022,04,12.6,56.5
4167011200,2022,05,17.0,6.5
4167011200,2022,06,22.0,207.5
4167011200,2022,07,25.7,192.0
4167011200,2022,08,24.4,506.0
4167011200,2022,09,19.8,194.0
4167011200,2022,10,12.2,90.0
4167011200,2022,11,7.1,56.0
4167011200,2022,12,-5.5,12.0
4167011200,2023,01,-3.7,36.0
4167011200,2023,02,0.2,0.5
4167011200,2023,03,7.9,8.0
4167011200,2023,04,12.2,50.0
4167011200,2023,05,17.7,149.5
4167011200,2023,06,22.4,100.0
4167011200,2023,07,25.5,463.5
4167011200,2023,08,26.2,195.5
4167011200,2023,09,21.8,182.5
4167011200,2023,10,12.7,33.5
4167011200,2023,11,5.4,57.0
4167011200,2023,12,-0.7,85.5
4167011200,2024,01,-1.9,21.5
4167011200,2024,02,2.4,89.5
4167011200,2024,03,5.5,38.0
4167011200,2024,04,14.8,64.0
4167011200,2024,05,17.3,104.0
4167011200,2024,06,22.8,127.5
4167011200,2024,07,25.7,483.0
4167011200,2024,08,27.6,90.0
4167011200,2024,09,23.8,131.0
4167011200,2024,10,14.5,125.0
4167011200,2024,11,7.6,62.0
4167011200,2024,12,-1.3,7.5
4167011200,2025,01,-2.9,13.5
4167011200,2025,02,-3.1,8.0
4167011200,2025,03,6.5,47.0
4167011200,2025,04,12.3,72.5
4167011200,2025,05,16.5,57.0
4167011200,2025,06,22.9,94.0
4167011200,2025,07,27.0,224.0
4167011200,2025,08,26.7,100.0
4167011200,2025,09,21.9,291.0
4167011200,2025,10,15.7,121.5
4167011200,2025,11,6.7,12.5
4167011200,2025,12,-0.5,40.5
4884031000,2021,01,1.9,20.5
4884031000,2021,02,5.8,48.0
4884031000,2021,03,10.4,223.5
4884031000,2021,04,14.3,115.0
4884031000,2021,05,18.5,160.0
4884031000,2021,06,22.5,136.0
4884031000,2021,07,26.6,492.0
4884031000,2021,08,26.4,447.5
4884031000,2021,09,22.4,161.0
4884031000,2021,10,17.4,45.0
4884031000,2021,11,10.6,52.0
4884031000,2021,12,4.7,2.0
4884031000,2022,01,2.2,0.0
4884031000,2022,02,2.6,0.0
4884031000,2022,03,9.8,157.0
4884031000,2022,04,15.2,130.5
4884031000,2022,05,19.8,6.0
4884031000,2022,06,22.9,106.0
4884031000,2022,07,27.2,112.0
4884031000,2022,08,27.0,1840.8
4884031000,2022,09,22.7,316.0
4884031000,2022,10,16.6,17.0
4884031000,2022,11,12.1,54.5
4884031000,2022,12,2.1,7.0
4884031000,2023,01,2.5,104.5
4884031000,2023,02,5.0,33.5
4884031000,2023,03,11.2,62.5
4884031000,2023,04,14.6,139.0
4884031000,2023,05,18.5,403.5
4884031000,2023,06,23.2,257.0
4884031000,2023,07,26.1,337.5
4884031000,2023,08,28.0,394.5
4884031000,2023,09,24.4,269.5
4884031000,2023,10,17.2,4.0
4884031000,2023,11,10.6,75.5
4884031000,2023,12,5.1,86.5
4884031000,2024,01,3.5,49.0
4884031000,2024,02,6.1,186.0
4884031000,2024,03,8.9,142.5
4884031000,2024,04,15.6,245.5
4884031000,2024,05,19.2,310.5
4884031000,2024,06,23.4,199.5
4884031000,2024,07,27.4,284.0
4884031000,2024,08,29.4,64.0
4884031000,2024,09,26.7,292.5
4884031000,2024,10,18.5,213.5
4884031000,2024,11,12.2,130.0
4884031000,2024,12,4.7,0.0
4884031000,2025,01,2.5,7.5
4884031000,2025,02,2.0,24.0
4884031000,2025,03,9.4,74.0
4884031000,2025,04,14.7,126.5
4884031000,2025,05,17.9,202.5
4884031000,2025,06,23.7,226.0
4884031000,2025,07,28.2,151.0
4884031000,2025,08,28.4,352.0
4884031000,2025,09,25.3,81.0
4884031000,2025,10,19.1,157.0
4884031000,2025,11,10.9,282.5
4884031000,2025,12,5.2,14.5
4313012200,2021,01,-3.9,13.5
4313012200,2021,02,1.4,12.5
4313012200,2021,03,7.6,79.5
4313012200,2021,04,12.5,67.5
4313012200,2021,05,15.5,190.5
4313012200,2021,06,21.2,125.5
4313012200,2021,07,25.3,292.5
4313012200,2021,08,23.5,259.5
4313012200,2021,09,20.0,256.5
4313012200,2021,10,13.4,43.5
4313012200,2021,11,6.5,43.0
4313012200,2021,12,-0.7,4.0
4313012200,2022,01,-3.5,1.0
4313012200,2022,02,-2.5,2.5
4313012200,2022,03,6.3,87.0
4313012200,2022,04,13.1,51.5
4313012200,2022,05,17.5,10.5
4313012200,2022,06,21.9,223.5
4313012200,2022,07,24.9,382.0
4313012200,2022,08,23.9,469.5
4313012200,2022,09,19.6,97.5
4313012200,2022,10,12.1,102.0
4313012200,2022,11,7.9,73.5
4313012200,2022,12,-5.0,4.0
4313012200,2023,01,-3.4,30.5
4313012200,2023,02,0.7,4.0
4313012200,2023,03,8.6,17.0
4313012200,2023,04,12.4,35.5
4313012200,2023,05,17.7,133.0
4313012200,2023,06,21.8,223.0
4313012200,2023,07,24.8,584.5
4313012200,2023,08,25.4,249.5
4313012200,2023,09,21.2,243.0
4313012200,2023,10,12.5,33.0
4313012200,2023,11,5.5,45.0
4313012200,2023,12,-0.1,92.0
4313012200,2024,01,-1.8,33.0
4313012200,2024,02,2.7,86.0
4313012200,2024,03,5.5,50.5
4313012200,2024,04,14.9,58.0
4313012200,2024,05,17.1,143.0
4313012200,2024,06,22.1,131.5
4313012200,2024,07,25.1,532.5
4313012200,2024,08,26.8,82.5
4313012200,2024,09,23.2,273.5
4313012200,2024,10,14.4,149.5
4313012200,2024,11,7.6,25.0
4313012200,2024,12,-1.3,13.0
4313012200,2025,01,-2.6,6.5
4313012200,2025,02,-3.3,15.0
4313012200,2025,03,6.2,39.5
4313012200,2025,04,12.5,72.5
4313012200,2025,05,16.1,97.5
4313012200,2025,06,22.2,140.0
4313012200,2025,07,25.9,264.5
4313012200,2025,08,25.9,102.5
4313012200,2025,09,21.5,212.5
4313012200,2025,10,15.1,214.5
4313012200,2025,11,6.4,13.5
4313012200,2025,12,-0.4,28.5
4165034000,2021,01,-5.3,4.0
4165034000,2021,02,0.6,4.5
4165034000,2021,03,7.0,84.5
4165034000,2021,04,12.6,148.0
4165034000,2021,05,15.7,348.5
4165034000,2021,06,21.5,54.5
4165034000,2021,07,26.5,134.5
4165034000,2021,08,24.1,171.0
4165034000,2021,09,20.7,117.5
4165034000,2021,10,13.7,93.0
4165034000,2021,11,6.3,57.5
4165034000,2021,12,-1.1,7.0
4165034000,2022,01,-3.4,2.0
4165034000,2022,02,-3.0,9.0
4165034000,2022,03,6.2,98.5
4165034000,2022,04,13.2,18.5
4165034000,2022,05,17.1,12.5
4165034000,2022,06,21.5,497.5
4165034000,2022,07,25.9,290.0
4165034000,2022,08,24.4,431.0
4165034000,2022,09,19.8,229.0
4165034000,2022,10,11.8,26.5
4165034000,2022,11,7.6,79.5
4165034000,2022,12,-5.3,8.0
4165034000,2023,01,-4.1,51.5
4165034000,2023,02,0.2,0.5
4165034000,2023,03,7.8,13.5
4165034000,2023,04,12.6,98.0
4165034000,2023,05,17.9,149.5
4165034000,2023,06,22.2,227.5
4165034000,2023,07,25.9,460.0
4165034000,2023,08,25.8,302.5
4165034000,2023,09,21.8,90.0
4165034000,2023,10,13.2,20.5
4165034000,2023,11,5.3,74.5
4165034000,2023,12,-0.7,67.5
4165034000,2024,01,-2.1,12.5
4165034000,2024,02,2.1,55.0
4165034000,2024,03,5.3,46.0
4165034000,2024,04,14.9,24.0
4165034000,2024,05,16.9,152.0
4165034000,2024,06,22.9,107.5
4165034000,2024,07,25.6,645.5
4165034000,2024,08,27.5,130.5
4165034000,2024,09,23.3,157.0
4165034000,2024,10,14.7,53.0
4165034000,2024,11,7.8,39.5
4165034000,2024,12,-1.8,7.0
4165034000,2025,01,-2.8,13.0
4165034000,2025,02,-2.8,3.0
4165034000,2025,03,6.5,32.0
4165034000,2025,04,12.5,105.5
4165034000,2025,05,16.7,103.5
4165034000,2025,06,23.1,223.0
4165034000,2025,07,27.2,246.0
4165034000,2025,08,26.9,325.0
4165034000,2025,09,21.9,284.5
4165034000,2025,10,15.1,191.0
4165034000,2025,11,6.9,20.0
4165034000,2025,12,-0.3,35.5
4471031000,2021,01,-2.8,11.5
4471031000,2021,02,2.0,7.0
4471031000,2021,03,7.8,33.5
4471031000,2021,04,12.7,20.5
4471031000,2021,05,15.8,140.5
4471031000,2021,06,21.9,86.5
4471031000,2021,07,25.8,278.5
4471031000,2021,08,24.1,284.5
4471031000,2021,09,20.6,149.5
4471031000,2021,10,13.5,35.0
4471031000,2021,11,6.0,45.5
4471031000,2021,12,0.1,3.5
4471031000,2022,01,-2.9,0.0
4471031000,2022,02,-2.0,0.0
4471031000,2022,03,6.4,75.0
4471031000,2022,04,12.4,58.0
4471031000,2022,05,16.9,3.5
4471031000,2022,06,22.6,137.0
4471031000,2022,07,25.6,150.5
4471031000,2022,08,24.6,246.0
4471031000,2022,09,20.2,59.5
4471031000,2022,10,12.2,60.0
4471031000,2022,11,6.9,52.0
4471031000,2022,12,-3.0,11.5
4471031000,2023,01,-2.3,25.0
4471031000,2023,02,0.7,7.0
4471031000,2023,03,7.8,20.0
4471031000,2023,04,12.3,42.5
4471031000,2023,05,17.5,203.0
4471031000,2023,06,22.6,173.5
4471031000,2023,07,25.2,591.5
4471031000,2023,08,26.4,227.5
4471031000,2023,09,21.8,202.0
4471031000,2023,10,13.0,8.0
4471031000,2023,11,6.3,51.0
4471031000,2023,12,1.3,113.5
4471031000,2024,01,-0.1,43.0
4471031000,2024,02,3.3,88.0
4471031000,2024,03,5.9,59.5
4471031000,2024,04,14.5,41.0
4471031000,2024,05,17.2,72.0
4471031000,2024,06,22.8,23.0
4471031000,2024,07,26.5,380.0
4471031000,2024,08,27.9,48.0
4471031000,2024,09,24.7,182.0
4471031000,2024,10,14.6,98.0
4471031000,2024,11,7.7,28.0
4471031000,2024,12,-0.3,6.0
4471031000,2025,01,-2.5,17.5
4471031000,2025,02,-2.3,11.0
4471031000,2025,03,6.2,28.0
4471031000,2025,04,12.5,48.5
4471031000,2025,05,16.4,79.5
4471031000,2025,06,22.9,230.5
4471031000,2025,07,27.0,198.0
4471031000,2025,08,26.8,102.0
4471031000,2025,09,22.5,256.0
4471031000,2025,10,15.8,109.0
4471031000,2025,11,6.2,22.5
4471031000,2025,12,0.3,23.0
4773025000,2021,01,-3.9,6.5
4773025000,2021,02,0.8,13.5
4773025000,2021,03,6.9,100.0
4773025000,2021,04,11.4,68.5
4773025000,2021,05,15.0,123.0
4773025000,2021,06,20.5,62.0
4773025000,2021,07,24.7,153.0
4773025000,2021,08,23.5,249.5
4773025000,2021,09,19.5,113.5
4773025000,2021,10,12.7,54.5
4773025000,2021,11,5.3,47.5
4773025000,2021,12,-0.9,0.0
4773025000,2022,01,-3.7,0.0
4773025000,2022,02,-2.6,0.0
4773025000,2022,03,6.0,52.0
4773025000,2022,04,12.3,40.0
4773025000,2022,05,17.1,6.0
4773025000,2022,06,22.0,84.0
4773025000,2022,07,25.4,98.5
4773025000,2022,08,24.2,213.5
4773025000,2022,09,19.1,49.0
4773025000,2022,10,11.7,37.5
4773025000,2022,11,6.7,51.5
4773025000,2022,12,-4.4,4.5
4773025000,2023,01,-3.6,20.0
4773025000,2023,02,0.3,5.0
4773025000,2023,03,7.9,36.5
4773025000,2023,04,11.6,45.0
4773025000,2023,05,16.7,158.0
4773025000,2023,06,21.4,208.5
4773025000,2023,07,24.7,490.0
4773025000,2023,08,25.7,283.5
4773025000,2023,09,21.3,197.5
4773025000,2023,10,12.0,8.5
4773025000,2023,11,5.2,28.5
4773025000,2023,12,-0.2,83.5
4773025000,2024,01,-1.5,20.5
4773025000,2024,02,2.4,63.0
4773025000,2024,03,5.2,60.5
4773025000,2024,04,13.8,49.0
4773025000,2024,05,16.3,108.0
4773025000,2024,06,21.9,64.5
4773025000,2024,07,25.7,255.0
4773025000,2024,08,26.7,55.5
4773025000,2024,09,23.5,193.5
4773025000,2024,10,14.4,51.0
4773025000,2024,11,7.3,33.0
4773025000,2024,12,-1.1,1.5
4773025000,2025,01,-2.9,6.5
4773025000,2025,02,-3.0,5.0
4773025000,2025,03,6.2,35.0
4773025000,2025,04,12.4,46.0
4773025000,2025,05,16.0,114.0
4773025000,2025,06,22.6,237.0
4773025000,2025,07,26.0,182.0
4773025000,2025,08,26.7,76.0
4773025000,2025,09,22.1,138.0
4773025000,2025,10,15.3,113.5
4773025000,2025,11,5.5,15.5
4773025000,2025,12,-0.5,11.0
1217037000,2021,01,0.1,32.5
1217037000,2021,02,3.4,38.0
1217037000,2021,03,8.2,119.5
1217037000,2021,04,12.3,43.5
1217037000,2021,05,16.5,147.0
1217037000,2021,06,21.9,112.0
1217037000,2021,07,26.4,261.0
1217037000,2021,08,25.7,317.0
1217037000,2021,09,22.4,75.5
1217037000,2021,10,15.6,33.0
1217037000,2021,11,9.0,65.0
1217037000,2021,12,3.0,4.0
1217037000,2022,01,0.4,1.5
1217037000,2022,02,0.7,1.5
1217037000,2022,03,8.0,103.0
1217037000,2022,04,13.2,61.0
1217037000,2022,05,17.3,2.5
1217037000,2022,06,23.2,85.0
1217037000,2022,07,26.8,86.5
1217037000,2022,08,26.1,105.5
1217037000,2022,09,21.5,68.0
1217037000,2022,10,13.9,35.0
1217037000,2022,11,9.7,37.5
1217037000,2022,12,0.1,22.0
1217037000,2023,01,0.6,42.0
1217037000,2023,02,2.6,15.5
1217037000,2023,03,8.5,28.5
1217037000,2023,04,12.6,76.5
1217037000,2023,05,17.9,199.0
1217037000,2023,06,21.7,318.0
1217037000,2023,07,25.2,736.0
1217037000,2023,08,25.8,218.5
1217037000,2023,09,22.0,202.5
1217037000,2023,10,14.0,9.0
1217037000,2023,11,8.4,86.0
1217037000,2023,12,3.2,76.0
1217037000,2024,01,1.7,44.0
1217037000,2024,02,4.8,102.0
1217037000,2024,03,6.3,68.5
1217037000,2024,04,13.9,98.0
1217037000,2024,05,16.8,114.0
1217037000,2024,06,21.9,183.5
1217037000,2024,07,25.8,260.0
1217037000,2024,08,26.8,163.5
1217037000,2024,09,24.3,141.5
1217037000,2024,10,12.4,230.3
1217037000,2024,11,7.3,411.8
1217037000,2024,12,2.0,15.5
1217037000,2025,01,-0.3,65.7
1217037000,2025,02,-0.3,146.9
1217037000,2025,03,6.9,69.8
1217037000,2025,04,11.8,484.6
1217037000,2025,05,16.1,66.9
1217037000,2025,06,22.4,431.9
1217037000,2025,07,26.9,624.5
1217037000,2025,08,26.2,358.5
1217037000,2025,09,23.1,318.9
1217037000,2025,10,16.9,119.5
1217037000,2025,11,8.1,126.4
1217037000,2025,12,2.8,48.1
5271000000,2021,01,-0.4,27.5
5271000000,2021,02,3.6,11.0
5271000000,2021,03,8.7,108.5
5271000000,2021,04,13.8,32.5
5271000000,2021,05,17.4,170.0
5271000000,2021,06,23.0,129.0
5271000000,2021,07,27.4,245.0
5271000000,2021,08,26.0,411.0
5271000000,2021,09,22.9,200.0
5271000000,2021,10,15.8,43.0
5271000000,2021,11,9.0,90.0
5271000000,2021,12,2.5,7.0
5271000000,2022,01,-1.0,1.0
5271000000,2022,02,-0.3,5.5
5271000000,2022,03,7.7,91.0
5271000000,2022,04,13.7,80.0
5271000000,2022,05,18.3,6.0
5271000000,2022,06,23.7,182.0
5271000000,2022,07,27.2,157.5
5271000000,2022,08,26.4,304.0
5271000000,2022,09,22.4,75.0
5271000000,2022,10,14.5,50.0
5271000000,2022,11,10.0,68.0
5271000000,2022,12,-1.1,35.0
5271000000,2023,01,-0.1,26.0
5271000000,2023,02,1.9,8.5
5271000000,2023,03,9.2,34.5
5271000000,2023,04,13.7,43.0
5271000000,2023,05,19.2,242.0
5271000000,2023,06,23.4,190.5
5271000000,2023,07,26.8,744.0
5271000000,2023,08,27.7,285.0
5271000000,2023,09,23.6,186.5
5271000000,2023,10,15.7,15.5
5271000000,2023,11,8.5,82.0
5271000000,2023,12,3.3,145.5
5271000000,2024,01,1.3,52.5
5271000000,2024,02,5.0,122.5
5271000000,2024,03,7.3,81.0
5271000000,2024,04,15.5,49.0
5271000000,2024,05,18.4,124.5
5271000000,2024,06,23.7,82.0
5271000000,2024,07,27.6,361.5
5271000000,2024,08,29.3,45.0
5271000000,2024,09,26.4,154.0
5271000000,2024,10,16.6,68.0
5271000000,2024,11,9.8,36.5
5271000000,2024,12,2.1,19.0
5271000000,2025,01,-0.1,41.5
5271000000,2025,02,-0.5,23.0
5271000000,2025,03,8.0,38.0
5271000000,2025,04,13.5,64.5
5271000000,2025,05,17.8,87.0
5271000000,2025,06,23.8,184.0
5271000000,2025,07,28.5,168.0
5271000000,2025,08,28.1,251.0
5271000000,2025,09,24.2,433.0
5271000000,2025,10,17.6,104.5
5271000000,2025,11,8.9,25.5
5271000000,2025,12,3.1,30.0
4777037000,2021,01,0.5,4.5
4777037000,2021,02,4.7,5.0
4777037000,2021,03,9.3,76.0
4777037000,2021,04,12.3,73.0
4777037000,2021,05,16.8,142.0
4777037000,2021,06,21.0,57.0
4777037000,2021,07,25.4,115.0
4777037000,2021,08,24.9,323.5
4777037000,2021,09,21.4,138.0
4777037000,2021,10,15.9,125.0
4777037000,2021,11,9.9,25.5
4777037000,2021,12,3.7,0.0
4777037000,2022,01,1.3,2.0
4777037000,2022,02,1.2,0.5
4777037000,2022,03,8.3,67.0
4777037000,2022,04,14.5,32.0
4777037000,2022,05,19.1,0.5
4777037000,2022,06,22.8,45.0
4777037000,2022,07,25.5,111.5
4777037000,2022,08,25.7,132.0
4777037000,2022,09,20.7,111.0
4777037000,2022,10,14.8,45.0
4777037000,2022,11,11.8,119.5
4777037000,2022,12,0.9,3.0
4777037000,2023,01,1.8,23.5
4777037000,2023,02,4.3,26.0
4777037000,2023,03,10.4,29.5
4777037000,2023,04,13.8,34.0
4777037000,2023,05,18.2,103.5
4777037000,2023,06,22.9,124.5
4777037000,2023,07,25.9,232.0
4777037000,2023,08,26.7,201.5
4777037000,2023,09,23.2,242.0
4777037000,2023,10,16.2,17.0
4777037000,2023,11,10.3,5.5
4777037000,2023,12,4.0,118.5
4777037000,2024,01,2.6,17.5
4777037000,2024,02,5.0,114.0
4777037000,2024,03,7.4,55.0
4777037000,2024,04,14.8,55.5
4777037000,2024,05,18.3,55.0
4777037000,2024,06,23.2,61.0
4777037000,2024,07,27.2,199.5
4777037000,2024,08,28.0,40.0
4777037000,2024,09,24.2,132.0
4777037000,2024,10,17.0,90.5
4777037000,2024,11,11.1,17.5
4777037000,2024,12,3.8,0.0
4777037000,2025,01,1.7,11.0
4777037000,2025,02,1.6,0.0
4777037000,2025,03,8.3,66.5
4777037000,2025,04,13.3,38.5
4777037000,2025,05,17.2,112.5
4777037000,2025,06,24.0,147.5
4777037000,2025,07,27.6,143.0
4777037000,2025,08,28.2,36.0
4777037000,2025,09,23.5,116.0
4777037000,2025,10,17.0,246.0
4777037000,2025,11,10.4,6.0
4777037000,2025,12,4.5,9.0
1272031000,2021,01,NA,NA
1272031000,2021,02,NA,NA
1272031000,2021,03,NA,NA
1272031000,2021,04,NA,NA
1272031000,2021,05,NA,NA
1272031000,2021,06,NA,NA
1272031000,2021,07,NA,NA
1272031000,2021,08,NA,NA
1272031000,2021,09,NA,NA
1272031000,2021,10,NA,NA
1272031000,2021,11,NA,NA
1272031000,2021,12,NA,NA
1272031000,2022,01,NA,NA
1272031000,2022,02,NA,NA
1272031000,2022,03,NA,NA
1272031000,2022,04,NA,NA
1272031000,2022,05,NA,NA
1272031000,2022,06,NA,NA
1272031000,2022,07,NA,NA
1272031000,2022,08,NA,NA
1272031000,2022,09,NA,NA
1272031000,2022,10,NA,NA
1272031000,2022,11,NA,NA
1272031000,2022,12,NA,NA
1272031000,2023,01,NA,NA
1272031000,2023,02,NA,NA
1272031000,2023,03,NA,NA
1272031000,2023,04,NA,NA
1272031000,2023,05,NA,NA
1272031000,2023,06,NA,NA
1272031000,2023,07,NA,NA
1272031000,2023,08,NA,NA
1272031000,2023,09,NA,NA
1272031000,2023,10,NA,NA
1272031000,2023,11,NA,NA
1272031000,2023,12,NA,NA
1272031000,2024,01,NA,NA
1272031000,2024,02,NA,NA
1272031000,2024,03,NA,NA
1272031000,2024,04,NA,NA
1272031000,2024,05,NA,NA
1272031000,2024,06,NA,NA
1272031000,2024,07,NA,NA
1272031000,2024,08,NA,NA
1272031000,2024,09,NA,NA
1272031000,2024,10,NA,NA
1272031000,2024,11,NA,NA
1272031000,2024,12,NA,NA
1272031000,2025,01,NA,NA
1272031000,2025,02,NA,NA
1272031000,2025,03,NA,NA
1272031000,2025,04,NA,NA
1272031000,2025,05,NA,NA
1272031000,2025,06,NA,NA
1272031000,2025,07,NA,NA
1272031000,2025,08,NA,NA
1272031000,2025,09,NA,NA
1272031000,2025,10,NA,NA
1272031000,2025,11,NA,NA
1272031000,2025,12,NA,NA
1217034000,2021,01,0.5,33.5
1217034000,2021,02,3.7,32.0
1217034000,2021,03,8.7,61.5
1217034000,2021,04,12.9,38.5
1217034000,2021,05,17.0,111.0
1217034000,2021,06,22.4,114.5
1217034000,2021,07,26.1,340.5
1217034000,2021,08,25.1,282.0
1217034000,2021,09,22.2,78.5
1217034000,2021,10,15.5,20.0
1217034000,2021,11,8.6,41.5
1217034000,2021,12,2.6,0.0
1217034000,2022,01,0.1,0.0
1217034000,2022,02,0.4,0.0
1217034000,2022,03,7.7,79.0
1217034000,2022,04,12.9,62.5
1217034000,2022,05,16.9,1.5
1217034000,2022,06,22.7,87.5
1217034000,2022,07,26.0,131.0
1217034000,2022,08,25.6,95.5
1217034000,2022,09,21.3,79.0
1217034000,2022,10,13.6,35.5
1217034000,2022,11,9.4,33.5
1217034000,2022,12,-0.2,21.0
1217034000,2023,01,0.1,37.0
1217034000,2023,02,2.2,20.0
1217034000,2023,03,8.2,25.5
1217034000,2023,04,12.3,69.5
1217034000,2023,05,17.6,187.5
1217034000,2023,06,22.0,296.5
1217034000,2023,07,25.4,711.5
1217034000,2023,08,26.2,157.5
1217034000,2023,09,22.6,136.5
1217034000,2023,10,14.4,10.5
1217034000,2023,11,8.7,95.5
1217034000,2023,12,3.6,72.5
1217034000,2024,01,2.0,46.5
1217034000,2024,02,5.1,107.0
1217034000,2024,03,6.7,70.5
1217034000,2024,04,14.3,86.5
1217034000,2024,05,17.1,95.0
1217034000,2024,06,22.2,142.0
1217034000,2024,07,26.1,196.5
1217034000,2024,08,27.3,131.0
1217034000,2024,09,24.9,172.5
1217034000,2024,10,11.3,154.8
1217034000,2024,11,7.8,543.7
1217034000,2024,12,2.5,82.2
1217034000,2025,01,0.2,50.6
1217034000,2025,02,0.3,153.8
1217034000,2025,03,7.5,113.6
1217034000,2025,04,12.4,198.6
1217034000,2025,05,16.8,226.1
1217034000,2025,06,23.0,232.7
1217034000,2025,07,27.7,417.7
1217034000,2025,08,27.1,214.0
1217034000,2025,09,23.9,451.4
1217034000,2025,10,17.5,165.7
1217034000,2025,11,8.7,25.2
1217034000,2025,12,3.5,115.9
3171031000,2021,01,2.5,26.0
3171031000,2021,02,6.6,37.0
3171031000,2021,03,10.5,160.0
3171031000,2021,04,13.5,109.5
3171031000,2021,05,16.9,90.5
3171031000,2021,06,20.9,62.5
3171031000,2021,07,25.6,210.0
3171031000,2021,08,25.2,133.0
3171031000,2021,09,21.9,0.0
3171031000,2021,10,17.1,0.0
3171031000,2021,11,10.5,37.0
3171031000,2021,12,4.8,4.0
3171031000,2022,01,3.0,2.0
3171031000,2022,02,2.9,3.0
3171031000,2022,03,9.5,95.5
3171031000,2022,04,13.8,100.0
3171031000,2022,05,17.7,12.0
3171031000,2022,06,21.4,257.0
3171031000,2022,07,25.2,147.5
3171031000,2022,08,25.6,102.5
3171031000,2022,09,21.6,262.5
3171031000,2022,10,16.1,28.0
3171031000,2022,11,12.7,59.0
3171031000,2022,12,2.6,11.0
3171031000,2023,01,2.9,63.5
3171031000,2023,02,5.8,47.0
3171031000,2023,03,11.1,72.0
3171031000,2023,04,14.0,77.0
3171031000,2023,05,17.1,300.5
3171031000,2023,06,21.5,112.5
3171031000,2023,07,25.0,379.5
3171031000,2023,08,26.7,294.0
3171031000,2023,09,23.2,339.0
3171031000,2023,10,15.9,5.5
3171031000,2023,11,10.6,25.5
3171031000,2023,12,5.3,126.5
3171031000,2024,01,4.0,52.0
3171031000,2024,02,5.9,148.0
3171031000,2024,03,8.6,102.5
3171031000,2024,04,14.4,146.5
3171031000,2024,05,17.3,101.5
3171031000,2024,06,21.6,131.0
3171031000,2024,07,25.6,179.5
3171031000,2024,08,27.6,227.0
3171031000,2024,09,24.8,378.0
3171031000,2024,10,18.1,211.0
3171031000,2024,11,12.1,91.0
3171031000,2024,12,4.4,0.0
3171031000,2025,01,2.6,0.0
3171031000,2025,02,2.1,0.5
3171031000,2025,03,8.9,73.5
3171031000,2025,04,13.2,54.5
3171031000,2025,05,16.4,95.0
3171031000,2025,06,21.7,200.5
3171031000,2025,07,26.4,111.5
3171031000,2025,08,26.9,194.0
3171031000,2025,09,23.8,57.0
3171031000,2025,10,17.7,42.0
3171031000,2025,11,10.9,1.5
3171031000,2025,12,5.5,0.0
4782034000,2021,01,-0.8,15.0
4782034000,2021,02,3.4,21.0
4782034000,2021,03,9.1,117.5
4782034000,2021,04,13.1,53.0
4782034000,2021,05,17.1,132.5
4782034000,2021,06,22.5,47.0
4782034000,2021,07,26.1,200.5
4782034000,2021,08,25.0,334.0
4782034000,2021,09,21.1,88.0
4782034000,2021,10,15.0,41.5
4782034000,2021,11,7.3,53.5
4782034000,2021,12,1.2,3.0
4782034000,2022,01,-0.9,0.0
4782034000,2022,02,0.2,35.5
4782034000,2022,03,7.9,47.0
4782034000,2022,04,13.8,42.0
4782034000,2022,05,18.7,2.5
4782034000,2022,06,22.8,155.0
4782034000,2022,07,26.4,137.5
4782034000,2022,08,25.5,173.5
4782034000,2022,09,20.2,176.0
4782034000,2022,10,13.4,19.5
4782034000,2022,11,8.7,57.5
4782034000,2022,12,-1.6,6.0
4782034000,2023,01,-1.3,26.5
4782034000,2023,02,2.2,25.0
4782034000,2023,03,9.4,38.0
4782034000,2023,04,13.1,53.0
4782034000,2023,05,17.6,245.0
4782034000,2023,06,22.7,270.0
4782034000,2023,07,25.9,355.0
4782034000,2023,08,26.8,406.5
4782034000,2023,09,22.5,174.5
4782034000,2023,10,13.7,7.5
4782034000,2023,11,7.6,41.0
4782034000,2023,12,1.9,123.0
4782034000,2024,01,0.4,19.0
4782034000,2024,02,4.0,74.0
4782034000,2024,03,6.9,85.0
4782034000,2024,04,14.7,74.0
4782034000,2024,05,17.9,79.0
4782034000,2024,06,23.0,138.5
4782034000,2024,07,27.1,253.5
4782034000,2024,08,28.0,64.0
4782034000,2024,09,24.7,162.0
4782034000,2024,10,15.8,129.5
4782034000,2024,11,8.9,59.0
4782034000,2024,12,0.8,0.0
4782034000,2025,01,-1.3,6.0
4782034000,2025,02,-0.9,15.5
4782034000,2025,03,7.8,27.0
4782034000,2025,04,13.4,48.5
4782034000,2025,05,16.7,107.0
4782034000,2025,06,23.3,212.0
4782034000,2025,07,26.9,498.5
4782034000,2025,08,27.2,306.5
4782034000,2025,09,23.1,100.5
4782034000,2025,10,16.3,93.0
4782034000,2025,11,7.3,17.5
4782034000,2025,12,1.3,14.5
4717032000,2021,01,-4.1,6.0
4717032000,2021,02,0.9,10.0
4717032000,2021,03,7.0,319.5
4717032000,2021,04,11.6,132.5
4717032000,2021,05,15.2,191.5
4717032000,2021,06,21.1,61.0
4717032000,2021,07,25.2,250.5
4717032000,2021,08,23.6,198.5
4717032000,2021,09,19.4,153.0
4717032000,2021,10,12.6,54.0
4717032000,2021,11,5.2,43.0
4717032000,2021,12,-0.8,0.5
4717032000,2022,01,-4.2,0.0
4717032000,2022,02,-2.7,1.0
4717032000,2022,03,5.6,97.0
4717032000,2022,04,12.2,40.0
4717032000,2022,05,17.4,6.5
4717032000,2022,06,22.2,76.5
4717032000,2022,07,25.8,117.0
4717032000,2022,08,24.4,270.0
4717032000,2022,09,19.3,33.0
4717032000,2022,10,11.8,48.5
4717032000,2022,11,6.5,47.5
4717032000,2022,12,-4.2,2.5
4717032000,2023,01,-3.5,24.5
4717032000,2023,02,0.4,5.0
4717032000,2023,03,7.8,29.0
4717032000,2023,04,11.7,65.0
4717032000,2023,05,17.3,141.5
4717032000,2023,06,21.9,313.5
4717032000,2023,07,25.2,498.5
4717032000,2023,08,26.2,303.5
4717032000,2023,09,21.6,232.0
4717032000,2023,10,12.1,10.0
4717032000,2023,11,5.4,31.0
4717032000,2023,12,-0.2,82.0
4717032000,2024,01,-1.6,10.5
4717032000,2024,02,2.2,57.0
4717032000,2024,03,5.4,61.5
4717032000,2024,04,14.1,59.5
4717032000,2024,05,16.9,135.0
4717032000,2024,06,22.3,142.5
4717032000,2024,07,26.0,401.5
4717032000,2024,08,27.4,59.0
4717032000,2024,09,23.8,190.5
4717032000,2024,10,14.4,73.5
4717032000,2024,11,7.6,25.0
4717032000,2024,12,-0.5,0.0
4717032000,2025,01,-2.9,3.0
4717032000,2025,02,-2.6,1.0
4717032000,2025,03,6.2,29.0
4717032000,2025,04,12.3,39.0
4717032000,2025,05,16.4,107.0
4717032000,2025,06,23.1,159.5
4717032000,2025,07,26.7,177.5
4717032000,2025,08,26.9,42.0
4717032000,2025,09,22.1,136.5
4717032000,2025,10,15.5,162.0
4717032000,2025,11,5.6,6.0
4717032000,2025,12,-0.6,9.5
5011025000,2021,01,NA,NA
5011025000,2021,02,NA,NA
5011025000,2021,03,NA,NA
5011025000,2021,04,NA,NA
5011025000,2021,05,NA,NA
5011025000,2021,06,NA,NA
5011025000,2021,07,NA,NA
5011025000,2021,08,NA,NA
5011025000,2021,09,NA,NA
5011025000,2021,10,NA,NA
5011025000,2021,11,NA,NA
5011025000,2021,12,NA,NA
5011025000,2022,01,NA,NA
5011025000,2022,02,NA,NA
5011025000,2022,03,NA,NA
5011025000,2022,04,NA,NA
5011025000,2022,05,NA,NA
5011025000,2022,06,NA,NA
5011025000,2022,07,NA,NA
5011025000,2022,08,NA,NA
5011025000,2022,09,NA,NA
5011025000,2022,10,NA,NA
5011025000,2022,11,NA,NA
5011025000,2022,12,NA,NA
5011025000,2023,01,NA,NA
5011025000,2023,02,NA,NA
5011025000,2023,03,NA,NA
5011025000,2023,04,NA,NA
5011025000,2023,05,NA,NA
5011025000,2023,06,NA,NA
5011025000,2023,07,NA,NA
5011025000,2023,08,NA,NA
5011025000,2023,09,NA,NA
5011025000,2023,10,NA,NA
5011025000,2023,11,NA,NA
5011025000,2023,12,NA,NA
5011025000,2024,01,NA,NA
5011025000,2024,02,NA,NA
5011025000,2024,03,NA,NA
5011025000,2024,04,NA,NA
5011025000,2024,05,NA,NA
5011025000,2024,06,NA,NA
5011025000,2024,07,NA,NA
5011025000,2024,08,NA,NA
5011025000,2024,09,NA,NA
5011025000,2024,10,NA,NA
5011025000,2024,11,NA,NA
5011025000,2024,12,NA,NA
5011025000,2025,01,NA,NA
5011025000,2025,02,NA,NA
5011025000,2025,03,NA,NA
5011025000,2025,04,NA,NA
5011025000,2025,05,NA,NA
5011025000,2025,06,NA,NA
5011025000,2025,07,NA,NA
5011025000,2025,08,NA,NA
5011025000,2025,09,NA,NA
5011025000,2025,10,NA,NA
5011025000,2025,11,NA,NA
5011025000,2025,12,NA,NA
4128000000,2021,01,-3.9,11.5
4128000000,2021,02,1.3,3.0
4128000000,2021,03,7.2,93.5
4128000000,2021,04,13.0,102.5
4128000000,2021,05,16.6,182.0
4128000000,2021,06,22.2,74.0
4128000000,2021,07,27.3,79.0
4128000000,2021,08,25.4,191.0
4128000000,2021,09,21.7,90.5
4128000000,2021,10,14.2,53.0
4128000000,2021,11,6.6,0.0
4128000000,2021,12,-0.7,6.5
4128000000,2022,01,-3.9,0.5
4128000000,2022,02,-2.8,4.0
4128000000,2022,03,6.0,71.0
4128000000,2022,04,13.0,21.0
4128000000,2022,05,17.3,6.5
4128000000,2022,06,22.2,385.5
4128000000,2022,07,26.4,153.5
4128000000,2022,08,25.0,407.5
4128000000,2022,09,20.8,152.5
4128000000,2022,10,12.6,138.5
4128000000,2022,11,8.0,60.0
4128000000,2022,12,-4.4,1.5
4128000000,2023,01,-3.0,40.5
4128000000,2023,02,0.4,0.0
4128000000,2023,03,7.3,5.0
4128000000,2023,04,12.5,70.5
4128000000,2023,05,18.1,117.0
4128000000,2023,06,22.6,125.0
4128000000,2023,07,26.0,252.0
4128000000,2023,08,26.5,237.5
4128000000,2023,09,22.7,66.5
4128000000,2023,10,14.0,34.0
4128000000,2023,11,5.9,70.0
4128000000,2023,12,-0.1,85.0
4128000000,2024,01,-1.7,12.0
4128000000,2024,02,2.4,63.5
4128000000,2024,03,5.7,22.0
4128000000,2024,04,14.3,22.0
4128000000,2024,05,17.3,111.5
4128000000,2024,06,23.0,72.0
4128000000,2024,07,26.0,349.5
4128000000,2024,08,28.4,100.0
4128000000,2024,09,24.2,126.5
4128000000,2024,10,14.7,46.0
4128000000,2024,11,7.7,44.0
4128000000,2024,12,-1.4,6.0
4128000000,2025,01,-2.8,11.0
4128000000,2025,02,-3.3,6.5
4128000000,2025,03,5.8,26.5
4128000000,2025,04,11.6,96.0
4128000000,2025,05,16.6,91.5
4128000000,2025,06,22.6,171.5
4128000000,2025,07,27.3,184.5
4128000000,2025,08,27.3,131.5
4128000000,2025,09,22.4,222.0
4128000000,2025,10,15.2,140.0
4128000000,2025,11,6.4,15.0
4128000000,2025,12,-0.5,34.5
5177035000,2021,01,-5.3,8.5
5177035000,2021,02,-0.1,2.5
5177035000,2021,03,4.3,85.5
5177035000,2021,04,8.5,98.0
5177035000,2021,05,12.8,189.5
5177035000,2021,06,17.8,72.5
5177035000,2021,07,22.3,128.5
5177035000,2021,08,20.7,307.5
5177035000,2021,09,16.9,177.5
5177035000,2021,10,11.1,71.0
5177035000,2021,11,4.2,35.0
5177035000,2021,12,-2.1,6.5
5177035000,2022,01,-5.4,4.5
5177035000,2022,02,-4.5,1.0
5177035000,2022,03,3.4,83.5
5177035000,2022,04,10.4,50.0
5177035000,2022,05,14.5,10.5
5177035000,2022,06,18.4,220.0
5177035000,2022,07,22.2,174.0
5177035000,2022,08,21.7,380.5
5177035000,2022,09,16.4,159.5
5177035000,2022,10,9.3,132.0
5177035000,2022,11,5.4,53.5
5177035000,2022,12,-5.8,1.0
5177035000,2023,01,-4.9,19.5
5177035000,2023,02,-1.6,11.0
5177035000,2023,03,5.4,12.0
5177035000,2023,04,9.3,38.5
5177035000,2023,05,14.3,106.0
5177035000,2023,06,19.0,195.0
5177035000,2023,07,23.0,205.0
5177035000,2023,08,22.7,334.5
5177035000,2023,09,18.4,200.5
5177035000,2023,10,10.1,42.5
5177035000,2023,11,4.5,34.5
5177035000,2023,12,-2.3,114.5
5177035000,2024,01,-4.0,29.0
5177035000,2024,02,-1.7,78.5
5177035000,2024,03,1.9,87.0
5177035000,2024,04,10.5,38.5
5177035000,2024,05,13.9,67.5
5177035000,2024,06,19.4,107.0
5177035000,2024,07,23.3,241.0
5177035000,2024,08,23.8,167.0
5177035000,2024,09,19.6,240.0
5177035000,2024,10,11.5,175.0
5177035000,2024,11,5.5,25.5
5177035000,2024,12,-2.0,2.0
5177035000,2025,01,-4.6,9.0
5177035000,2025,02,-4.5,0.5
5177035000,2025,03,2.5,36.5
5177035000,2025,04,9.9,41.5
5177035000,2025,05,13.2,69.5
5177035000,2025,06,20.2,80.5
5177035000,2025,07,23.9,132.0
5177035000,2025,08,24.0,51.5
5177035000,2025,09,18.6,217.5
5177035000,2025,10,12.0,276.0
5177035000,2025,11,4.6,15.0
5177035000,2025,12,-1.1,13.5
4146100000,2021,01,-3.1,19.5
4146100000,2021,02,2.1,12.0
4146100000,2021,03,7.7,95.5
4146100000,2021,04,12.6,94.0
4146100000,2021,05,15.5,175.0
4146100000,2021,06,21.5,54.5
4146100000,2021,07,26.0,194.5
4146100000,2021,08,24.3,115.5
4146100000,2021,09,20.5,205.0
4146100000,2021,10,14.2,47.0
4146100000,2021,11,7.0,85.5
4146100000,2021,12,-0.5,9.0
4146100000,2022,01,-3.2,6.0
4146100000,2022,02,-2.0,8.0
4146100000,2022,03,6.5,100.5
4146100000,2022,04,13.0,44.5
4146100000,2022,05,17.4,10.0
4146100000,2022,06,22.1,225.0
4146100000,2022,07,25.6,248.5
4146100000,2022,08,24.3,563.5
4146100000,2022,09,20.2,132.0
4146100000,2022,10,12.6,114.5
4146100000,2022,11,8.3,46.0
4146100000,2022,12,-4.4,23.5
4146100000,2023,01,-3.0,38.5
4146100000,2023,02,1.0,0.5
4146100000,2023,03,8.9,6.0
4146100000,2023,04,12.9,68.0
4146100000,2023,05,18.3,132.0
4146100000,2023,06,22.6,122.0
4146100000,2023,07,25.5,562.0
4146100000,2023,08,31.2,205.0
4146100000,2023,09,22.2,199.0
4146100000,2023,10,13.8,44.0
4146100000,2023,11,6.2,107.0
4146100000,2023,12,0.3,99.0
4146100000,2024,01,-1.1,27.0
4146100000,2024,02,3.1,81.0
4146100000,2024,03,6.5,31.0
4146100000,2024,04,15.6,70.5
4146100000,2024,05,17.8,132.5
4146100000,2024,06,23.4,165.5
4146100000,2024,07,26.1,520.5
4146100000,2024,08,28.3,89.5
4146100000,2024,09,24.6,256.5
4146100000,2024,10,15.5,128.5
4146100000,2024,11,9.2,76.0
4146100000,2024,12,0.0,8.0
4146100000,2025,01,-1.3,22.5
4146100000,2025,02,-1.7,11.0
4146100000,2025,03,7.7,38.0
4146100000,2025,04,13.3,67.5
4146100000,2025,05,17.3,85.0
4146100000,2025,06,23.4,149.0
4146100000,2025,07,27.5,286.5
4146100000,2025,08,27.1,188.5
4146100000,2025,09,22.4,316.5
4146100000,2025,10,16.1,192.5
4146100000,2025,11,8.0,22.0
4146100000,2025,12,0.6,37.0
4824012600,2021,01,2.0,0.0
4824012600,2021,02,5.7,12.5
4824012600,2021,03,10.7,120.0
4824012600,2021,04,14.3,74.5
4824012600,2021,05,18.2,101.0
4824012600,2021,06,22.4,0.0
4824012600,2021,07,26.6,0.0
4824012600,2021,08,26.4,417.5
4824012600,2021,09,22.5,142.0
4824012600,2021,10,17.0,29.0
4824012600,2021,11,10.1,53.0
4824012600,2021,12,4.2,2.0
4824012600,2022,01,1.7,0.0
4824012600,2022,02,2.5,0.0
4824012600,2022,03,9.7,119.0
4824012600,2022,04,14.9,81.0
4824012600,2022,05,19.2,0.0
4824012600,2022,06,22.6,0.0
4824012600,2022,07,26.9,0.0
4824012600,2022,08,26.7,100.5
4824012600,2022,09,22.4,166.0
4824012600,2022,10,16.1,18.0
4824012600,2022,11,11.8,28.0
4824012600,2022,12,2.1,6.5
4824012600,2023,01,2.3,69.0
4824012600,2023,02,5.3,26.0
4824012600,2023,03,11.3,61.5
4824012600,2023,04,14.5,98.0
4824012600,2023,05,18.2,266.0
4824012600,2023,06,22.9,0.0
4824012600,2023,07,25.7,160.5
4824012600,2023,08,27.1,510.5
4824012600,2023,09,23.5,302.5
4824012600,2023,10,15.9,3.5
4824012600,2023,11,10.0,64.0
4824012600,2023,12,4.6,64.0
4824012600,2024,01,3.0,40.5
4824012600,2024,02,6.0,141.5
4824012600,2024,03,8.6,106.0
4824012600,2024,04,15.2,190.0
4824012600,2024,05,18.5,180.0
4824012600,2024,06,22.6,181.0
4824012600,2024,07,26.8,292.5
4824012600,2024,08,28.7,55.0
4824012600,2024,09,26.1,437.0
4824012600,2024,10,17.9,0.0
4824012600,2024,11,11.5,0.0
4824012600,2024,12,3.7,0.0
4824012600,2025,01,1.4,0.0
4824012600,2025,02,1.3,1.0
4824012600,2025,03,9.1,44.5
4824012600,2025,04,13.9,78.0
4824012600,2025,05,17.0,166.0
4824012600,2025,06,22.6,175.5
4824012600,2025,07,27.4,202.0
4824012600,2025,08,27.6,236.0
4824012600,2025,09,24.8,81.0
4824012600,2025,10,18.4,155.0
4824012600,2025,11,9.6,24.0
4824012600,2025,12,4.4,15.5
4377031000,2021,01,-3.5,13.5
4377031000,2021,02,1.8,11.0
4377031000,2021,03,7.9,132.5
4377031000,2021,04,12.7,59.5
4377031000,2021,05,16.4,154.0
4377031000,2021,06,22.3,48.5
4377031000,2021,07,26.3,276.5
4377031000,2021,08,24.5,232.0
4377031000,2021,09,20.7,264.0
4377031000,2021,10,14.0,53.5
4377031000,2021,11,6.6,56.0
4377031000,2021,12,-0.1,6.0
4377031000,2022,01,-3.5,2.5
4377031000,2022,02,-2.1,6.5
4377031000,2022,03,6.6,70.5
4377031000,2022,04,13.2,68.5
4377031000,2022,05,17.9,9.5
4377031000,2022,06,23.0,245.5
4377031000,2022,07,26.2,178.0
4377031000,2022,08,25.1,390.0
4377031000,2022,09,20.2,135.5
4377031000,2022,10,12.6,101.5
4377031000,2022,11,7.6,83.0
4377031000,2022,12,-4.8,19.0
4377031000,2023,01,-2.7,29.0
4377031000,2023,02,0.8,2.0
4377031000,2023,03,8.0,15.5
4377031000,2023,04,12.5,43.5
4377031000,2023,05,18.1,142.0
4377031000,2023,06,22.8,189.0
4377031000,2023,07,25.8,516.5
4377031000,2023,08,26.3,299.0
4377031000,2023,09,22.1,205.5
4377031000,2023,10,13.4,23.0
4377031000,2023,11,6.2,47.0
4377031000,2023,12,0.5,99.5
4377031000,2024,01,-0.6,37.5
4377031000,2024,02,3.3,100.5
4377031000,2024,03,6.6,17.0
4377031000,2024,04,15.2,60.0
4377031000,2024,05,17.6,128.0
4377031000,2024,06,22.9,145.5
4377031000,2024,07,26.3,450.5
4377031000,2024,08,27.6,102.5
4377031000,2024,09,24.1,298.0
4377031000,2024,10,14.8,125.5
4377031000,2024,11,8.0,56.0
4377031000,2024,12,-0.5,6.0
4377031000,2025,01,-2.5,15.5
4377031000,2025,02,-3.3,8.0
4377031000,2025,03,6.0,52.5
4377031000,2025,04,11.9,65.0
4377031000,2025,05,15.9,105.0
4377031000,2025,06,22.3,188.0
4377031000,2025,07,25.3,158.0
4377031000,2025,08,25.6,126.5
4377031000,2025,09,21.5,210.5
4377031000,2025,10,15.0,239.0
4377031000,2025,11,5.8,26.5
4377031000,2025,12,-0.3,31.5
5178025900,2021,01,-6.3,5.5
5178025900,2021,02,-0.4,5.5
5178025900,2021,03,5.6,97.0
5178025900,2021,04,11.6,101.5
5178025900,2021,05,15.3,228.0
5178025900,2021,06,20.6,60.0
5178025900,2021,07,25.3,137.0
5178025900,2021,08,22.7,246.0
5178025900,2021,09,19.6,127.5
5178025900,2021,10,12.6,165.0
5178025900,2021,11,5.0,65.5
5178025900,2021,12,-2.3,3.5
5178025900,2022,01,-6.2,3.0
5178025900,2022,02,-4.5,13.0
5178025900,2022,03,4.6,88.0
5178025900,2022,04,12.0,18.5
5178025900,2022,05,16.2,18.0
5178025900,2022,06,20.5,420.0
5178025900,2022,07,24.5,355.0
5178025900,2022,08,23.1,458.5
5178025900,2022,09,18.6,229.5
5178025900,2022,10,10.9,171.0
5178025900,2022,11,6.3,94.5
5178025900,2022,12,-7.2,4.5
5178025900,2023,01,-6.3,44.0
5178025900,2023,02,-1.2,1.0
5178025900,2023,03,6.0,10.0
5178025900,2023,04,11.3,105.5
5178025900,2023,05,17.1,163.5
5178025900,2023,06,21.0,202.5
5178025900,2023,07,24.7,426.0
5178025900,2023,08,25.2,243.0
5178025900,2023,09,24.1,83.0
5178025900,2023,10,14.0,29.0
5178025900,2023,11,6.5,103.0
5178025900,2023,12,-1.0,69.0
5178025900,2024,01,-2.7,6.5
5178025900,2024,02,2.0,57.0
5178025900,2024,03,5.4,47.5
5178025900,2024,04,16.6,22.0
5178025900,2024,05,19.6,139.0
5178025900,2024,06,24.3,84.5
5178025900,2024,07,25.9,684.5
5178025900,2024,08,27.8,184.0
5178025900,2024,09,24.4,197.5
5178025900,2024,10,15.5,71.0
5178025900,2024,11,7.3,34.0
5178025900,2024,12,-2.4,6.5
5178025900,2025,01,-4.2,9.0
5178025900,2025,02,-4.2,3.0
5178025900,2025,03,5.2,22.5
5178025900,2025,04,12.4,127.5
5178025900,2025,05,17.7,93.0
5178025900,2025,06,24.5,192.5
5178025900,2025,07,27.2,279.0
5178025900,2025,08,26.8,353.0
5178025900,2025,09,22.4,292.5
5178025900,2025,10,16.0,215.0
5178025900,2025,11,7.2,13.0
5178025900,2025,12,-0.6,33.5
5274000000,2021,01,-2.8,37.0
5274000000,2021,02,1.5,34.0
5274000000,2021,03,7.0,113.5
5274000000,2021,04,11.3,57.0
5274000000,2021,05,14.6,147.5
5274000000,2021,06,19.9,131.0
5274000000,2021,07,23.7,218.5
5274000000,2021,08,22.6,403.0
5274000000,2021,09,19.1,128.5
5274000000,2021,10,12.7,50.5
5274000000,2021,11,6.0,94.0
5274000000,2021,12,-0.1,3.5
5274000000,2022,01,-3.0,0.5
5274000000,2022,02,-2.8,4.5
5274000000,2022,03,5.9,98.5
5274000000,2022,04,12.1,61.0
5274000000,2022,05,15.7,4.0
5274000000,2022,06,20.6,208.5
5274000000,2022,07,23.6,176.0
5274000000,2022,08,23.2,173.5
5274000000,2022,09,18.6,75.5
5274000000,2022,10,11.4,66.0
5274000000,2022,11,7.6,79.0
5274000000,2022,12,-3.6,25.0
5274000000,2023,01,-2.6,27.5
5274000000,2023,02,0.3,17.0
5274000000,2023,03,7.9,31.0
5274000000,2023,04,11.0,71.5
5274000000,2023,05,15.8,229.0
5274000000,2023,06,20.4,336.5
5274000000,2023,07,23.5,720.5
5274000000,2023,08,24.2,309.5
5274000000,2023,09,20.3,155.0
5274000000,2023,10,12.0,12.0
5274000000,2023,11,5.9,97.5
5274000000,2023,12,0.9,162.0
5274000000,2024,01,-0.9,47.0
5274000000,2024,02,2.5,123.0
5274000000,2024,03,4.5,89.5
5274000000,2024,04,13.5,93.0
5274000000,2024,05,15.8,120.5
5274000000,2024,06,20.3,177.5
5274000000,2024,07,24.3,491.5
5274000000,2024,08,25.2,36.5
5274000000,2024,09,22.5,217.0
5274000000,2024,10,13.5,93.5
5274000000,2024,11,7.3,70.0
5274000000,2024,12,-0.6,15.5
5274000000,2025,01,-2.6,19.5
5274000000,2025,02,-3.5,26.5
5274000000,2025,03,5.6,44.5
5274000000,2025,04,11.4,70.0
5274000000,2025,05,14.9,148.5
5274000000,2025,06,20.9,320.0
5274000000,2025,07,24.6,287.5
5274000000,2025,08,24.3,301.5
5274000000,2025,09,20.7,296.5
5274000000,2025,10,14.8,145.0
5274000000,2025,11,6.4,43.0
5274000000,2025,12,0.8,37.5
4729033000,2021,01,-0.5,12.5
4729033000,2021,02,4.1,20.0
4729033000,2021,03,9.6,115.0
4729033000,2021,04,13.9,51.0
4729033000,2021,05,18.0,120.5
4729033000,2021,06,23.2,33.0
4729033000,2021,07,27.0,184.5
4729033000,2021,08,25.9,298.5
4729033000,2021,09,21.9,93.5
4729033000,2021,10,15.8,49.5
4729033000,2021,11,8.0,52.0
4729033000,2021,12,1.8,1.0
4729033000,2022,01,-0.6,0.0
4729033000,2022,02,0.5,0.5
4729033000,2022,03,9.0,39.5
4729033000,2022,04,15.2,40.0
4729033000,2022,05,20.3,7.0
4729033000,2022,06,24.1,122.5
4729033000,2022,07,27.5,102.5
4729033000,2022,08,27.0,161.0
4729033000,2022,09,21.5,155.5
4729033000,2022,10,14.4,16.5
4729033000,2022,11,9.6,51.0
4729033000,2022,12,-1.0,5.0
4729033000,2023,01,-0.5,22.5
4729033000,2023,02,3.1,17.5
4729033000,2023,03,10.8,34.5
4729033000,2023,04,14.6,35.0
4729033000,2023,05,19.2,216.0
4729033000,2023,06,24.1,204.0
4729033000,2023,07,27.3,285.0
4729033000,2023,08,27.9,321.5
4729033000,2023,09,23.6,178.5
4729033000,2023,10,14.9,7.0
4729033000,2023,11,8.4,36.5
4729033000,2023,12,2.5,135.0
4729033000,2024,01,1.0,29.5
4729033000,2024,02,4.8,80.5
4729033000,2024,03,7.9,82.0
4729033000,2024,04,15.9,62.5
4729033000,2024,05,19.3,59.5
4729033000,2024,06,24.6,79.0
4729033000,2024,07,28.5,282.5
4729033000,2024,08,29.3,55.0
4729033000,2024,09,25.6,171.5
4729033000,2024,10,16.7,102.0
4729033000,2024,11,9.8,49.5
4729033000,2024,12,1.9,1.5
4729033000,2025,01,-0.4,5.0
4729033000,2025,02,0.1,9.0
4729033000,2025,03,8.9,34.5
4729033000,2025,04,14.7,45.5
4729033000,2025,05,18.2,93.0
4729033000,2025,06,25.0,204.5
4729033000,2025,07,28.3,401.5
4729033000,2025,08,29.0,124.5
4729033000,2025,09,24.2,116.5
4729033000,2025,10,17.2,97.0
4729033000,2025,11,8.2,13.0
4729033000,2025,12,2.1,10.5
1215035000,2021,01,-0.5,24.5
1215035000,2021,02,3.2,36.5
1215035000,2021,03,8.9,137.0
1215035000,2021,04,12.9,38.0
1215035000,2021,05,16.8,107.0
1215035000,2021,06,22.2,87.0
1215035000,2021,07,25.7,357.0
1215035000,2021,08,25.3,282.0
1215035000,2021,09,21.6,172.0
1215035000,2021,10,15.0,24.0
1215035000,2021,11,7.3,61.0
1215035000,2021,12,1.5,2.5
1215035000,2022,01,-0.4,0.0
1215035000,2022,02,0.1,0.0
1215035000,2022,03,7.9,104.0
1215035000,2022,04,13.7,62.5
1215035000,2022,05,17.4,5.0
1215035000,2022,06,23.0,65.0
1215035000,2022,07,25.9,307.0
1215035000,2022,08,25.6,194.0
1215035000,2022,09,20.9,146.5
1215035000,2022,10,13.1,40.0
1215035000,2022,11,8.9,45.0
1215035000,2022,12,-1.2,14.0
1215035000,2023,01,-0.2,43.5
1215035000,2023,02,2.4,24.5
1215035000,2023,03,8.9,44.5
1215035000,2023,04,12.5,76.5
1215035000,2023,05,17.8,156.0
1215035000,2023,06,22.6,268.5
1215035000,2023,07,25.6,650.0
1215035000,2023,08,26.6,370.0
1215035000,2023,09,22.7,196.5
1215035000,2023,10,13.8,13.5
1215035000,2023,11,7.8,93.0
1215035000,2023,12,3.0,56.5
1215035000,2024,01,1.3,27.5
1215035000,2024,02,4.7,120.0
1215035000,2024,03,6.9,71.0
1215035000,2024,04,15.0,118.5
1215035000,2024,05,17.7,122.0
1215035000,2024,06,22.2,197.0
1215035000,2024,07,26.6,299.5
1215035000,2024,08,27.5,96.0
1215035000,2024,09,24.8,258.5
1215035000,2024,10,16.1,173.0
1215035000,2024,11,9.7,95.5
1215035000,2024,12,1.6,0.5
1215035000,2025,01,-0.5,4.0
1215035000,2025,02,-0.3,30.5
1215035000,2025,03,7.4,26.5
1215035000,2025,04,13.0,53.0
1215035000,2025,05,16.6,129.0
1215035000,2025,06,22.8,215.5
1215035000,2025,07,26.9,388.5
1215035000,2025,08,26.7,273.5
1215035000,2025,09,23.4,201.5
1215035000,2025,10,17.0,149.5
1215035000,2025,11,7.7,28.5
1215035000,2025,12,2.4,25.5
5213036000,2021,01,-0.7,20.0
5213036000,2021,02,3.2,10.0
5213036000,2021,03,7.9,95.5
5213036000,2021,04,12.9,45.0
5213036000,2021,05,16.7,142.5
5213036000,2021,06,22.5,74.0
5213036000,2021,07,26.9,257.5
5213036000,2021,08,25.6,211.5
5213036000,2021,09,22.2,138.0
5213036000,2021,10,15.8,35.0
5213036000,2021,11,8.9,83.0
5213036000,2021,12,2.3,5.0
5213036000,2022,01,-1.1,1.0
5213036000,2022,02,-0.4,4.5
5213036000,2022,03,6.9,58.5
5213036000,2022,04,12.7,49.5
5213036000,2022,05,17.5,4.0
5213036000,2022,06,23.1,91.5
5213036000,2022,07,26.6,151.5
5213036000,2022,08,25.8,320.0
5213036000,2022,09,22.0,76.0
5213036000,2022,10,14.2,77.5
5213036000,2022,11,9.9,55.0
5213036000,2022,12,-1.4,43.0
5213036000,2023,01,-0.4,26.5
5213036000,2023,02,1.5,3.0
5213036000,2023,03,7.9,14.5
5213036000,2023,04,12.7,61.5
5213036000,2023,05,18.4,318.5
5213036000,2023,06,22.6,206.0
5213036000,2023,07,26.0,835.0
5213036000,2023,08,27.0,206.5
5213036000,2023,09,23.1,261.5
5213036000,2023,10,15.2,27.5
5213036000,2023,11,8.5,74.5
5213036000,2023,12,3.1,127.0
5213036000,2024,01,1.3,42.5
5213036000,2024,02,4.5,113.0
5213036000,2024,03,6.7,55.5
5213036000,2024,04,14.5,56.5
5213036000,2024,05,17.6,111.0
5213036000,2024,06,23.0,71.0
5213036000,2024,07,26.8,542.5
5213036000,2024,08,28.8,11.0
5213036000,2024,09,25.9,210.5
5213036000,2024,10,16.6,69.0
5213036000,2024,11,9.9,43.0
5213036000,2024,12,2.3,15.5
5213036000,2025,01,0.1,26.0
5213036000,2025,02,-0.5,16.5
5213036000,2025,03,7.3,35.5
5213036000,2025,04,12.3,58.5
5213036000,2025,05,17.2,68.0
5213036000,2025,06,23.1,286.0
5213036000,2025,07,27.9,141.0
5213036000,2025,08,27.5,182.5
5213036000,2025,09,23.6,485.0
5213036000,2025,10,17.4,114.0
5213036000,2025,11,9.1,19.5
5213036000,2025,12,3.0,35.5
4793040000,2021,01,0.9,6.0
4793040000,2021,02,4.9,4.5
4793040000,2021,03,9.2,127.0
4793040000,2021,04,12.5,91.0
4793040000,2021,05,16.6,144.5
4793040000,2021,06,20.9,56.5
4793040000,2021,07,25.2,158.0
4793040000,2021,08,24.2,320.5
4793040000,2021,09,20.7,174.0
4793040000,2021,10,15.5,186.0
4793040000,2021,11,9.7,20.5
4793040000,2021,12,3.8,2.5
4793040000,2022,01,1.3,4.5
4793040000,2022,02,1.7,3.5
4793040000,2022,03,7.6,86.5
4793040000,2022,04,14.0,43.0
4793040000,2022,05,18.2,2.5
4793040000,2022,06,21.7,102.5
4793040000,2022,07,24.8,75.0
4793040000,2022,08,24.6,211.5
4793040000,2022,09,19.7,137.5
4793040000,2022,10,13.6,119.0
4793040000,2022,11,10.3,261.0
4793040000,2022,12,0.8,0.5
4793040000,2023,01,1.6,40.0
4793040000,2023,02,2.9,47.0
4793040000,2023,03,9.3,24.0
4793040000,2023,04,12.9,31.5
4793040000,2023,05,17.4,102.5
4793040000,2023,06,22.0,173.0
4793040000,2023,07,25.3,186.5
4793040000,2023,08,25.7,290.5
4793040000,2023,09,21.8,267.5
4793040000,2023,10,14.5,24.0
4793040000,2023,11,9.5,29.0
4793040000,2023,12,3.4,229.5
4793040000,2024,01,1.7,51.0
4793040000,2024,02,3.7,185.5
4793040000,2024,03,6.5,66.0
4793040000,2024,04,13.9,64.0
4793040000,2024,05,17.7,36.0
4793040000,2024,06,22.1,74.0
4793040000,2024,07,26.2,216.0
4793040000,2024,08,27.0,53.0
4793040000,2024,09,22.8,262.5
4793040000,2024,10,15.6,135.5
4793040000,2024,11,9.9,17.5
4793040000,2024,12,3.3,5.0
4793040000,2025,01,1.1,26.0
4793040000,2025,02,1.3,1.0
4793040000,2025,03,7.2,95.0
4793040000,2025,04,13.1,34.0
4793040000,2025,05,17.1,96.5
4793040000,2025,06,23.6,63.0
4793040000,2025,07,27.7,152.0
4793040000,2025,08,27.8,30.5
4793040000,2025,09,22.8,298.5
4793040000,2025,10,16.2,404.5
4793040000,2025,11,9.6,1.5
4793040000,2025,12,3.8,7.5
4784000000,2021,01,-1.9,5.5
4784000000,2021,02,2.4,17.5
4784000000,2021,03,8.3,118.5
4784000000,2021,04,12.8,57.0
4784000000,2021,05,16.6,113.5
4784000000,2021,06,21.9,33.0
4784000000,2021,07,25.6,200.5
4784000000,2021,08,24.1,463.0
4784000000,2021,09,20.4,106.0
4784000000,2021,10,14.4,59.5
4784000000,2021,11,7.0,49.0
4784000000,2021,12,0.8,0.0
4784000000,2022,01,-1.5,0.0
4784000000,2022,02,-0.5,0.5
4784000000,2022,03,7.4,65.0
4784000000,2022,04,13.6,43.0
4784000000,2022,05,18.1,46.0
4784000000,2022,06,22.7,122.5
4784000000,2022,07,26.3,112.5
4784000000,2022,08,25.0,171.5
4784000000,2022,09,20.2,183.5
4784000000,2022,10,13.3,18.0
4784000000,2022,11,8.2,52.0
4784000000,2022,12,-2.1,2.0
4784000000,2023,01,-1.7,42.0
4784000000,2023,02,1.8,13.5
4784000000,2023,03,9.1,25.5
4784000000,2023,04,12.8,62.5
4784000000,2023,05,17.7,229.0
4784000000,2023,06,22.6,218.5
4784000000,2023,07,25.6,421.0
4784000000,2023,08,26.5,613.0
4784000000,2023,09,22.1,215.5
4784000000,2023,10,13.9,3.0
4784000000,2023,11,6.8,78.0
4784000000,2023,12,1.3,132.5
4784000000,2024,01,-0.2,35.0
4784000000,2024,02,3.2,138.0
4784000000,2024,03,6.3,103.0
4784000000,2024,04,14.6,100.0
4784000000,2024,05,17.7,105.5
4784000000,2024,06,22.9,95.0
4784000000,2024,07,26.5,430.5
4784000000,2024,08,27.7,141.5
4784000000,2024,09,24.3,234.5
4784000000,2024,10,15.2,96.0
4784000000,2024,11,8.6,52.0
4784000000,2024,12,1.0,0.0
4784000000,2025,01,-1.4,2.0
4784000000,2025,02,-1.1,12.0
4784000000,2025,03,7.0,51.0
4784000000,2025,04,13.2,63.0
4784000000,2025,05,16.5,136.0
4784000000,2025,06,23.0,281.0
4784000000,2025,07,26.4,298.0
4784000000,2025,08,26.9,190.0
4784000000,2025,09,22.5,106.5
4784000000,2025,10,16.1,156.5
4784000000,2025,11,6.9,4.0
4784000000,2025,12,0.9,5.0
1281034000,2021,01,NA,36.5
1281034000,2021,02,NA,29.5
1281034000,2021,03,NA,91.0
1281034000,2021,04,NA,32.5
1281034000,2021,05,NA,109.0
1281034000,2021,06,NA,115.0
1281034000,2021,07,NA,186.0
1281034000,2021,08,NA,235.0
1281034000,2021,09,NA,84.5
1281034000,2021,10,NA,29.5
1281034000,2021,11,NA,59.0
1281034000,2021,12,NA,11.5
1281034000,2022,01,NA,1.5
1281034000,2022,02,NA,1.5
1281034000,2022,03,NA,88.0
1281034000,2022,04,NA,52.0
1281034000,2022,05,NA,2.0
1281034000,2022,06,NA,59.0
1281034000,2022,07,NA,141.5
1281034000,2022,08,NA,100.0
1281034000,2022,09,NA,75.0
1281034000,2022,10,NA,40.5
1281034000,2022,11,NA,33.0
1281034000,2022,12,NA,23.5
1281034000,2023,01,NA,29.0
1281034000,2023,02,NA,18.0
1281034000,2023,03,NA,23.0
1281034000,2023,04,NA,62.5
1281034000,2023,05,NA,125.0
1281034000,2023,06,NA,254.5
1281034000,2023,07,NA,735.0
1281034000,2023,08,NA,170.0
1281034000,2023,09,NA,178.0
1281034000,2023,10,NA,8.5
1281034000,2023,11,NA,76.0
1281034000,2023,12,NA,72.0
1281034000,2024,01,NA,46.5
1281034000,2024,02,NA,96.0
1281034000,2024,03,NA,64.0
1281034000,2024,04,NA,69.0
1281034000,2024,05,NA,101.0
1281034000,2024,06,NA,134.0
1281034000,2024,07,NA,205.0
1281034000,2024,08,NA,148.5
1281034000,2024,09,NA,86.5
1281034000,2024,10,NA,122.0
1281034000,2024,11,NA,39.5
1281034000,2024,12,NA,10.0
1281034000,2025,01,NA,20.0
1281034000,2025,02,NA,30.0
1281034000,2025,03,NA,28.0
1281034000,2025,04,NA,39.5
1281034000,2025,05,NA,88.0
1281034000,2025,06,NA,273.0
1281034000,2025,07,NA,338.0
1281034000,2025,08,NA,422.5
1281034000,2025,09,NA,188.0
1281034000,2025,10,NA,110.5
1281034000,2025,11,NA,28.0
1281034000,2025,12,NA,28.5
3171026200,2021,01,0.3,21.5
3171026200,2021,02,4.8,37.5
3171026200,2021,03,9.5,281.5
3171026200,2021,04,12.3,73.0
3171026200,2021,05,16.7,108.5
3171026200,2021,06,21.0,89.5
3171026200,2021,07,25.5,246.0
3171026200,2021,08,24.9,451.0
3171026200,2021,09,21.3,134.5
3171026200,2021,10,16.0,58.0
3171026200,2021,11,8.4,16.0
3171026200,2021,12,2.3,0.0
3171026200,2022,01,0.3,0.0
3171026200,2022,02,1.0,3.0
3171026200,2022,03,8.3,57.5
3171026200,2022,04,13.1,27.0
3171026200,2022,05,18.0,4.5
3171026200,2022,06,22.0,171.5
3171026200,2022,07,25.6,138.5
3171026200,2022,08,25.9,124.0
3171026200,2022,09,20.9,322.5
3171026200,2022,10,14.6,27.0
3171026200,2022,11,10.1,42.5
3171026200,2022,12,0.2,7.5
3171026200,2023,01,0.6,44.0
3171026200,2023,02,3.6,34.5
3171026200,2023,03,9.8,74.5
3171026200,2023,04,13.2,89.0
3171026200,2023,05,17.1,212.5
3171026200,2023,06,21.9,140.0
3171026200,2023,07,25.6,324.0
3171026200,2023,08,26.3,390.0
3171026200,2023,09,22.7,293.5
3171026200,2023,10,14.7,5.5
3171026200,2023,11,8.7,45.0
3171026200,2023,12,3.3,128.5
3171026200,2024,01,1.7,51.5
3171026200,2024,02,5.0,109.0
3171026200,2024,03,7.5,83.5
3171026200,2024,04,14.0,106.5
3171026200,2024,05,17.3,72.0
3171026200,2024,06,22.4,124.0
3171026200,2024,07,27.4,202.0
3171026200,2024,08,28.1,124.0
3171026200,2024,09,24.9,260.0
3171026200,2024,10,17.6,185.0
3171026200,2024,11,10.6,63.5
3171026200,2024,12,2.5,0.0
3171026200,2025,01,0.6,21.5
3171026200,2025,02,0.5,17.0
3171026200,2025,03,8.3,72.5
3171026200,2025,04,13.3,52.0
3171026200,2025,05,16.8,109.0
3171026200,2025,06,23.2,167.5
3171026200,2025,07,27.0,309.0
3171026200,2025,08,27.8,152.0
3171026200,2025,09,23.9,60.0
3171026200,2025,10,17.2,159.0
3171026200,2025,11,8.7,19.5
3171026200,2025,12,3.4,13.0
4827034000,2021,01,0.1,18.5
4827034000,2021,02,4.3,31.0
4827034000,2021,03,9.4,141.5
4827034000,2021,04,13.0,74.5
4827034000,2021,05,16.5,162.0
4827034000,2021,06,21.0,53.5
4827034000,2021,07,25.1,379.0
4827034000,2021,08,24.4,323.0
4827034000,2021,09,21.2,102.0
4827034000,2021,10,15.3,56.0
4827034000,2021,11,8.5,58.5
4827034000,2021,12,2.2,4.0
4827034000,2022,01,0.2,0.0
4827034000,2022,02,0.7,0.0
4827034000,2022,03,8.5,59.0
4827034000,2022,04,13.8,56.0
4827034000,2022,05,18.1,4.5
4827034000,2022,06,21.7,343.5
4827034000,2022,07,25.5,110.5
4827034000,2022,08,25.1,188.5
4827034000,2022,09,20.6,384.0
4827034000,2022,10,14.1,22.5
4827034000,2022,11,10.4,50.0
4827034000,2022,12,-0.3,15.0
4827034000,2023,01,0.4,34.5
4827034000,2023,02,3.4,26.5
4827034000,2023,03,10.2,52.0
4827034000,2023,04,13.3,58.5
4827034000,2023,05,17.2,222.5
4827034000,2023,06,21.6,281.0
4827034000,2023,07,25.2,381.5
4827034000,2023,08,26.1,498.5
4827034000,2023,09,22.3,208.5
4827034000,2023,10,14.3,11.5
4827034000,2023,11,8.3,65.0
4827034000,2023,12,3.2,107.0
4827034000,2024,01,1.7,46.0
4827034000,2024,02,4.9,90.0
4827034000,2024,03,7.3,80.5
4827034000,2024,04,14.9,64.0
4827034000,2024,05,17.4,127.5
4827034000,2024,06,21.9,169.0
4827034000,2024,07,26.3,286.5
4827034000,2024,08,27.4,60.5
4827034000,2024,09,24.2,209.5
4827034000,2024,10,16.7,104.0
4827034000,2024,11,10.1,73.5
4827034000,2024,12,2.0,0.5
4827034000,2025,01,0.4,5.0
4827034000,2025,02,0.0,14.0
4827034000,2025,03,8.2,47.0
4827034000,2025,04,13.4,59.5
4827034000,2025,05,16.4,109.0
4827034000,2025,06,22.6,178.0
4827034000,2025,07,26.2,453.5
4827034000,2025,08,26.5,228.0
4827034000,2025,09,23.3,78.5
4827034000,2025,10,16.7,76.0
4827034000,2025,11,8.6,18.0
4827034000,2025,12,3.0,18.0
4776000000,2021,01,-3.6,6.5
4776000000,2021,02,1.3,12.0
4776000000,2021,03,6.6,98.0
4776000000,2021,04,10.6,89.5
4776000000,2021,05,14.5,148.0
4776000000,2021,06,20.0,66.5
4776000000,2021,07,24.3,177.5
4776000000,2021,08,23.2,155.5
4776000000,2021,09,19.3,165.5
4776000000,2021,10,12.8,66.5
4776000000,2021,11,5.5,30.5
4776000000,2021,12,-0.4,0.0
4776000000,2022,01,-3.6,0.0
4776000000,2022,02,-2.5,0.5
4776000000,2022,03,5.4,60.5
4776000000,2022,04,11.7,34.0
4776000000,2022,05,16.3,1.0
4776000000,2022,06,21.1,49.5
4776000000,2022,07,24.8,160.5
4776000000,2022,08,23.7,269.0
4776000000,2022,09,18.7,63.5
4776000000,2022,10,11.4,38.0
4776000000,2022,11,6.7,70.0
4776000000,2022,12,-4.0,4.5
4776000000,2023,01,-3.6,19.5
4776000000,2023,02,0.1,0.0
4776000000,2023,03,7.3,42.0
4776000000,2023,04,11.1,46.0
4776000000,2023,05,16.0,133.0
4776000000,2023,06,21.0,227.5
4776000000,2023,07,24.4,395.5
4776000000,2023,08,25.4,255.5
4776000000,2023,09,20.9,235.5
4776000000,2023,10,11.9,22.0
4776000000,2023,11,5.5,25.0
4776000000,2023,12,-0.4,113.5
4776000000,2024,01,-1.4,20.5
4776000000,2024,02,1.9,67.5
4776000000,2024,03,4.9,58.0
4776000000,2024,04,13.1,65.5
4776000000,2024,05,15.8,84.5
4776000000,2024,06,21.1,127.5
4776000000,2024,07,25.6,387.0
4776000000,2024,08,26.4,35.5
4776000000,2024,09,22.7,207.5
4776000000,2024,10,14.4,60.5
4776000000,2024,11,7.5,26.5
4776000000,2024,12,-0.5,1.0
4776000000,2025,01,-2.8,8.5
4776000000,2025,02,-2.7,1.0
4776000000,2025,03,5.5,56.0
4776000000,2025,04,11.4,45.5
4776000000,2025,05,15.3,121.0
4776000000,2025,06,22.1,150.5
4776000000,2025,07,25.7,195.5
4776000000,2025,08,26.0,79.5
4776000000,2025,09,21.5,142.5
4776000000,2025,10,14.8,154.0
4776000000,2025,11,5.6,5.5
4776000000,2025,12,-0.3,8.5
5011025900,2021,01,NA,NA
5011025900,2021,02,NA,NA
5011025900,2021,03,NA,NA
5011025900,2021,04,NA,NA
5011025900,2021,05,NA,NA
5011025900,2021,06,NA,NA
5011025900,2021,07,NA,NA
5011025900,2021,08,NA,NA
5011025900,2021,09,NA,NA
5011025900,2021,10,NA,NA
5011025900,2021,11,NA,NA
5011025900,2021,12,NA,NA
5011025900,2022,01,NA,NA
5011025900,2022,02,NA,NA
5011025900,2022,03,NA,NA
5011025900,2022,04,NA,NA
5011025900,2022,05,NA,NA
5011025900,2022,06,NA,NA
5011025900,2022,07,NA,NA
5011025900,2022,08,NA,NA
5011025900,2022,09,NA,NA
5011025900,2022,10,NA,NA
5011025900,2022,11,NA,NA
5011025900,2022,12,NA,NA
5011025900,2023,01,NA,NA
5011025900,2023,02,NA,NA
5011025900,2023,03,NA,NA
5011025900,2023,04,NA,NA
5011025900,2023,05,NA,NA
5011025900,2023,06,NA,NA
5011025900,2023,07,NA,NA
5011025900,2023,08,NA,NA
5011025900,2023,09,NA,NA
5011025900,2023,10,NA,NA
5011025900,2023,11,NA,NA
5011025900,2023,12,NA,NA
5011025900,2024,01,NA,NA
5011025900,2024,02,NA,NA
5011025900,2024,03,NA,NA
5011025900,2024,04,NA,NA
5011025900,2024,05,NA,NA
5011025900,2024,06,NA,NA
5011025900,2024,07,NA,NA
5011025900,2024,08,NA,NA
5011025900,2024,09,NA,NA
5011025900,2024,10,NA,NA
5011025900,2024,11,NA,NA
5011025900,2024,12,NA,NA
5011025900,2025,01,NA,NA
5011025900,2025,02,NA,NA
5011025900,2025,03,NA,NA
5011025900,2025,04,NA,NA
5011025900,2025,05,NA,NA
5011025900,2025,06,NA,NA
5011025900,2025,07,NA,NA
5011025900,2025,08,NA,NA
5011025900,2025,09,NA,NA
5011025900,2025,10,NA,NA
5011025900,2025,11,NA,NA
5011025900,2025,12,NA,NA
4111000000,2021,01,-2.1,18.0
4111000000,2021,02,2.5,5.0
4111000000,2021,03,8.4,98.5
4111000000,2021,04,13.9,101.0
4111000000,2021,05,16.9,178.5
4111000000,2021,06,22.9,64.5
4111000000,2021,07,28.0,144.0
4111000000,2021,08,25.9,66.5
4111000000,2021,09,22.8,146.5
4111000000,2021,10,16.1,54.0
4111000000,2021,11,8.0,97.0
4111000000,2021,12,0.9,11.0
4111000000,2022,01,-2.0,1.0
4111000000,2022,02,-0.9,4.5
4111000000,2022,03,7.4,70.0
4111000000,2022,04,13.9,18.0
4111000000,2022,05,18.5,13.5
4111000000,2022,06,23.3,506.5
4111000000,2022,07,27.2,247.0
4111000000,2022,08,25.6,663.0
4111000000,2022,09,22.2,182.0
4111000000,2022,10,14.4,111.0
4111000000,2022,11,9.6,55.0
4111000000,2022,12,-2.7,16.0
4111000000,2023,01,-1.4,40.5
4111000000,2023,02,2.0,1.0
4111000000,2023,03,9.1,6.0
4111000000,2023,04,13.6,68.0
4111000000,2023,05,19.2,139.0
4111000000,2023,06,23.3,133.0
4111000000,2023,07,26.6,534.5
4111000000,2023,08,27.4,208.5
4111000000,2023,09,23.7,138.0
4111000000,2023,10,15.3,31.5
4111000000,2023,11,7.2,99.5
4111000000,2023,12,1.4,82.0
4111000000,2024,01,-0.3,22.0
4111000000,2024,02,3.8,78.5
4111000000,2024,03,7.0,28.0
4111000000,2024,04,15.8,53.0
4111000000,2024,05,18.1,112.0
4111000000,2024,06,23.8,134.5
4111000000,2024,07,26.8,403.0
4111000000,2024,08,29.2,135.5
4111000000,2024,09,25.9,201.5
4111000000,2024,10,16.7,86.5
4111000000,2024,11,9.6,65.0
4111000000,2024,12,0.8,19.5
4111000000,2025,01,-0.6,16.5
4111000000,2025,02,-1.3,6.0
4111000000,2025,03,7.8,38.0
4111000000,2025,04,13.1,66.5
4111000000,2025,05,17.6,94.0
4111000000,2025,06,23.5,79.5
4111000000,2025,07,28.3,239.0
4111000000,2025,08,27.9,92.0
4111000000,2025,09,23.4,215.5
4111000000,2025,10,16.8,172.5
4111000000,2025,11,8.7,19.5
4111000000,2025,12,1.8,46.0
5119010100,2021,01,-5.5,14.5
5119010100,2021,02,-0.2,8.5
5119010100,2021,03,4.7,127.5
5119010100,2021,04,8.8,117.0
5119010100,2021,05,12.9,166.0
5119010100,2021,06,17.6,88.5
5119010100,2021,07,21.9,154.5
5119010100,2021,08,20.1,353.5
5119010100,2021,09,15.8,185.5
5119010100,2021,10,10.7,89.5
5119010100,2021,11,4.1,34.5
5119010100,2021,12,-2.5,1.0
5119010100,2022,01,-5.3,1.0
5119010100,2022,02,-5.3,1.5
5119010100,2022,03,3.4,104.0
5119010100,2022,04,10.3,37.5
5119010100,2022,05,14.4,27.0
5119010100,2022,06,18.1,194.5
5119010100,2022,07,21.8,164.0
5119010100,2022,08,21.4,272.5
5119010100,2022,09,15.6,217.5
5119010100,2022,10,9.2,89.0
5119010100,2022,11,5.8,65.5
5119010100,2022,12,-5.6,2.0
5119010100,2023,01,-4.4,30.0
5119010100,2023,02,-2.1,11.5
5119010100,2023,03,5.7,28.0
5119010100,2023,04,9.1,39.5
5119010100,2023,05,14.2,127.5
5119010100,2023,06,18.8,264.0
5119010100,2023,07,22.5,241.5
5119010100,2023,08,22.0,329.0
5119010100,2023,09,17.6,219.0
5119010100,2023,10,10.2,26.5
5119010100,2023,11,4.4,53.0
5119010100,2023,12,-2.5,144.0
5119010100,2024,01,-3.8,35.5
5119010100,2024,02,-1.7,77.0
5119010100,2024,03,1.9,91.0
5119010100,2024,04,11.1,63.5
5119010100,2024,05,14.3,78.5
5119010100,2024,06,19.3,121.0
5119010100,2024,07,23.0,332.0
5119010100,2024,08,23.1,176.5
5119010100,2024,09,19.0,335.0
5119010100,2024,10,10.9,179.0
5119010100,2024,11,5.2,30.0
5119010100,2024,12,-2.6,1.0
5119010100,2025,01,-4.6,2.0
5119010100,2025,02,-5.3,11.0
5119010100,2025,03,2.6,65.5
5119010100,2025,04,9.8,44.0
5119010100,2025,05,12.9,98.5
5119010100,2025,06,20.0,90.5
5119010100,2025,07,23.4,109.5
5119010100,2025,08,23.6,29.5
5119010100,2025,09,18.1,195.5
5119010100,2025,10,11.5,367.5
5119010100,2025,11,4.7,13.5
5119010100,2025,12,-1.3,10.0
4161010600,2021,01,-4.4,24.5
4161010600,2021,02,1.0,8.0
4161010600,2021,03,7.6,100.5
4161010600,2021,04,12.6,110.5
4161010600,2021,05,15.3,155.0
4161010600,2021,06,21.4,75.5
4161010600,2021,07,26.2,134.0
4161010600,2021,08,24.3,128.5
4161010600,2021,09,20.5,144.0
4161010600,2021,10,13.9,49.0
4161010600,2021,11,6.1,74.5
4161010600,2021,12,-1.3,10.5
4161010600,2022,01,-4.1,4.0
4161010600,2022,02,-2.6,8.0
4161010600,2022,03,6.1,73.5
4161010600,2022,04,12.9,43.5
4161010600,2022,05,17.2,9.0
4161010600,2022,06,21.9,462.5
4161010600,2022,07,25.7,268.5
4161010600,2022,08,24.4,820.0
4161010600,2022,09,19.9,227.5
4161010600,2022,10,12.1,120.0
4161010600,2022,11,7.3,60.5
4161010600,2022,12,-5.0,11.0
4161010600,2023,01,-3.5,48.0
4161010600,2023,02,0.3,1.0
4161010600,2023,03,8.0,10.5
4161010600,2023,04,12.2,85.0
4161010600,2023,05,17.8,163.5
4161010600,2023,06,22.3,135.5
4161010600,2023,07,25.5,466.5
4161010600,2023,08,26.0,207.5
4161010600,2023,09,21.8,146.5
4161010600,2023,10,12.9,29.5
4161010600,2023,11,5.4,97.0
4161010600,2023,12,-0.7,90.5
4161010600,2024,01,-2.2,27.5
4161010600,2024,02,2.3,88.5
4161010600,2024,03,5.5,46.0
4161010600,2024,04,15.0,44.5
4161010600,2024,05,17.3,118.0
4161010600,2024,06,22.8,130.0
4161010600,2024,07,25.7,428.5
4161010600,2024,08,27.8,61.5
4161010600,2024,09,23.9,174.5
4161010600,2024,10,14.5,79.5
4161010600,2024,11,7.6,52.0
4161010600,2024,12,-1.5,34.0
4161010600,2025,01,-2.6,18.5
4161010600,2025,02,-3.1,14.0
4161010600,2025,03,6.5,49.0
4161010600,2025,04,12.3,73.5
4161010600,2025,05,16.3,55.0
4161010600,2025,06,22.7,87.0
4161010600,2025,07,27.0,225.0
4161010600,2025,08,26.6,288.5
4161010600,2025,09,21.6,394.5
4161010600,2025,10,15.1,174.5
4161010600,2025,11,6.6,22.5
4161010600,2025,12,-0.8,58.0
4825011500,2021,01,1.3,15.5
4825011500,2021,02,5.6,39.5
4825011500,2021,03,10.4,197.5
4825011500,2021,04,14.3,85.0
4825011500,2021,05,18.1,150.5
4825011500,2021,06,22.5,126.0
4825011500,2021,07,26.5,446.0
4825011500,2021,08,26.1,366.0
4825011500,2021,09,22.5,107.5
4825011500,2021,10,17.1,25.0
4825011500,2021,11,9.8,69.5
4825011500,2021,12,3.5,3.0
4825011500,2022,01,1.8,0.0
4825011500,2022,02,2.4,0.0
4825011500,2022,03,9.5,119.0
4825011500,2022,04,14.3,112.0
4825011500,2022,05,19.2,7.0
4825011500,2022,06,22.7,129.0
4825011500,2022,07,26.7,173.0
4825011500,2022,08,26.5,184.5
4825011500,2022,09,22.1,163.0
4825011500,2022,10,15.7,12.0
4825011500,2022,11,11.8,36.5
4825011500,2022,12,1.3,11.5
4825011500,2023,01,1.8,86.5
4825011500,2023,02,4.9,24.0
4825011500,2023,03,10.8,60.5
4825011500,2023,04,14.2,113.5
4825011500,2023,05,18.3,277.5
4825011500,2023,06,23.0,127.5
4825011500,2023,07,26.1,434.0
4825011500,2023,08,27.5,310.5
4825011500,2023,09,23.9,235.5
4825011500,2023,10,16.0,4.5
4825011500,2023,11,9.8,63.0
4825011500,2023,12,4.4,78.5
4825011500,2024,01,5.2,27.0
4825011500,2024,02,8.6,130.0
4825011500,2024,03,9.6,97.0
4825011500,2024,04,15.5,128.0
4825011500,2024,05,18.9,141.0
4825011500,2024,06,23.2,178.5
4825011500,2024,07,26.9,204.0
4825011500,2024,08,28.6,116.5
4825011500,2024,09,25.9,381.5
4825011500,2024,10,18.4,162.0
4825011500,2024,11,11.5,81.0
4825011500,2024,12,3.6,0.0
4825011500,2025,01,1.6,3.0
4825011500,2025,02,1.5,20.5
4825011500,2025,03,9.0,29.0
4825011500,2025,04,14.2,55.0
4825011500,2025,05,17.7,112.5
4825011500,2025,06,23.4,158.0
4825011500,2025,07,27.6,268.0
4825011500,2025,08,27.9,153.0
4825011500,2025,09,24.8,64.0
4825011500,2025,10,18.5,95.5
4825011500,2025,11,10.1,22.0
4825011500,2025,12,4.4,8.5
4313011400,2021,01,-3.4,9.0
4313011400,2021,02,1.6,10.0
4313011400,2021,03,7.9,74.5
4313011400,2021,04,12.6,63.5
4313011400,2021,05,16.1,154.5
4313011400,2021,06,22.0,102.5
4313011400,2021,07,26.0,296.0
4313011400,2021,08,24.0,289.0
4313011400,2021,09,20.3,248.0
4313011400,2021,10,13.6,43.5
4313011400,2021,11,6.5,46.0
4313011400,2021,12,-0.1,4.0
4313011400,2022,01,-2.9,0.5
4313011400,2022,02,-1.7,3.5
4313011400,2022,03,6.9,75.5
4313011400,2022,04,13.6,54.5
4313011400,2022,05,18.2,6.5
4313011400,2022,06,23.1,205.0
4313011400,2022,07,26.2,271.5
4313011400,2022,08,25.2,406.5
4313011400,2022,09,20.4,107.5
4313011400,2022,10,12.8,95.0
4313011400,2022,11,8.0,77.5
4313011400,2022,12,-4.4,15.5
4313011400,2023,01,-2.8,21.5
4313011400,2023,02,1.1,2.5
4313011400,2023,03,8.7,13.5
4313011400,2023,04,13.1,26.0
4313011400,2023,05,18.5,127.0
4313011400,2023,06,23.0,213.5
4313011400,2023,07,25.9,546.0
4313011400,2023,08,26.7,224.5
4313011400,2023,09,22.4,241.5
4313011400,2023,10,13.2,29.5
4313011400,2023,11,6.3,46.5
4313011400,2023,12,0.5,93.0
4313011400,2024,01,-0.9,33.0
4313011400,2024,02,3.3,84.5
4313011400,2024,03,6.3,47.5
4313011400,2024,04,15.6,57.0
4313011400,2024,05,18.0,116.0
4313011400,2024,06,23.3,126.5
4313011400,2024,07,26.5,437.5
4313011400,2024,08,28.2,97.5
4313011400,2024,09,25.2,225.5
4313011400,2024,10,15.2,103.5
4313011400,2024,11,8.3,39.5
4313011400,2024,12,-0.5,4.0
4313011400,2025,01,-2.2,7.5
4313011400,2025,02,-2.5,4.5
4313011400,2025,03,6.8,37.5
4313011400,2025,04,12.8,72.5
4313011400,2025,05,16.8,11.0
4313011400,2025,06,23.4,137.0
4313011400,2025,07,27.1,238.5
4313011400,2025,08,27.0,134.0
4313011400,2025,09,22.5,84.5
4313011400,2025,10,15.9,73.5
4313011400,2025,11,6.7,15.5
4313011400,2025,12,0.0,27.0
5111025000,2021,01,-6.0,8.0
5111025000,2021,02,0.1,3.0
5111025000,2021,03,6.9,97.5
5111025000,2021,04,12.3,111.5
5111025000,2021,05,15.8,158.5
5111025000,2021,06,21.9,129.5
5111025000,2021,07,27.0,184.0
5111025000,2021,08,24.5,134.5
5111025000,2021,09,20.7,112.5
5111025000,2021,10,13.1,63.5
5111025000,2021,11,5.1,46.5
5111025000,2021,12,-2.2,4.0
5111025000,2022,01,-5.4,1.0
5111025000,2022,02,-3.9,4.5
5111025000,2022,03,5.6,89.0
5111025000,2022,04,12.9,29.5
5111025000,2022,05,17.3,8.0
5111025000,2022,06,22.2,388.0
5111025000,2022,07,26.4,614.5
5111025000,2022,08,24.9,438.5
5111025000,2022,09,19.7,236.5
5111025000,2022,10,11.7,115.5
5111025000,2022,11,6.3,62.5
5111025000,2022,12,-6.3,4.5
5111025000,2023,01,-5.3,38.0
5111025000,2023,02,-0.5,1.0
5111025000,2023,03,7.0,7.5
5111025000,2023,04,12.1,95.0
5111025000,2023,05,17.9,112.0
5111025000,2023,06,22.7,299.5
5111025000,2023,07,26.3,311.0
5111025000,2023,08,26.4,204.5
5111025000,2023,09,22.0,114.5
5111025000,2023,10,12.3,30.5
5111025000,2023,11,4.6,79.5
5111025000,2023,12,-1.5,80.5
5111025000,2024,01,-2.8,11.5
5111025000,2024,02,1.8,46.0
5111025000,2024,03,4.8,40.5
5111025000,2024,04,14.6,28.0
5111025000,2024,05,17.4,125.5
5111025000,2024,06,23.6,126.5
5111025000,2024,07,26.2,417.0
5111025000,2024,08,28.3,91.0
5111025000,2024,09,23.4,218.0
5111025000,2024,10,14.1,74.0
5111025000,2024,11,7.0,29.5
5111025000,2024,12,-2.7,1.5
5111025000,2025,01,-4.6,10.5
5111025000,2025,02,-3.9,2.5
5111025000,2025,03,5.6,25.5
5111025000,2025,04,12.1,94.5
5111025000,2025,05,16.5,72.5
5111025000,2025,06,23.4,124.5
5111025000,2025,07,27.4,305.0
5111025000,2025,08,27.1,245.0
5111025000,2025,09,21.7,326.5
5111025000,2025,10,15.1,154.5
5111025000,2025,11,5.6,19.5
5111025000,2025,12,-1.6,26.5
5273025000,2021,01,-2.7,18.0
5273025000,2021,02,2.3,16.0
5273025000,2021,03,7.8,124.5
5273025000,2021,04,12.8,54.5
5273025000,2021,05,16.4,149.5
5273025000,2021,06,22.2,61.5
5273025000,2021,07,26.2,273.5
5273025000,2021,08,24.4,442.0
5273025000,2021,09,21.1,115.5
5273025000,2021,10,13.9,43.0
5273025000,2021,11,6.7,49.5
5273025000,2021,12,0.7,2.0
5273025000,2022,01,-2.1,1.0
5273025000,2022,02,-1.7,4.0
5273025000,2022,03,7.1,52.0
5273025000,2022,04,13.4,69.0
5273025000,2022,05,17.6,5.0
5273025000,2022,06,23.3,131.0
5273025000,2022,07,26.2,138.5
5273025000,2022,08,25.4,260.0
5273025000,2022,09,20.7,50.0
5273025000,2022,10,12.8,9.5
5273025000,2022,11,7.6,66.0
5273025000,2022,12,-2.9,11.0
5273025000,2023,01,-2.2,23.0
5273025000,2023,02,0.9,5.5
5273025000,2023,03,8.6,30.5
5273025000,2023,04,13.0,43.5
5273025000,2023,05,17.8,232.0
5273025000,2023,06,22.9,206.5
5273025000,2023,07,25.7,475.5
5273025000,2023,08,26.8,265.0
5273025000,2023,09,22.4,166.5
5273025000,2023,10,13.3,14.0
5273025000,2023,11,6.7,62.0
5273025000,2023,12,1.7,112.0
5273025000,2024,01,0.0,46.9
5273025000,2024,02,3.4,80.0
5273025000,2024,03,6.2,76.5
5273025000,2024,04,14.9,41.0
5273025000,2024,05,17.6,78.0
5273025000,2024,06,23.1,85.0
5273025000,2024,07,26.9,446.0
5273025000,2024,08,28.3,13.5
5273025000,2024,09,25.2,225.0
5273025000,2024,10,15.1,71.5
5273025000,2024,11,8.2,41.0
5273025000,2024,12,0.5,9.0
5273025000,2025,01,-1.7,20.0
5273025000,2025,02,-1.8,15.0
5273025000,2025,03,7.0,40.5
5273025000,2025,04,13.3,51.5
5273025000,2025,05,16.6,107.0
5273025000,2025,06,23.0,282.5
5273025000,2025,07,26.8,182.0
5273025000,2025,08,26.8,136.0
5273025000,2025,09,22.6,264.5
5273025000,2025,10,15.9,115.0
5273025000,2025,11,6.9,24.0
5273025000,2025,12,1.0,27.0
4719025000,2021,01,-1.1,7.0
4719025000,2021,02,3.3,8.5
4719025000,2021,03,9.0,112.5
4719025000,2021,04,13.6,49.0
4719025000,2021,05,17.5,124.5
4719025000,2021,06,23.1,60.0
4719025000,2021,07,26.4,228.5
4719025000,2021,08,25.0,248.0
4719025000,2021,09,21.1,142.5
4719025000,2021,10,15.5,39.5
4719025000,2021,11,7.7,41.5
4719025000,2021,12,1.7,0.0
4719025000,2022,01,-0.8,0.0
4719025000,2022,02,0.2,0.0
4719025000,2022,03,8.1,47.0
4719025000,2022,04,14.3,40.5
4719025000,2022,05,19.0,4.0
4719025000,2022,06,23.5,140.5
4719025000,2022,07,26.5,131.5
4719025000,2022,08,25.4,199.0
4719025000,2022,09,20.6,106.5
4719025000,2022,10,13.2,35.5
4719025000,2022,11,8.0,43.5
4719025000,2022,12,-2.0,3.0
4719025000,2023,01,-1.6,20.0
4719025000,2023,02,1.9,6.5
4719025000,2023,03,9.3,24.5
4719025000,2023,04,13.1,36.0
4719025000,2023,05,18.6,127.5
4719025000,2023,06,23.2,185.5
4719025000,2023,07,25.7,396.0
4719025000,2023,08,26.7,330.5
4719025000,2023,09,22.3,193.5
4719025000,2023,10,13.5,3.0
4719025000,2023,11,6.8,30.0
4719025000,2023,12,1.4,90.0
4719025000,2024,01,0.4,19.5
4719025000,2024,02,3.8,62.5
4719025000,2024,03,7.0,59.0
4719025000,2024,04,15.2,56.0
4719025000,2024,05,18.3,72.5
4719025000,2024,06,23.5,68.5
4719025000,2024,07,26.5,371.5
4719025000,2024,08,27.9,67.5
4719025000,2024,09,24.6,146.0
4719025000,2024,10,15.2,47.5
4719025000,2024,11,8.8,19.0
4719025000,2024,12,1.4,2.0
4719025000,2025,01,-1.1,9.5
4719025000,2025,02,-0.7,6.0
4719025000,2025,03,7.7,27.0
4719025000,2025,04,13.4,55.0
4719025000,2025,05,17.3,80.0
4719025000,2025,06,23.8,182.5
4719025000,2025,07,26.9,137.5
4719025000,2025,08,27.2,105.0
4719025000,2025,09,22.7,149.0
4719025000,2025,10,16.2,143.0
4719025000,2025,11,7.1,12.5
4719025000,2025,12,1.0,7.5
1284025000,2021,01,0.1,45.5
1284025000,2021,02,3.4,38.0
1284025000,2021,03,9.1,119.5
1284025000,2021,04,13.4,31.0
1284025000,2021,05,17.5,79.5
1284025000,2021,06,22.7,120.0
1284025000,2021,07,26.5,212.5
1284025000,2021,08,25.4,326.5
1284025000,2021,09,22.3,98.0
1284025000,2021,10,15.7,32.5
1284025000,2021,11,9.1,57.5
1284025000,2021,12,2.0,14.5
1284025000,2022,01,-0.3,2.5
1284025000,2022,02,-0.1,4.0
1284025000,2022,03,7.8,104.0
1284025000,2022,04,13.4,58.5
1284025000,2022,05,17.5,0.5
1284025000,2022,06,23.2,125.0
1284025000,2022,07,26.3,156.5
1284025000,2022,08,26.4,116.0
1284025000,2022,09,21.7,89.5
1284025000,2022,10,13.9,44.0
1284025000,2022,11,9.3,57.5
1284025000,2022,12,-1.1,38.5
1284025000,2023,01,-0.2,28.5
1284025000,2023,02,2.3,8.5
1284025000,2023,03,8.8,32.5
1284025000,2023,04,12.9,62.5
1284025000,2023,05,18.3,192.0
1284025000,2023,06,22.7,268.0
1284025000,2023,07,25.9,717.0
1284025000,2023,08,27.0,228.5
1284025000,2023,09,23.0,221.5
1284025000,2023,10,14.7,9.5
1284025000,2023,11,8.5,67.0
1284025000,2023,12,3.2,95.0
1284025000,2024,01,1.5,35.5
1284025000,2024,02,4.9,95.5
1284025000,2024,03,6.6,69.5
1284025000,2024,04,15.2,72.0
1284025000,2024,05,18.0,124.0
1284025000,2024,06,22.9,131.0
1284025000,2024,07,26.9,257.0
1284025000,2024,08,28.7,136.5
1284025000,2024,09,25.3,103.0
1284025000,2024,10,16.2,65.0
1284025000,2024,11,9.7,57.0
1284025000,2024,12,2.0,8.0
1284025000,2025,01,-0.3,17.5
1284025000,2025,02,-0.5,28.0
1284025000,2025,03,7.3,39.5
1284025000,2025,04,12.6,69.5
1284025000,2025,05,17.0,117.5
1284025000,2025,06,23.0,278.5
1284025000,2025,07,27.4,435.5
1284025000,2025,08,26.9,310.5
1284025000,2025,09,23.5,248.5
1284025000,2025,10,17.2,157.5
1284025000,2025,11,8.3,39.5
1284025000,2025,12,2.7,33.0
5221036000,2021,01,-1.5,23.5
5221036000,2021,02,2.6,16.0
5221036000,2021,03,7.4,117.0
5221036000,2021,04,12.0,37.5
5221036000,2021,05,16.5,73.5
5221036000,2021,06,22.6,151.5
5221036000,2021,07,26.7,193.5
5221036000,2021,08,25.3,406.0
5221036000,2021,09,21.9,151.0
5221036000,2021,10,15.1,37.0
5221036000,2021,11,8.4,96.0
5221036000,2021,12,1.8,10.5
5221036000,2022,01,-1.6,2.0
5221036000,2022,02,-1.1,6.0
5221036000,2022,03,6.6,65.0
5221036000,2022,04,12.3,72.0
5221036000,2022,05,17.3,3.0
5221036000,2022,06,23.1,175.0
5221036000,2022,07,26.6,134.0
5221036000,2022,08,25.8,216.5
5221036000,2022,09,21.1,76.5
5221036000,2022,10,13.4,42.5
5221036000,2022,11,9.0,51.0
5221036000,2022,12,-2.5,40.0
5221036000,2023,01,-0.8,29.5
5221036000,2023,02,1.0,6.0
5221036000,2023,03,7.5,27.5
5221036000,2023,04,12.2,40.0
5221036000,2023,05,18.0,224.5
5221036000,2023,06,22.7,113.0
5221036000,2023,07,26.3,674.5
5221036000,2023,08,27.0,261.5
5221036000,2023,09,22.8,179.5
5221036000,2023,10,14.7,12.0
5221036000,2023,11,8.1,91.0
5221036000,2023,12,2.7,120.0
5221036000,2024,01,0.9,45.0
5221036000,2024,02,4.3,105.0
5221036000,2024,03,6.1,72.5
5221036000,2024,04,14.0,46.5
5221036000,2024,05,17.4,80.0
5221036000,2024,06,22.8,65.0
5221036000,2024,07,27.0,330.0
5221036000,2024,08,28.4,3.0
5221036000,2024,09,25.4,101.0
5221036000,2024,10,15.8,76.0
5221036000,2024,11,9.2,43.5
5221036000,2024,12,1.9,19.5
5221036000,2025,01,-0.6,23.5
5221036000,2025,02,-1.1,21.0
5221036000,2025,03,7.0,16.5
5221036000,2025,04,11.9,59.0
5221036000,2025,05,16.8,91.0
5221036000,2025,06,23.1,314.0
5221036000,2025,07,28.0,132.5
5221036000,2025,08,27.3,256.0
5221036000,2025,09,23.6,406.5
5221036000,2025,10,17.2,102.0
5221036000,2025,11,8.2,28.5
5221036000,2025,12,2.5,31.0
4888000000,2021,01,-1.3,9.0
4888000000,2021,02,3.1,20.5
4888000000,2021,03,8.6,82.5
4888000000,2021,04,12.9,43.0
4888000000,2021,05,16.4,110.0
4888000000,2021,06,21.6,60.0
4888000000,2021,07,25.3,233.0
4888000000,2021,08,24.3,326.5
4888000000,2021,09,20.3,116.5
4888000000,2021,10,14.0,49.5
4888000000,2021,11,6.8,36.0
4888000000,2021,12,1.2,0.0
4888000000,2022,01,-1.1,0.0
4888000000,2022,02,-0.7,0.0
4888000000,2022,03,7.5,77.5
4888000000,2022,04,13.7,44.0
4888000000,2022,05,17.9,1.0
4888000000,2022,06,22.5,4.0
4888000000,2022,07,26.0,123.0
4888000000,2022,08,24.9,149.5
4888000000,2022,09,20.0,101.0
4888000000,2022,10,13.0,21.0
4888000000,2022,11,8.1,53.0
4888000000,2022,12,-1.6,3.5
4888000000,2023,01,-1.2,31.5
4888000000,2023,02,2.0,16.0
4888000000,2023,03,9.1,37.5
4888000000,2023,04,12.5,52.5
4888000000,2023,05,17.3,216.0
4888000000,2023,06,22.2,258.5
4888000000,2023,07,25.3,569.0
4888000000,2023,08,26.5,330.5
4888000000,2023,09,22.0,136.0
4888000000,2023,10,13.2,3.5
4888000000,2023,11,6.9,59.0
4888000000,2023,12,1.7,125.0
4888000000,2024,01,0.4,36.0
4888000000,2024,02,3.4,137.0
4888000000,2024,03,6.3,87.5
4888000000,2024,04,14.6,104.5
4888000000,2024,05,17.5,99.5
4888000000,2024,06,22.2,153.0
4888000000,2024,07,26.2,402.0
4888000000,2024,08,27.5,65.0
4888000000,2024,09,24.3,172.5
4888000000,2024,10,14.8,93.5
4888000000,2024,11,8.5,47.0
4888000000,2024,12,1.3,0.0
4888000000,2025,01,-1.3,6.5
4888000000,2025,02,-1.3,17.0
4888000000,2025,03,7.1,34.0
4888000000,2025,04,13.1,48.5
4888000000,2025,05,16.1,134.0
4888000000,2025,06,22.6,217.0
4888000000,2025,07,26.3,267.5
4888000000,2025,08,26.5,189.5
4888000000,2025,09,22.5,130.5
4888000000,2025,10,16.0,155.5
4888000000,2025,11,6.9,17.5
4888000000,2025,12,1.5,16.5
1287025300,2021,01,NA,35.0
1287025300,2021,02,NA,28.5
1287025300,2021,03,NA,107.0
1287025300,2021,04,NA,46.5
1287025300,2021,05,NA,107.5
1287025300,2021,06,NA,108.0
1287025300,2021,07,NA,262.0
1287025300,2021,08,NA,173.0
1287025300,2021,09,NA,90.0
1287025300,2021,10,NA,23.0
1287025300,2021,11,NA,65.0
1287025300,2021,12,NA,12.0
1287025300,2022,01,NA,2.0
1287025300,2022,02,NA,1.0
1287025300,2022,03,NA,84.0
1287025300,2022,04,NA,64.0
1287025300,2022,05,NA,2.5
1287025300,2022,06,NA,77.5
1287025300,2022,07,NA,182.0
1287025300,2022,08,NA,79.0
1287025300,2022,09,NA,112.0
1287025300,2022,10,NA,33.0
1287025300,2022,11,NA,29.0
1287025300,2022,12,NA,19.5
1287025300,2023,01,NA,24.5
1287025300,2023,02,NA,17.5
1287025300,2023,03,NA,25.0
1287025300,2023,04,NA,76.0
1287025300,2023,05,NA,168.5
1287025300,2023,06,NA,199.0
1287025300,2023,07,NA,525.5
1287025300,2023,08,NA,109.5
1287025300,2023,09,NA,63.0
1287025300,2023,10,NA,11.0
1287025300,2023,11,NA,88.5
1287025300,2023,12,NA,85.0
1287025300,2024,01,NA,65.5
1287025300,2024,02,NA,121.0
1287025300,2024,03,NA,84.0
1287025300,2024,04,NA,87.0
1287025300,2024,05,NA,110.5
1287025300,2024,06,NA,149.0
1287025300,2024,07,NA,214.0
1287025300,2024,08,NA,161.5
1287025300,2024,09,NA,163.5
1287025300,2024,10,NA,164.0
1287025300,2024,11,NA,66.5
1287025300,2024,12,NA,11.5
1287025300,2025,01,NA,22.5
1287025300,2025,02,NA,46.0
1287025300,2025,03,NA,40.0
1287025300,2025,04,NA,49.5
1287025300,2025,05,NA,109.0
1287025300,2025,06,NA,274.0
1287025300,2025,07,NA,459.5
1287025300,2025,08,NA,326.5
1287025300,2025,09,NA,280.5
1287025300,2025,10,NA,149.5
1287025300,2025,11,NA,22.5
1287025300,2025,12,NA,39.5
4827036000,2021,01,0.6,14.0
4827036000,2021,02,4.6,20.0
4827036000,2021,03,10.3,126.0
4827036000,2021,04,13.9,62.0
4827036000,2021,05,17.9,106.5
4827036000,2021,06,22.7,78.0
4827036000,2021,07,26.4,339.0
4827036000,2021,08,25.8,387.0
4827036000,2021,09,22.2,75.5
4827036000,2021,10,16.3,47.0
4827036000,2021,11,8.6,46.0
4827036000,2021,12,2.7,2.0
4827036000,2022,01,0.8,0.0
4827036000,2022,02,1.8,0.5
4827036000,2022,03,9.2,54.0
4827036000,2022,04,14.5,63.5
4827036000,2022,05,19.2,7.0
4827036000,2022,06,23.1,266.5
4827036000,2022,07,27.1,103.0
4827036000,2022,08,26.4,140.0
4827036000,2022,09,21.7,137.5
4827036000,2022,10,15.1,23.0
4827036000,2022,11,10.6,38.0
4827036000,2022,12,0.3,10.0
4827036000,2023,01,0.8,38.0
4827036000,2023,02,4.2,20.0
4827036000,2023,03,10.5,44.0
4827036000,2023,04,14.0,47.5
4827036000,2023,05,18.3,242.5
4827036000,2023,06,23.2,238.5
4827036000,2023,07,26.4,391.5
4827036000,2023,08,27.4,349.0
4827036000,2023,09,23.7,205.5
4827036000,2023,10,15.3,11.0
4827036000,2023,11,8.9,42.5
4827036000,2023,12,3.5,65.0
4827036000,2024,01,2.1,25.0
4827036000,2024,02,5.7,77.5
4827036000,2024,03,8.2,73.0
4827036000,2024,04,15.6,81.0
4827036000,2024,05,18.8,112.0
4827036000,2024,06,23.8,136.0
4827036000,2024,07,27.7,197.5
4827036000,2024,08,28.7,60.5
4827036000,2024,09,25.7,207.5
4827036000,2024,10,17.8,111.5
4827036000,2024,11,10.8,68.5
4827036000,2024,12,2.4,0.0
4827036000,2025,01,0.4,16.5
4827036000,2025,02,0.7,16.5
4827036000,2025,03,9.0,25.0
4827036000,2025,04,14.3,38.5
4827036000,2025,05,17.5,88.0
4827036000,2025,06,23.9,144.0
4827036000,2025,07,27.6,403.0
4827036000,2025,08,28.0,214.0
4827036000,2025,09,24.5,54.5
4827036000,2025,10,17.9,96.5
4827036000,2025,11,8.8,17.5
4827036000,2025,12,2.9,14.0
4776025000,2021,01,-3.5,6.5
4776025000,2021,02,1.3,13.0
4776025000,2021,03,6.7,111.5
4776025000,2021,04,10.9,98.5
4776025000,2021,05,14.6,157.5
4776025000,2021,06,20.3,73.5
4776025000,2021,07,24.6,185.0
4776025000,2021,08,23.4,191.5
4776025000,2021,09,19.6,183.5
4776025000,2021,10,13.2,71.5
4776025000,2021,11,5.5,32.5
4776025000,2021,12,-0.3,0.0
4776025000,2022,01,-3.6,0.0
4776025000,2022,02,-2.4,0.5
4776025000,2022,03,5.4,76.0
4776025000,2022,04,11.8,37.5
4776025000,2022,05,16.3,4.0
4776025000,2022,06,21.3,59.5
4776025000,2022,07,25.1,171.5
4776025000,2022,08,24.0,285.5
4776025000,2022,09,19.1,62.5
4776025000,2022,10,11.7,39.5
4776025000,2022,11,6.8,70.0
4776025000,2022,12,-3.9,2.5
4776025000,2023,01,-3.5,22.5
4776025000,2023,02,0.2,6.5
4776025000,2023,03,7.4,40.5
4776025000,2023,04,11.3,44.0
4776025000,2023,05,16.2,129.0
4776025000,2023,06,21.2,221.5
4776025000,2023,07,24.6,400.5
4776025000,2023,08,25.7,254.0
4776025000,2023,09,21.2,266.0
4776025000,2023,10,12.2,20.0
4776025000,2023,11,5.6,25.5
4776025000,2023,12,-0.4,111.5
4776025000,2024,01,-1.3,25.0
4776025000,2024,02,1.9,71.0
4776025000,2024,03,4.9,59.5
4776025000,2024,04,13.2,64.5
4776025000,2024,05,15.9,87.5
4776025000,2024,06,21.2,129.0
4776025000,2024,07,25.6,390.0
4776025000,2024,08,26.6,32.5
4776025000,2024,09,23.0,199.0
4776025000,2024,10,14.6,60.5
4776025000,2024,11,7.6,26.0
4776025000,2024,12,-0.4,1.5
4776025000,2025,01,-2.9,9.5
4776025000,2025,02,-2.7,1.0
4776025000,2025,03,5.7,56.0
4776025000,2025,04,11.5,44.0
4776025000,2025,05,15.4,118.0
4776025000,2025,06,22.1,150.5
4776025000,2025,07,25.9,197.0
4776025000,2025,08,26.3,82.0
4776025000,2025,09,21.9,143.5
4776025000,2025,10,15.2,154.5
4776025000,2025,11,5.8,6.0
4776025000,2025,12,-0.2,10.5
5011025300,2021,01,NA,NA
5011025300,2021,02,NA,NA
5011025300,2021,03,NA,NA
5011025300,2021,04,NA,NA
5011025300,2021,05,NA,NA
5011025300,2021,06,NA,NA
5011025300,2021,07,NA,NA
5011025300,2021,08,NA,NA
5011025300,2021,09,NA,NA
5011025300,2021,10,NA,NA
5011025300,2021,11,NA,NA
5011025300,2021,12,NA,NA
5011025300,2022,01,NA,NA
5011025300,2022,02,NA,NA
5011025300,2022,03,NA,NA
5011025300,2022,04,NA,NA
5011025300,2022,05,NA,NA
5011025300,2022,06,NA,NA
5011025300,2022,07,NA,NA
5011025300,2022,08,NA,NA
5011025300,2022,09,NA,NA
5011025300,2022,10,NA,NA
5011025300,2022,11,NA,NA
5011025300,2022,12,NA,NA
5011025300,2023,01,NA,NA
5011025300,2023,02,NA,NA
5011025300,2023,03,NA,NA
5011025300,2023,04,NA,NA
5011025300,2023,05,NA,NA
5011025300,2023,06,NA,NA
5011025300,2023,07,NA,NA
5011025300,2023,08,NA,NA
5011025300,2023,09,NA,NA
5011025300,2023,10,NA,NA
5011025300,2023,11,NA,NA
5011025300,2023,12,NA,NA
5011025300,2024,01,NA,NA
5011025300,2024,02,NA,NA
5011025300,2024,03,NA,NA
5011025300,2024,04,NA,NA
5011025300,2024,05,NA,NA
5011025300,2024,06,NA,NA
5011025300,2024,07,NA,NA
5011025300,2024,08,NA,NA
5011025300,2024,09,NA,NA
5011025300,2024,10,NA,NA
5011025300,2024,11,NA,NA
5011025300,2024,12,NA,NA
5011025300,2025,01,NA,NA
5011025300,2025,02,NA,NA
5011025300,2025,03,NA,NA
5011025300,2025,04,NA,NA
5011025300,2025,05,NA,NA
5011025300,2025,06,NA,NA
5011025300,2025,07,NA,NA
5011025300,2025,08,NA,NA
5011025300,2025,09,NA,NA
5011025300,2025,10,NA,NA
5011025300,2025,11,NA,NA
5011025300,2025,12,NA,NA
4180036000,2021,01,-6.3,7.0
4180036000,2021,02,-0.2,6.0
4180036000,2021,03,6.2,98.5
4180036000,2021,04,12.0,98.5
4180036000,2021,05,15.5,187.0
4180036000,2021,06,21.6,9.0
4180036000,2021,07,26.9,4.5
4180036000,2021,08,24.6,68.5
4180036000,2021,09,20.8,111.5
4180036000,2021,10,12.9,132.0
4180036000,2021,11,5.0,54.5
4180036000,2021,12,-2.6,2.5
4180036000,2022,01,-6.5,2.0
4180036000,2022,02,-4.8,9.0
4180036000,2022,03,4.9,73.0
4180036000,2022,04,12.5,17.5
4180036000,2022,05,16.8,11.0
4180036000,2022,06,21.7,120.0
4180036000,2022,07,26.3,16.5
4180036000,2022,08,24.6,40.5
4180036000,2022,09,19.8,0.5
4180036000,2022,10,11.4,1.0
4180036000,2022,11,6.5,9.5
4180036000,2022,12,-7.4,2.0
4180036000,2023,01,-6.1,12.0
4180036000,2023,02,-1.1,0.0
4180036000,2023,03,6.3,3.0
4180036000,2023,04,11.6,6.5
4180036000,2023,05,17.3,0.0
4180036000,2023,06,22.0,13.5
4180036000,2023,07,26.0,3.5
4180036000,2023,08,25.8,319.0
4180036000,2023,09,21.9,124.5
4180036000,2023,10,12.4,36.5
4180036000,2023,11,4.1,76.5
4180036000,2023,12,-2.0,63.0
4180036000,2024,01,-3.6,4.5
4180036000,2024,02,1.3,54.0
4180036000,2024,03,4.2,43.0
4180036000,2024,04,14.3,20.5
4180036000,2024,05,16.4,151.0
4180036000,2024,06,22.8,61.0
4180036000,2024,07,25.9,689.0
4180036000,2024,08,27.9,230.5
4180036000,2024,09,23.2,160.5
4180036000,2024,10,13.8,73.5
4180036000,2024,11,6.2,32.0
4180036000,2024,12,-4.1,4.5
4180036000,2025,01,-5.2,3.0
4180036000,2025,02,-4.9,4.5
4180036000,2025,03,4.7,19.0
4180036000,2025,04,11.0,61.0
4180036000,2025,05,15.8,0.0
4180036000,2025,06,22.2,0.0
4180036000,2025,07,26.8,187.5
4180036000,2025,08,26.7,400.0
4180036000,2025,09,21.5,300.5
4180036000,2025,10,14.5,172.5
4180036000,2025,11,5.3,18.0
4180036000,2025,12,-2.3,39.0
5177025900,2021,01,-4.5,9.0
5177025900,2021,02,0.8,7.0
5177025900,2021,03,7.0,85.0
5177025900,2021,04,11.2,95.5
5177025900,2021,05,14.5,163.5
5177025900,2021,06,20.3,142.5
5177025900,2021,07,24.9,141.0
5177025900,2021,08,22.8,199.0
5177025900,2021,09,19.1,164.5
5177025900,2021,10,12.7,45.0
5177025900,2021,11,5.3,43.5
5177025900,2021,12,-1.2,6.0
5177025900,2022,01,-4.3,1.5
5177025900,2022,02,-3.1,4.5
5177025900,2022,03,5.4,76.0
5177025900,2022,04,12.2,30.0
5177025900,2022,05,16.3,8.0
5177025900,2022,06,21.4,204.0
5177025900,2022,07,24.9,261.0
5177025900,2022,08,23.5,512.0
5177025900,2022,09,18.8,100.5
5177025900,2022,10,11.3,95.5
5177025900,2022,11,6.2,51.5
5177025900,2022,12,-5.6,5.5
5177025900,2023,01,-4.3,26.5
5177025900,2023,02,0.0,4.0
5177025900,2023,03,7.1,21.5
5177025900,2023,04,11.3,53.0
5177025900,2023,05,16.5,116.0
5177025900,2023,06,21.4,181.5
5177025900,2023,07,24.6,543.0
5177025900,2023,08,25.1,309.0
5177025900,2023,09,20.8,171.5
5177025900,2023,10,11.7,20.0
5177025900,2023,11,5.0,47.0
5177025900,2023,12,-1.2,91.0
5177025900,2024,01,-1.9,20.5
5177025900,2024,02,1.5,55.5
5177025900,2024,03,4.9,46.0
5177025900,2024,04,13.7,33.0
5177025900,2024,05,16.1,102.5
5177025900,2024,06,21.5,182.5
5177025900,2024,07,25.0,441.0
5177025900,2024,08,26.5,73.5
5177025900,2024,09,22.6,214.0
5177025900,2024,10,13.8,9.0
5177025900,2024,11,7.3,30.0
5177025900,2024,12,-1.1,1.5
5177025900,2025,01,-3.5,10.0
5177025900,2025,02,-3.5,7.5
5177025900,2025,03,5.4,32.0
5177025900,2025,04,11.8,71.0
5177025900,2025,05,15.4,103.0
5177025900,2025,06,22.0,135.5
5177025900,2025,07,26.0,147.5
5177025900,2025,08,26.1,90.0
5177025900,2025,09,20.9,246.0
5177025900,2025,10,14.6,152.5
5177025900,2025,11,5.7,16.0
5177025900,2025,12,-0.5,27.5
5173036000,2021,01,-5.0,15.5
5173036000,2021,02,0.7,8.0
5173036000,2021,03,7.4,122.5
5173036000,2021,04,12.2,123.5
5173036000,2021,05,15.5,195.0
5173036000,2021,06,21.3,134.5
5173036000,2021,07,26.1,118.5
5173036000,2021,08,24.0,147.0
5173036000,2021,09,20.1,172.5
5173036000,2021,10,13.4,47.5
5173036000,2021,11,5.3,57.0
5173036000,2021,12,-1.5,6.0
5173036000,2022,01,-4.9,3.5
5173036000,2022,02,-3.3,8.5
5173036000,2022,03,5.8,89.0
5173036000,2022,04,12.7,57.5
5173036000,2022,05,16.9,10.5
5173036000,2022,06,21.9,299.5
5173036000,2022,07,25.5,333.5
5173036000,2022,08,24.3,742.5
5173036000,2022,09,19.6,164.0
5173036000,2022,10,11.9,113.0
5173036000,2022,11,6.6,43.5
5173036000,2022,12,-5.7,5.0
5173036000,2023,01,-4.5,33.5
5173036000,2023,02,0.0,0.0
5173036000,2023,03,7.6,12.5
5173036000,2023,04,11.9,66.0
5173036000,2023,05,17.4,135.5
5173036000,2023,06,22.3,196.5
5173036000,2023,07,25.3,540.5
5173036000,2023,08,25.8,154.5
5173036000,2023,09,21.6,160.5
5173036000,2023,10,12.0,45.5
5173036000,2023,11,4.9,62.0
5173036000,2023,12,-1.0,104.0
5173036000,2024,01,-2.2,9.5
5173036000,2024,02,2.2,69.0
5173036000,2024,03,5.2,39.5
5173036000,2024,04,14.5,49.0
5173036000,2024,05,17.1,115.5
5173036000,2024,06,22.5,126.0
5173036000,2024,07,25.4,642.0
5173036000,2024,08,27.2,142.0
5173036000,2024,09,23.2,271.0
5173036000,2024,10,14.3,124.5
5173036000,2024,11,7.0,54.0
5173036000,2024,12,-2.6,3.5
5173036000,2025,01,-3.9,21.5
5173036000,2025,02,-4.0,1.5
5173036000,2025,03,5.9,34.0
5173036000,2025,04,12.0,71.5
5173036000,2025,05,16.1,80.5
5173036000,2025,06,22.7,115.5
5173036000,2025,07,26.4,224.5
5173036000,2025,08,26.3,203.5
5173036000,2025,09,21.4,356.0
5173036000,2025,10,15.1,150.5
5173036000,2025,11,5.6,19.0
5173036000,2025,12,-0.9,36.5
4882025000,2021,01,1.2,18.0
4882025000,2021,02,5.1,61.5
4882025000,2021,03,10.4,168.5
4882025000,2021,04,13.8,100.5
4882025000,2021,05,17.4,128.5
4882025000,2021,06,21.8,146.1
4882025000,2021,07,25.8,577.5
4882025000,2021,08,NA,NA
4882025000,2021,09,21.8,123.5
4882025000,2021,10,16.4,33.5
4882025000,2021,11,8.8,44.0
4882025000,2021,12,3.3,2.5
4882025000,2022,01,1.1,0.0
4882025000,2022,02,2.0,0.0
4882025000,2022,03,8.8,198.5
4882025000,2022,04,13.6,119.5
4882025000,2022,05,18.1,2.0
4882025000,2022,06,21.9,147.0
4882025000,2022,07,26.1,221.2
4882025000,2022,08,25.9,213.0
4882025000,2022,09,21.7,50.5
4882025000,2022,10,15.3,12.0
4882025000,2022,11,11.0,28.5
4882025000,2022,12,1.1,10.0
4882025000,2023,01,1.5,88.5
4882025000,2023,02,4.6,33.5
4882025000,2023,03,10.1,58.5
4882025000,2023,04,13.4,115.0
4882025000,2023,05,17.8,242.0
4882025000,2023,06,22.2,257.0
4882025000,2023,07,25.4,521.0
4882025000,2023,08,27.1,470.0
4882025000,2023,09,23.6,480.0
4882025000,2023,10,15.4,5.0
4882025000,2023,11,9.2,63.5
4882025000,2023,12,4.2,62.0
4882025000,2024,01,2.7,34.5
4882025000,2024,02,5.7,150.5
4882025000,2024,03,8.0,126.5
4882025000,2024,04,14.7,211.0
4882025000,2024,05,18.2,131.0
4882025000,2024,06,22.2,197.0
4882025000,2024,07,26.1,279.0
4882025000,2024,08,23.4,6.5
4882025000,2024,09,25.5,422.0
4882025000,2024,10,18.0,201.5
4882025000,2024,11,11.1,109.0
4882025000,2024,12,3.0,0.0
4882025000,2025,01,0.9,48.3
4882025000,2025,02,1.1,28.0
4882025000,2025,03,8.1,47.0
4882025000,2025,04,12.8,96.5
4882025000,2025,05,16.8,160.5
4882025000,2025,06,22.2,258.8
4882025000,2025,07,26.9,227.0
4882025000,2025,08,27.1,236.5
4882025000,2025,09,24.2,62.0
4882025000,2025,10,18.1,168.0
4882025000,2025,11,9.2,30.0
4882025000,2025,12,3.9,10.0
5179025000,2021,01,-6.9,7.0
5179025000,2021,02,-0.9,4.0
5179025000,2021,03,5.9,116.0
5179025000,2021,04,11.1,115.5
5179025000,2021,05,14.6,198.0
5179025000,2021,06,20.5,76.5
5179025000,2021,07,25.5,132.5
5179025000,2021,08,23.0,200.5
5179025000,2021,09,19.1,92.5
5179025000,2021,10,12.1,73.0
5179025000,2021,11,4.4,38.5
5179025000,2021,12,-2.9,7.0
5179025000,2022,01,-6.4,1.5
5179025000,2022,02,-5.0,8.0
5179025000,2022,03,4.6,85.0
5179025000,2022,04,11.8,25.5
5179025000,2022,05,15.8,7.5
5179025000,2022,06,20.7,423.5
5179025000,2022,07,25.0,212.0
5179025000,2022,08,23.9,402.5
5179025000,2022,09,18.6,293.0
5179025000,2022,10,11.0,115.5
5179025000,2022,11,6.1,63.5
5179025000,2022,12,-7.1,6.5
5179025000,2023,01,-6.5,48.5
5179025000,2023,02,-1.3,1.0
5179025000,2023,03,6.4,9.0
5179025000,2023,04,11.5,90.0
5179025000,2023,05,16.9,90.5
5179025000,2023,06,21.5,246.0
5179025000,2023,07,25.2,316.5
5179025000,2023,08,25.1,215.5
5179025000,2023,09,21.0,105.0
5179025000,2023,10,11.6,24.0
5179025000,2023,11,4.0,106.0
5179025000,2023,12,-2.5,75.5
5179025000,2024,01,-3.5,11.0
5179025000,2024,02,0.9,56.5
5179025000,2024,03,4.0,53.5
5179025000,2024,04,13.9,24.0
5179025000,2024,05,16.4,124.5
5179025000,2024,06,22.4,139.5
5179025000,2024,07,25.1,460.5
5179025000,2024,08,27.1,110.5
5179025000,2024,09,22.1,161.0
5179025000,2024,10,13.3,62.5
5179025000,2024,11,6.2,30.0
5179025000,2024,12,-3.5,6.5
5179025000,2025,01,-5.5,14.5
5179025000,2025,02,-4.5,3.0
5179025000,2025,03,4.5,35.0
5179025000,2025,04,11.5,92.5
5179025000,2025,05,15.7,71.0
5179025000,2025,06,22.2,145.0
5179025000,2025,07,25.9,243.0
5179025000,2025,08,25.8,339.0
5179025000,2025,09,20.8,310.0
5179025000,2025,10,14.2,187.5
5179025000,2025,11,4.7,17.0
5179025000,2025,12,-2.2,26.0
5271036000,2021,01,-1.5,24.0
5271036000,2021,02,2.6,10.5
5271036000,2021,03,8.3,107.5
5271036000,2021,04,13.1,48.0
5271036000,2021,05,16.5,160.5
5271036000,2021,06,22.2,137.5
5271036000,2021,07,26.6,242.5
5271036000,2021,08,25.1,355.5
5271036000,2021,09,21.9,191.5
5271036000,2021,10,14.9,40.0
5271036000,2021,11,7.6,69.5
5271036000,2021,12,1.4,7.0
5271036000,2022,01,-2.1,1.0
5271036000,2022,02,-1.3,1.0
5271036000,2022,03,6.9,107.5
5271036000,2022,04,12.9,72.5
5271036000,2022,05,17.0,4.0
5271036000,2022,06,23.1,176.5
5271036000,2022,07,26.4,108.0
5271036000,2022,08,25.6,301.5
5271036000,2022,09,21.6,47.5
5271036000,2022,10,13.5,66.5
5271036000,2022,11,8.9,58.0
5271036000,2022,12,-2.0,14.0
5271036000,2023,01,-1.3,30.5
5271036000,2023,02,1.3,6.0
5271036000,2023,03,8.5,27.0
5271036000,2023,04,13.1,57.5
5271036000,2023,05,18.3,336.5
5271036000,2023,06,23.1,140.5
5271036000,2023,07,26.1,758.0
5271036000,2023,08,27.1,250.0
5271036000,2023,09,22.8,179.5
5271036000,2023,10,14.3,26.5
5271036000,2023,11,7.4,74.5
5271036000,2023,12,2.6,124.5
5271036000,2024,01,0.6,50.5
5271036000,2024,02,4.3,104.5
5271036000,2024,03,6.6,70.0
5271036000,2024,04,15.0,47.0
5271036000,2024,05,17.5,119.0
5271036000,2024,06,22.9,101.5
5271036000,2024,07,26.9,538.5
5271036000,2024,08,28.3,62.0
5271036000,2024,09,25.2,229.0
5271036000,2024,10,15.7,81.5
5271036000,2024,11,8.9,32.0
5271036000,2024,12,0.8,12.5
5271036000,2025,01,-1.1,26.5
5271036000,2025,02,-1.6,13.0
5271036000,2025,03,6.9,33.0
5271036000,2025,04,12.7,70.5
5271036000,2025,05,16.9,90.0
5271036000,2025,06,23.2,310.0
5271036000,2025,07,27.6,167.0
5271036000,2025,08,27.2,163.0
5271036000,2025,09,23.2,434.0
5271036000,2025,10,16.9,95.5
5271036000,2025,11,7.7,23.5
5271036000,2025,12,2.0,27.0
4719032000,2021,01,-1.9,10.5
4719032000,2021,02,3.0,13.0
4719032000,2021,03,8.6,101.0
4719032000,2021,04,13.6,57.5
4719032000,2021,05,16.8,139.0
4719032000,2021,06,22.2,72.0
4719032000,2021,07,25.9,168.0
4719032000,2021,08,24.3,269.0
4719032000,2021,09,20.5,162.0
4719032000,2021,10,14.1,46.0
4719032000,2021,11,7.3,33.5
4719032000,2021,12,1.3,0.0
4719032000,2022,01,-1.1,0.0
4719032000,2022,02,0.0,1.5
4719032000,2022,03,7.7,63.0
4719032000,2022,04,14.4,46.0
4719032000,2022,05,19.3,3.0
4719032000,2022,06,23.3,119.5
4719032000,2022,07,26.7,149.5
4719032000,2022,08,25.3,220.0
4719032000,2022,09,20.7,83.5
4719032000,2022,10,13.6,46.0
4719032000,2022,11,8.5,35.5
4719032000,2022,12,-1.8,3.0
4719032000,2023,01,-1.4,22.0
4719032000,2023,02,2.2,5.0
4719032000,2023,03,9.8,28.0
4719032000,2023,04,13.4,43.0
4719032000,2023,05,18.7,137.5
4719032000,2023,06,23.3,233.5
4719032000,2023,07,25.4,436.0
4719032000,2023,08,26.6,383.5
4719032000,2023,09,22.1,213.0
4719032000,2023,10,13.8,4.0
4719032000,2023,11,7.0,37.5
4719032000,2023,12,1.3,107.5
4719032000,2024,01,0.1,27.5
4719032000,2024,02,3.5,90.5
4719032000,2024,03,6.9,71.5
4719032000,2024,04,15.1,62.5
4719032000,2024,05,17.9,66.0
4719032000,2024,06,23.2,93.0
4719032000,2024,07,26.3,431.5
4719032000,2024,08,27.7,123.5
4719032000,2024,09,24.5,138.5
4719032000,2024,10,15.2,67.5
4719032000,2024,11,9.0,23.0
4719032000,2024,12,1.6,1.0
4719032000,2025,01,-1.0,10.5
4719032000,2025,02,-0.5,5.5
4719032000,2025,03,8.0,39.5
4719032000,2025,04,13.8,61.0
4719032000,2025,05,17.3,93.5
4719032000,2025,06,23.6,198.5
4719032000,2025,07,27.1,174.5
4719032000,2025,08,27.5,103.5
4719032000,2025,09,22.9,133.5
4719032000,2025,10,16.3,183.0
4719032000,2025,11,7.5,20.0
4719032000,2025,12,1.3,10.0
1217040000,2021,01,0.2,49.0
1217040000,2021,02,3.0,43.0
1217040000,2021,03,8.9,154.0
1217040000,2021,04,13.5,38.5
1217040000,2021,05,17.6,101.0
1217040000,2021,06,23.2,82.0
1217040000,2021,07,27.1,315.0
1217040000,2021,08,26.1,283.5
1217040000,2021,09,22.9,119.0
1217040000,2021,10,16.0,28.5
1217040000,2021,11,8.1,69.0
1217040000,2021,12,1.8,11.0
1217040000,2022,01,-0.7,2.5
1217040000,2022,02,-0.3,4.5
1217040000,2022,03,7.9,99.5
1217040000,2022,04,13.7,64.5
1217040000,2022,05,17.6,26.5
1217040000,2022,06,23.6,130.0
1217040000,2022,07,27.1,197.5
1217040000,2022,08,26.7,90.0
1217040000,2022,09,22.2,87.0
1217040000,2022,10,14.1,38.0
1217040000,2022,11,9.3,49.5
1217040000,2022,12,-1.1,33.5
1217040000,2023,01,-0.5,44.5
1217040000,2023,02,1.9,22.5
1217040000,2023,03,8.8,34.5
1217040000,2023,04,13.1,70.0
1217040000,2023,05,18.5,226.0
1217040000,2023,06,23.1,297.5
1217040000,2023,07,26.7,630.5
1217040000,2023,08,27.5,387.5
1217040000,2023,09,23.8,146.5
1217040000,2023,10,14.9,14.0
1217040000,2023,11,8.4,75.0
1217040000,2023,12,3.3,93.5
1217040000,2024,01,1.4,49.0
1217040000,2024,02,5.1,131.5
1217040000,2024,03,6.9,77.0
1217040000,2024,04,15.4,117.0
1217040000,2024,05,18.3,112.0
1217040000,2024,06,23.2,160.5
1217040000,2024,07,27.4,218.0
1217040000,2024,08,28.8,174.5
1217040000,2024,09,26.2,273.0
1217040000,2024,10,16.6,114.5
1217040000,2024,11,10.0,54.0
1217040000,2024,12,1.8,10.0
1217040000,2025,01,-0.5,21.5
1217040000,2025,02,-0.4,47.0
1217040000,2025,03,7.5,30.5
1217040000,2025,04,13.1,60.0
1217040000,2025,05,17.2,99.5
1217040000,2025,06,23.6,223.5
1217040000,2025,07,28.4,441.0
1217040000,2025,08,27.8,263.5
1217040000,2025,09,24.4,275.5
1217040000,2025,10,17.8,169.0
1217040000,2025,11,8.4,32.5
1217040000,2025,12,2.8,36.5
4476031000,2021,01,-1.9,32.5
4476031000,2021,02,3.0,14.5
4476031000,2021,03,8.5,91.0
4476031000,2021,04,13.6,43.0
4476031000,2021,05,16.8,128.5
4476031000,2021,06,22.8,72.5
4476031000,2021,07,27.2,161.0
4476031000,2021,08,25.7,221.5
4476031000,2021,09,22.3,171.0
4476031000,2021,10,15.0,34.0
4476031000,2021,11,7.7,74.5
4476031000,2021,12,1.4,7.5
4476031000,2022,01,-1.5,0.5
4476031000,2022,02,-0.4,3.0
4476031000,2022,03,7.1,71.0
4476031000,2022,04,13.5,48.5
4476031000,2022,05,18.2,1.5
4476031000,2022,06,23.5,150.0
4476031000,2022,07,27.0,170.0
4476031000,2022,08,25.9,466.5
4476031000,2022,09,21.9,76.5
4476031000,2022,10,13.9,107.5
4476031000,2022,11,8.9,37.5
4476031000,2022,12,-1.8,13.0
4476031000,2023,01,-1.0,36.5
4476031000,2023,02,1.9,3.0
4476031000,2023,03,8.8,10.5
4476031000,2023,04,13.4,57.5
4476031000,2023,05,18.8,222.0
4476031000,2023,06,23.5,133.0
4476031000,2023,07,26.3,848.5
4476031000,2023,08,27.6,226.5
4476031000,2023,09,23.3,350.5
4476031000,2023,10,14.7,9.5
4476031000,2023,11,7.8,70.0
4476031000,2023,12,2.6,131.0
4476031000,2024,01,0.5,45.0
4476031000,2024,02,3.9,131.0
4476031000,2024,03,6.8,52.0
4476031000,2024,04,15.4,65.5
4476031000,2024,05,18.1,146.5
4476031000,2024,06,23.5,96.5
4476031000,2024,07,26.9,543.0
4476031000,2024,08,28.9,60.0
4476031000,2024,09,25.9,149.5
4476031000,2024,10,15.9,77.0
4476031000,2024,11,9.3,49.0
4476031000,2024,12,1.4,16.0
4476031000,2025,01,-0.6,25.5
4476031000,2025,02,-0.7,13.5
4476031000,2025,03,7.5,55.5
4476031000,2025,04,12.9,72.0
4476031000,2025,05,17.2,93.5
4476031000,2025,06,23.4,279.0
4476031000,2025,07,28.2,364.0
4476031000,2025,08,27.7,163.5
4476031000,2025,09,23.3,377.5
4476031000,2025,10,16.9,216.5
4476031000,2025,11,8.2,13.0
4476031000,2025,12,2.0,34.5
4888031000,2021,01,-1.6,10.0
4888031000,2021,02,2.5,22.5
4888031000,2021,03,7.9,86.0
4888031000,2021,04,12.1,49.0
4888031000,2021,05,15.5,91.5
4888031000,2021,06,20.8,75.0
4888031000,2021,07,24.6,173.5
4888031000,2021,08,23.5,297.5
4888031000,2021,09,19.5,101.5
4888031000,2021,10,13.4,51.0
4888031000,2021,11,6.4,40.5
4888031000,2021,12,0.9,0.0
4888031000,2022,01,-1.4,0.0
4888031000,2022,02,-1.1,0.0
4888031000,2022,03,6.9,80.0
4888031000,2022,04,12.9,2.0
4888031000,2022,05,17.0,0.0
4888031000,2022,06,21.8,71.0
4888031000,2022,07,25.1,104.5
4888031000,2022,08,24.1,98.0
4888031000,2022,09,19.3,68.5
4888031000,2022,10,12.3,19.5
4888031000,2022,11,7.7,40.0
4888031000,2022,12,-2.0,4.0
4888031000,2023,01,-1.5,26.5
4888031000,2023,02,1.6,9.0
4888031000,2023,03,8.3,26.5
4888031000,2023,04,11.8,36.5
4888031000,2023,05,16.6,160.5
4888031000,2023,06,21.4,201.5
4888031000,2023,07,24.5,372.0
4888031000,2023,08,25.6,220.0
4888031000,2023,09,21.2,103.0
4888031000,2023,10,12.5,1.0
4888031000,2023,11,6.4,46.5
4888031000,2023,12,1.3,132.0
4888031000,2024,01,0.0,18.5
4888031000,2024,02,2.8,88.0
4888031000,2024,03,5.5,64.5
4888031000,2024,04,13.9,73.5
4888031000,2024,05,16.8,58.5
4888031000,2024,06,21.4,88.0
4888031000,2024,07,25.4,275.5
4888031000,2024,08,26.5,32.5
4888031000,2024,09,23.4,113.5
4888031000,2024,10,14.2,52.5
4888031000,2024,11,7.9,25.0
4888031000,2024,12,0.9,0.5
4888031000,2025,01,-1.6,4.5
4888031000,2025,02,-1.7,11.5
4888031000,2025,03,6.4,13.5
4888031000,2025,04,12.3,28.0
4888031000,2025,05,15.2,73.0
4888031000,2025,06,21.8,126.5
4888031000,2025,07,25.3,137.0
4888031000,2025,08,25.5,127.0
4888031000,2025,09,21.7,96.5
4888031000,2025,10,15.2,88.5
4888031000,2025,11,6.4,10.5
4888031000,2025,12,1.0,8.0
1213013800,2021,01,1.8,19.5
1213013800,2021,02,5.3,34.0
1213013800,2021,03,10.5,136.0
1213013800,2021,04,14.6,83.0
1213013800,2021,05,18.2,115.0
1213013800,2021,06,22.7,105.0
1213013800,2021,07,27.0,435.5
1213013800,2021,08,26.6,57.5
1213013800,2021,09,22.8,102.0
1213013800,2021,10,17.3,27.0
1213013800,2021,11,10.1,52.5
1213013800,2021,12,4.1,1.0
1213013800,2022,01,2.1,0.0
1213013800,2022,02,2.7,0.0
1213013800,2022,03,9.3,123.0
1213013800,2022,04,14.5,79.5
1213013800,2022,05,18.9,0.5
1213013800,2022,06,22.5,72.5
1213013800,2022,07,27.0,247.5
1213013800,2022,08,26.8,181.0
1213013800,2022,09,23.3,186.0
1213013800,2022,10,16.6,16.0
1213013800,2022,11,11.6,47.0
1213013800,2022,12,1.9,2.5
1213013800,2023,01,2.2,65.5
1213013800,2023,02,4.8,43.0
1213013800,2023,03,10.7,48.0
1213013800,2023,04,14.2,102.0
1213013800,2023,05,18.0,326.5
1213013800,2023,06,22.7,284.0
1213013800,2023,07,25.7,448.5
1213013800,2023,08,27.9,364.0
1213013800,2023,09,24.5,243.0
1213013800,2023,10,16.8,6.0
1213013800,2023,11,9.8,73.0
1213013800,2023,12,4.7,58.5
1213013800,2024,01,3.3,40.5
1213013800,2024,02,6.1,181.5
1213013800,2024,03,8.5,91.5
1213013800,2024,04,15.3,210.5
1213013800,2024,05,18.6,205.5
1213013800,2024,06,22.8,171.0
1213013800,2024,07,26.3,384.5
1213013800,2024,08,29.3,65.0
1213013800,2024,09,27.0,351.0
1213013800,2024,10,18.8,170.5
1213013800,2024,11,12.2,110.5
1213013800,2024,12,4.1,0.0
1213013800,2025,01,2.0,2.5
1213013800,2025,02,1.5,33.5
1213013800,2025,03,8.7,46.0
1213013800,2025,04,13.7,105.0
1213013800,2025,05,17.3,180.0
1213013800,2025,06,22.9,138.5
1213013800,2025,07,28.2,170.0
1213013800,2025,08,28.6,209.0
1213013800,2025,09,25.7,102.0
1213013800,2025,10,19.7,138.5
1213013800,2025,11,10.9,26.0
1213013800,2025,12,5.3,14.0
4874036000,2021,01,-0.2,15.0
4874036000,2021,02,4.2,20.0
4874036000,2021,03,9.8,120.0
4874036000,2021,04,13.9,53.0
4874036000,2021,05,17.8,111.0
4874036000,2021,06,22.9,78.5
4874036000,2021,07,26.7,211.0
4874036000,2021,08,25.6,319.0
4874036000,2021,09,21.8,91.0
4874036000,2021,10,16.1,34.5
4874036000,2021,11,7.9,44.0
4874036000,2021,12,1.8,3.5
4874036000,2022,01,-0.2,0.0
4874036000,2022,02,0.9,0.0
4874036000,2022,03,9.1,50.5
4874036000,2022,04,14.9,48.5
4874036000,2022,05,19.7,1.5
4874036000,2022,06,23.7,140.5
4874036000,2022,07,27.3,97.0
4874036000,2022,08,26.3,193.0
4874036000,2022,09,21.6,109.5
4874036000,2022,10,15.0,27.0
4874036000,2022,11,9.7,60.0
4874036000,2022,12,-0.6,6.0
4874036000,2023,01,-0.2,28.0
4874036000,2023,02,3.4,20.5
4874036000,2023,03,10.4,35.5
4874036000,2023,04,14.0,47.5
4874036000,2023,05,18.6,259.0
4874036000,2023,06,23.6,183.0
4874036000,2023,07,26.3,333.0
4874036000,2023,08,27.5,460.0
4874036000,2023,09,23.4,198.0
4874036000,2023,10,15.0,8.0
4874036000,2023,11,8.4,53.0
4874036000,2023,12,2.8,96.5
4874036000,2024,01,1.2,22.0
4874036000,2024,02,5.2,79.0
4874036000,2024,03,7.7,84.5
4874036000,2024,04,15.5,93.5
4874036000,2024,05,18.9,96.0
4874036000,2024,06,24.1,128.0
4874036000,2024,07,27.8,206.0
4874036000,2024,08,29.1,61.0
4874036000,2024,09,26.1,149.5
4874036000,2024,10,17.2,118.5
4874036000,2024,11,10.0,61.0
4874036000,2024,12,1.4,0.0
4874036000,2025,01,-0.5,4.5
4874036000,2025,02,-0.1,14.0
4874036000,2025,03,8.8,43.5
4874036000,2025,04,14.5,46.5
4874036000,2025,05,17.8,95.5
4874036000,2025,06,24.5,179.0
4874036000,2025,07,28.1,417.0
4874036000,2025,08,28.4,320.5
4874036000,2025,09,24.3,102.0
4874036000,2025,10,17.6,51.5
4874036000,2025,11,8.2,15.5
4874036000,2025,12,2.2,10.5
4721039000,2021,01,-3.2,6.5
4721039000,2021,02,1.9,6.0
4721039000,2021,03,7.7,113.0
4721039000,2021,04,11.7,117.0
4721039000,2021,05,14.8,179.0
4721039000,2021,06,20.3,95.0
4721039000,2021,07,24.2,226.5
4721039000,2021,08,22.9,236.5
4721039000,2021,09,18.9,169.0
4721039000,2021,10,13.7,44.5
4721039000,2021,11,6.8,44.5
4721039000,2021,12,0.4,2.0
4721039000,2022,01,-2.0,0.5
4721039000,2022,02,-1.8,1.5
4721039000,2022,03,6.5,108.0
4721039000,2022,04,13.1,37.5
4721039000,2022,05,17.2,4.5
4721039000,2022,06,20.8,237.0
4721039000,2022,07,24.4,211.0
4721039000,2022,08,23.2,467.5
4721039000,2022,09,19.0,71.0
4721039000,2022,10,12.3,70.0
4721039000,2022,11,8.5,62.0
4721039000,2022,12,-3.4,2.5
4721039000,2023,01,-2.1,31.0
4721039000,2023,02,1.6,8.0
4721039000,2023,03,8.8,24.5
4721039000,2023,04,11.4,77.5
4721039000,2023,05,16.7,150.0
4721039000,2023,06,21.0,345.5
4721039000,2023,07,23.9,687.5
4721039000,2023,08,24.9,320.5
4721039000,2023,09,20.8,252.0
4721039000,2023,10,12.8,26.0
4721039000,2023,11,6.0,66.0
4721039000,2023,12,0.4,98.0
4721039000,2024,01,-0.9,11.5
4721039000,2024,02,2.3,85.0
4721039000,2024,03,5.3,49.0
4721039000,2024,04,14.6,49.0
4721039000,2024,05,16.6,160.0
4721039000,2024,06,21.6,130.0
4721039000,2024,07,24.5,462.0
4721039000,2024,08,26.0,90.5
4721039000,2024,09,22.6,272.5
4721039000,2024,10,14.3,136.5
4721039000,2024,11,8.3,37.0
4721039000,2024,12,-0.1,1.5
4721039000,2025,01,-1.7,3.5
4721039000,2025,02,-2.4,13.5
4721039000,2025,03,6.2,42.5
4721039000,2025,04,12.2,74.5
4721039000,2025,05,15.3,130.5
4721039000,2025,06,21.8,163.5
4721039000,2025,07,25.4,173.0
4721039000,2025,08,25.6,65.5
4721039000,2025,09,20.7,220.0
4721039000,2025,10,14.6,113.0
4721039000,2025,11,7.0,8.5
4721039000,2025,12,0.6,18.0
4157035000,2021,01,-4.0,9.0
4157035000,2021,02,1.2,8.0
4157035000,2021,03,7.0,95.0
4157035000,2021,04,12.7,111.0
4157035000,2021,05,15.9,205.5
4157035000,2021,06,21.3,46.0
4157035000,2021,07,26.7,96.5
4157035000,2021,08,24.7,95.5
4157035000,2021,09,21.4,100.0
4157035000,2021,10,14.1,55.5
4157035000,2021,11,7.0,55.5
4157035000,2021,12,-0.6,4.5
4157035000,2022,01,-3.4,0.0
4157035000,2022,02,-2.5,4.5
4157035000,2022,03,5.9,83.5
4157035000,2022,04,12.4,14.0
4157035000,2022,05,16.6,8.0
4157035000,2022,06,21.2,462.0
4157035000,2022,07,25.6,209.0
4157035000,2022,08,24.4,301.5
4157035000,2022,09,20.5,121.5
4157035000,2022,10,12.7,154.5
4157035000,2022,11,8.2,83.0
4157035000,2022,12,-4.3,7.5
4157035000,2023,01,-3.2,39.0
4157035000,2023,02,0.4,0.5
4157035000,2023,03,7.2,9.0
4157035000,2023,04,12.0,99.0
4157035000,2023,05,17.3,147.5
4157035000,2023,06,21.7,143.5
4157035000,2023,07,25.4,269.5
4157035000,2023,08,25.7,232.5
4157035000,2023,09,22.4,79.5
4157035000,2023,10,14.4,42.0
4157035000,2023,11,5.9,35.5
4157035000,2023,12,-0.2,72.5
4157035000,2024,01,-1.7,13.5
4157035000,2024,02,2.2,64.0
4157035000,2024,03,5.7,21.0
4157035000,2024,04,14.1,28.0
4157035000,2024,05,16.6,128.0
4157035000,2024,06,22.7,72.0
4157035000,2024,07,25.5,514.0
4157035000,2024,08,28.0,214.0
4157035000,2024,09,23.9,93.5
4157035000,2024,10,14.9,42.5
4157035000,2024,11,8.1,51.5
4157035000,2024,12,-0.8,6.0
4157035000,2025,01,-2.7,17.5
4157035000,2025,02,-3.1,7.0
4157035000,2025,03,5.7,28.5
4157035000,2025,04,11.2,114.0
4157035000,2025,05,16.1,86.5
4157035000,2025,06,22.0,134.0
4157035000,2025,07,26.8,219.0
4157035000,2025,08,27.0,233.5
4157035000,2025,09,22.2,62.0
4157035000,2025,10,15.0,176.5
4157035000,2025,11,6.8,14.0
4157035000,2025,12,-0.3,33.0
4792039000,2021,01,-5.5,5.5
4792039000,2021,02,-0.4,12.0
4792039000,2021,03,4.6,138.5
4792039000,2021,04,9.0,143.5
4792039000,2021,05,12.8,189.5
4792039000,2021,06,17.9,123.5
4792039000,2021,07,22.2,231.5
4792039000,2021,08,20.7,269.0
4792039000,2021,09,16.9,194.0
4792039000,2021,10,10.8,73.5
4792039000,2021,11,3.9,49.5
4792039000,2021,12,-2.0,1.0
4792039000,2022,01,-5.3,0.5
4792039000,2022,02,-4.8,1.5
4792039000,2022,03,3.7,120.0
4792039000,2022,04,10.4,48.5
4792039000,2022,05,14.7,4.5
4792039000,2022,06,19.0,169.5
4792039000,2022,07,23.0,170.5
4792039000,2022,08,22.0,352.5
4792039000,2022,09,16.7,110.5
4792039000,2022,10,9.5,80.0
4792039000,2022,11,5.2,101.0
4792039000,2022,12,-5.6,4.5
4792039000,2023,01,-5.2,38.5
4792039000,2023,02,-1.8,18.0
4792039000,2023,03,5.4,37.0
4792039000,2023,04,9.3,92.0
4792039000,2023,05,14.3,193.5
4792039000,2023,06,19.3,323.5
4792039000,2023,07,23.0,513.0
4792039000,2023,08,23.4,420.0
4792039000,2023,09,18.9,232.0
4792039000,2023,10,9.8,21.5
4792039000,2023,11,4.1,71.5
4792039000,2023,12,-2.5,117.5
4792039000,2024,01,-3.5,20.5
4792039000,2024,02,-0.8,96.0
4792039000,2024,03,2.6,75.0
4792039000,2024,04,11.4,71.5
4792039000,2024,05,14.3,49.0
4792039000,2024,06,19.3,178.5
4792039000,2024,07,23.8,479.5
4792039000,2024,08,24.3,88.0
4792039000,2024,09,20.5,283.5
4792039000,2024,10,11.8,148.0
4792039000,2024,11,5.6,39.5
4792039000,2024,12,-2.4,2.0
4792039000,2025,01,-5.0,8.5
4792039000,2025,02,-5.7,9.5
4792039000,2025,03,3.0,62.0
4792039000,2025,04,10.1,70.0
4792039000,2025,05,13.5,141.0
4792039000,2025,06,20.3,167.0
4792039000,2025,07,24.0,210.0
4792039000,2025,08,24.0,123.5
4792039000,2025,09,18.9,228.0
4792039000,2025,10,12.5,244.5
4792039000,2025,11,4.3,11.0
4792039000,2025,12,-1.3,21.0
4824033000,2021,01,1.2,16.0
4824033000,2021,02,5.0,31.0
4824033000,2021,03,10.0,166.5
4824033000,2021,04,13.8,78.5
4824033000,2021,05,17.8,98.5
4824033000,2021,06,22.2,107.0
4824033000,2021,07,26.4,596.5
4824033000,2021,08,26.1,373.5
4824033000,2021,09,22.1,133.5
4824033000,2021,10,16.6,51.5
4824033000,2021,11,9.2,66.5
4824033000,2021,12,3.4,2.0
4824033000,2022,01,1.0,0.0
4824033000,2022,02,1.6,0.0
4824033000,2022,03,9.0,124.5
4824033000,2022,04,14.6,86.5
4824033000,2022,05,19.1,0.0
4824033000,2022,06,22.7,133.0
4824033000,2022,07,26.6,276.0
4824033000,2022,08,26.5,177.5
4824033000,2022,09,22.1,351.5
4824033000,2022,10,15.4,20.5
4824033000,2022,11,10.8,43.0
4824033000,2022,12,0.8,7.0
4824033000,2023,01,1.2,63.5
4824033000,2023,02,4.3,38.0
4824033000,2023,03,10.4,50.5
4824033000,2023,04,13.8,74.0
4824033000,2023,05,17.9,268.5
4824033000,2023,06,22.8,289.0
4824033000,2023,07,25.8,548.5
4824033000,2023,08,27.4,597.5
4824033000,2023,09,23.8,285.0
4824033000,2023,10,15.6,5.0
4824033000,2023,11,9.4,76.0
4824033000,2023,12,4.0,64.0
4824033000,2024,01,2.4,18.5
4824033000,2024,02,5.4,147.5
4824033000,2024,03,8.0,102.5
4824033000,2024,04,14.9,170.0
4824033000,2024,05,18.5,141.5
4824033000,2024,06,22.7,155.0
4824033000,2024,07,27.1,278.0
4824033000,2024,08,28.7,76.5
4824033000,2024,09,26.0,390.5
4824033000,2024,10,17.7,137.5
4824033000,2024,11,11.2,87.5
4824033000,2024,12,3.2,0.0
4824033000,2025,01,0.9,22.0
4824033000,2025,02,0.9,27.5
4824033000,2025,03,9.1,38.0
4824033000,2025,04,14.2,50.5
4824033000,2025,05,17.3,129.0
4824033000,2025,06,23.2,158.5
4824033000,2025,07,27.7,188.5
4824033000,2025,08,27.9,199.0
4824033000,2025,09,24.6,95.0
4824033000,2025,10,18.3,139.5
4824033000,2025,11,9.5,21.5
4824033000,2025,12,4.3,13.0
5275033000,2021,01,-3.3,26.5
5275033000,2021,02,1.3,18.5
5275033000,2021,03,7.6,92.0
5275033000,2021,04,12.3,40.5
5275033000,2021,05,16.0,85.5
5275033000,2021,06,21.8,106.0
5275033000,2021,07,25.5,277.5
5275033000,2021,08,24.6,362.0
5275033000,2021,09,21.0,116.5
5275033000,2021,10,13.5,36.0
5275033000,2021,11,6.1,71.5
5275033000,2021,12,0.2,3.5
5275033000,2022,01,-2.9,0.0
5275033000,2022,02,-2.2,2.5
5275033000,2022,03,6.1,79.0
5275033000,2022,04,12.3,61.0
5275033000,2022,05,16.3,1.0
5275033000,2022,06,22.3,143.0
5275033000,2022,07,25.5,127.5
5275033000,2022,08,25.0,153.5
5275033000,2022,09,20.4,52.5
5275033000,2022,10,12.3,43.0
5275033000,2022,11,7.2,58.5
5275033000,2022,12,-3.7,17.5
5275033000,2023,01,-2.5,16.5
5275033000,2023,02,0.4,11.5
5275033000,2023,03,7.6,33.5
5275033000,2023,04,11.9,50.5
5275033000,2023,05,17.4,226.5
5275033000,2023,06,22.0,244.0
5275033000,2023,07,25.5,638.5
5275033000,2023,08,26.4,152.0
5275033000,2023,09,22.1,1.0
5275033000,2023,10,13.1,0.0
5275033000,2023,11,6.3,0.0
5275033000,2023,12,1.4,0.0
5275033000,2024,01,-0.3,0.0
5275033000,2024,02,3.3,0.0
5275033000,2024,03,5.6,23.5
5275033000,2024,04,14.5,72.0
5275033000,2024,05,17.2,86.0
5275033000,2024,06,22.1,0.0
5275033000,2024,07,26.2,0.0
5275033000,2024,08,27.7,0.0
5275033000,2024,09,24.7,186.0
5275033000,2024,10,15.1,69.5
5275033000,2024,11,7.8,53.5
5275033000,2024,12,0.0,19.0
5275033000,2025,01,-2.5,19.5
5275033000,2025,02,-2.5,22.5
5275033000,2025,03,6.0,35.5
5275033000,2025,04,12.1,55.0
5275033000,2025,05,16.4,116.0
5275033000,2025,06,22.5,303.0
5275033000,2025,07,26.8,311.5
5275033000,2025,08,26.4,227.5
5275033000,2025,09,22.8,314.0
5275033000,2025,10,16.4,103.5
5275033000,2025,11,6.6,25.5
5275033000,2025,12,0.8,32.5
4725043000,2021,01,-2.9,12.0
4725043000,2021,02,2.0,11.0
4725043000,2021,03,8.0,100.0
4725043000,2021,04,12.7,87.5
4725043000,2021,05,16.0,160.5
4725043000,2021,06,21.7,54.5
4725043000,2021,07,25.9,204.0
4725043000,2021,08,24.4,232.5
4725043000,2021,09,20.2,154.5
4725043000,2021,10,13.3,19.0
4725043000,2021,11,6.3,28.5
4725043000,2021,12,0.4,0.0
4725043000,2022,01,-2.3,1.5
4725043000,2022,02,-0.9,1.0
4725043000,2022,03,7.0,101.5
4725043000,2022,04,13.7,53.0
4725043000,2022,05,17.9,3.0
4725043000,2022,06,22.5,117.5
4725043000,2022,07,26.1,173.5
4725043000,2022,08,25.2,230.5
4725043000,2022,09,20.1,65.5
4725043000,2022,10,12.5,53.0
4725043000,2022,11,7.1,39.0
4725043000,2022,12,-3.0,6.5
4725043000,2023,01,-2.5,27.5
4725043000,2023,02,1.3,8.0
4725043000,2023,03,8.9,62.0
4725043000,2023,04,12.5,48.0
4725043000,2023,05,17.8,155.5
4725043000,2023,06,22.7,0.5
4725043000,2023,07,25.6,398.0
4725043000,2023,08,26.7,286.0
4725043000,2023,09,22.2,231.5
4725043000,2023,10,12.9,5.0
4725043000,2023,11,6.3,32.0
4725043000,2023,12,0.6,115.5
4725043000,2024,01,-0.4,27.5
4725043000,2024,02,3.1,80.5
4725043000,2024,03,6.6,70.0
4725043000,2024,04,14.9,77.5
4725043000,2024,05,17.6,119.5
4725043000,2024,06,22.8,118.0
4725043000,2024,07,26.4,466.0
4725043000,2024,08,27.8,94.5
4725043000,2024,09,24.2,164.5
4725043000,2024,10,14.4,76.0
4725043000,2024,11,8.2,30.0
4725043000,2024,12,0.9,3.0
4725043000,2025,01,-1.7,11.5
4725043000,2025,02,-1.4,6.0
4725043000,2025,03,7.4,43.0
4725043000,2025,04,13.1,68.5
4725043000,2025,05,16.5,105.0
4725043000,2025,06,23.0,231.0
4725043000,2025,07,26.8,184.5
4725043000,2025,08,27.3,88.0
4725043000,2025,09,22.5,198.0
4725043000,2025,10,15.9,252.0
4725043000,2025,11,6.4,15.5
4725043000,2025,12,0.5,17.5
1275025000,2021,01,-1.0,30.0
1275025000,2021,02,2.9,35.0
1275025000,2021,03,7.9,206.5
1275025000,2021,04,11.8,80.0
1275025000,2021,05,15.6,133.0
1275025000,2021,06,20.6,131.5
1275025000,2021,07,24.3,500.5
1275025000,2021,08,24.1,298.5
1275025000,2021,09,20.5,114.0
1275025000,2021,10,14.4,36.5
1275025000,2021,11,6.8,52.5
1275025000,2021,12,1.1,4.0
1275025000,2022,01,-0.7,2.0
1275025000,2022,02,-0.3,0.5
1275025000,2022,03,6.7,148.0
1275025000,2022,04,12.2,115.5
1275025000,2022,05,15.9,2.5
1275025000,2022,06,20.7,103.5
1275025000,2022,07,24.6,270.5
1275025000,2022,08,24.4,156.0
1275025000,2022,09,19.8,164.5
1275025000,2022,10,12.5,32.0
1275025000,2022,11,7.8,62.0
1275025000,2022,12,-1.2,25.5
1275025000,2023,01,-0.9,71.0
1275025000,2023,02,1.6,36.5
1275025000,2023,03,7.6,49.5
1275025000,2023,04,11.1,155.0
1275025000,2023,05,15.8,47.0
1275025000,2023,06,20.5,18.0
1275025000,2023,07,23.6,727.0
1275025000,2023,08,25.1,300.0
1275025000,2023,09,21.6,224.5
1275025000,2023,10,13.3,9.0
1275025000,2023,11,6.9,151.0
1275025000,2023,12,1.9,60.5
1275025000,2024,01,0.5,46.5
1275025000,2024,02,3.4,201.5
1275025000,2024,03,5.7,90.5
1275025000,2024,04,13.0,204.5
1275025000,2024,05,15.9,267.5
1275025000,2024,06,20.1,216.5
1275025000,2024,07,24.4,394.0
1275025000,2024,08,26.1,75.0
1275025000,2024,09,23.3,389.5
1275025000,2024,10,14.9,154.0
1275025000,2024,11,8.4,115.5
1275025000,2024,12,1.0,3.5
1275025000,2025,01,-1.3,10.5
1275025000,2025,02,-1.1,46.0
1275025000,2025,03,5.8,47.0
1275025000,2025,04,12.1,128.0
1275025000,2025,05,15.9,213.5
1275025000,2025,06,21.4,186.0
1275025000,2025,07,25.6,338.5
1275025000,2025,08,25.6,268.0
1275025000,2025,09,22.5,150.5
1275025000,2025,10,16.0,165.0
1275025000,2025,11,7.1,28.0
1275025000,2025,12,1.7,19.0
5214025000,2021,01,-0.7,20.0
5214025000,2021,02,3.7,11.0
5214025000,2021,03,8.9,103.5
5214025000,2021,04,13.9,42.5
5214025000,2021,05,17.5,133.5
5214025000,2021,06,23.3,101.5
5214025000,2021,07,27.5,240.5
5214025000,2021,08,26.0,247.5
5214025000,2021,09,22.6,188.5
5214025000,2021,10,15.7,31.5
5214025000,2021,11,8.7,67.5
5214025000,2021,12,2.3,10.5
5214025000,2022,01,-0.8,1.0
5214025000,2022,02,0.1,1.0
5214025000,2022,03,7.7,77.5
5214025000,2022,04,13.8,93.0
5214025000,2022,05,18.5,2.5
5214025000,2022,06,24.0,119.0
5214025000,2022,07,27.1,167.5
5214025000,2022,08,26.3,286.5
5214025000,2022,09,22.2,69.5
5214025000,2022,10,14.5,90.0
5214025000,2022,11,9.8,51.5
5214025000,2022,12,-0.9,12.5
5214025000,2023,01,-0.1,29.5
5214025000,2023,02,2.2,4.0
5214025000,2023,03,9.1,15.0
5214025000,2023,04,13.8,59.5
5214025000,2023,05,19.3,360.5
5214025000,2023,06,23.8,155.0
5214025000,2023,07,26.5,918.0
5214025000,2023,08,27.7,311.5
5214025000,2023,09,23.5,310.5
5214025000,2023,10,15.3,25.5
5214025000,2023,11,8.5,69.5
5214025000,2023,12,3.3,123.5
5214025000,2024,01,1.3,46.5
5214025000,2024,02,4.8,105.5
5214025000,2024,03,7.3,56.0
5214025000,2024,04,15.4,46.0
5214025000,2024,05,18.5,114.5
5214025000,2024,06,23.8,67.5
5214025000,2024,07,27.2,663.0
5214025000,2024,08,29.2,133.5
5214025000,2024,09,26.2,202.0
5214025000,2024,10,16.5,74.5
5214025000,2024,11,9.9,35.0
5214025000,2024,12,2.1,14.0
5214025000,2025,01,0.1,18.0
5214025000,2025,02,-0.3,8.5
5214025000,2025,03,8.0,35.0
5214025000,2025,04,13.4,63.0
5214025000,2025,05,18.0,80.0
5214025000,2025,06,24.0,330.5
5214025000,2025,07,28.5,104.5
5214025000,2025,08,28.3,192.0
5214025000,2025,09,23.9,434.0
5214025000,2025,10,17.4,115.0
5214025000,2025,11,8.9,17.0
5214025000,2025,12,2.8,24.0
4888025000,2021,01,-0.5,16.0
4888025000,2021,02,3.7,26.0
4888025000,2021,03,9.1,107.0
4888025000,2021,04,13.4,51.5
4888025000,2021,05,16.9,109.0
4888025000,2021,06,22.1,81.5
4888025000,2021,07,25.7,204.0
4888025000,2021,08,24.7,197.0
4888025000,2021,09,20.9,105.5
4888025000,2021,10,14.6,57.0
4888025000,2021,11,7.1,41.0
4888025000,2021,12,1.7,0.5
4888025000,2022,01,-0.6,0.0
4888025000,2022,02,1.6,0.0
4888025000,2022,03,9.1,73.5
4888025000,2022,04,14.1,45.5
4888025000,2022,05,18.3,2.0
4888025000,2022,06,23.1,111.5
4888025000,2022,07,26.3,148.0
4888025000,2022,08,25.3,136.0
4888025000,2022,09,20.4,129.5
4888025000,2022,10,13.2,24.0
4888025000,2022,11,8.1,68.0
4888025000,2022,12,-0.9,5.5
4888025000,2023,01,-0.8,28.5
4888025000,2023,02,2.5,20.5
4888025000,2023,03,9.4,34.0
4888025000,2023,04,13.0,53.5
4888025000,2023,05,17.7,224.0
4888025000,2023,06,22.6,192.5
4888025000,2023,07,25.4,520.0
4888025000,2023,08,26.5,370.0
4888025000,2023,09,22.3,136.0
4888025000,2023,10,13.5,10.5
4888025000,2023,11,7.4,47.5
4888025000,2023,12,2.3,128.5
4888025000,2024,01,1.1,35.0
4888025000,2024,02,4.1,126.5
4888025000,2024,03,7.1,88.0
4888025000,2024,04,15.0,107.5
4888025000,2024,05,17.9,97.5
4888025000,2024,06,22.6,160.0
4888025000,2024,07,26.2,512.5
4888025000,2024,08,27.5,50.0
4888025000,2024,09,24.5,158.0
4888025000,2024,10,15.3,100.0
4888025000,2024,11,8.9,60.5
4888025000,2024,12,2.0,0.5
4888025000,2025,01,-0.7,10.0
4888025000,2025,02,-0.3,20.5
4888025000,2025,03,7.7,39.5
4888025000,2025,04,13.6,47.0
4888025000,2025,05,16.5,154.5
4888025000,2025,06,22.7,222.5
4888025000,2025,07,26.2,342.5
4888025000,2025,08,26.4,234.5
4888025000,2025,09,23.0,165.5
4888025000,2025,10,16.8,175.0
4888025000,2025,11,7.3,21.5
4888025000,2025,12,2.0,18.0
1283034000,2021,01,NA,44.5
1283034000,2021,02,NA,32.0
1283034000,2021,03,NA,101.0
1283034000,2021,04,NA,39.0
1283034000,2021,05,NA,91.0
1283034000,2021,06,NA,155.5
1283034000,2021,07,NA,189.0
1283034000,2021,08,NA,264.5
1283034000,2021,09,NA,111.5
1283034000,2021,10,NA,45.5
1283034000,2021,11,NA,96.5
1283034000,2021,12,NA,13.0
1283034000,2022,01,NA,6.5
1283034000,2022,02,NA,4.5
1283034000,2022,03,NA,104.5
1283034000,2022,04,NA,48.0
1283034000,2022,05,NA,4.0
1283034000,2022,06,NA,112.0
1283034000,2022,07,NA,130.5
1283034000,2022,08,NA,109.0
1283034000,2022,09,NA,107.5
1283034000,2022,10,NA,55.0
1283034000,2022,11,NA,72.0
1283034000,2022,12,NA,39.0
1283034000,2023,01,NA,32.0
1283034000,2023,02,NA,10.0
1283034000,2023,03,NA,33.0
1283034000,2023,04,NA,65.5
1283034000,2023,05,NA,178.0
1283034000,2023,06,NA,144.0
1283034000,2023,07,NA,545.0
1283034000,2023,08,NA,199.0
1283034000,2023,09,NA,193.5
1283034000,2023,10,NA,15.0
1283034000,2023,11,NA,69.5
1283034000,2023,12,NA,117.5
1283034000,2024,01,NA,47.0
1283034000,2024,02,NA,107.0
1283034000,2024,03,NA,70.0
1283034000,2024,04,NA,85.0
1283034000,2024,05,NA,56.0
1283034000,2024,06,NA,87.0
1283034000,2024,07,NA,124.5
1283034000,2024,08,NA,80.0
1283034000,2024,09,NA,64.5
1283034000,2024,10,NA,41.5
1283034000,2024,11,NA,30.0
1283034000,2024,12,NA,16.5
1283034000,2025,01,NA,20.5
1283034000,2025,02,NA,18.0
1283034000,2025,03,NA,23.0
1283034000,2025,04,NA,37.0
1283034000,2025,05,NA,53.0
1283034000,2025,06,NA,160.0
1283034000,2025,07,NA,149.5
1283034000,2025,08,NA,117.5
1283034000,2025,09,NA,131.0
1283034000,2025,10,NA,9.5
1283034000,2025,11,NA,18.0
1283034000,2025,12,NA,21.0
4812000000,2021,01,0.5,14.5
4812000000,2021,02,4.6,22.5
4812000000,2021,03,10.3,118.5
4812000000,2021,04,14.1,51.0
4812000000,2021,05,18.3,87.5
4812000000,2021,06,23.1,72.0
4812000000,2021,07,26.7,457.5
4812000000,2021,08,26.2,357.0
4812000000,2021,09,22.2,136.5
4812000000,2021,10,16.1,51.0
4812000000,2021,11,8.5,51.5
4812000000,2021,12,2.2,2.5
4812000000,2022,01,0.3,0.0
4812000000,2022,02,1.5,0.0
4812000000,2022,03,9.1,62.5
4812000000,2022,04,14.5,73.0
4812000000,2022,05,19.5,3.5
4812000000,2022,06,22.8,178.0
4812000000,2022,07,26.9,121.0
4812000000,2022,08,26.2,151.5
4812000000,2022,09,21.4,184.0
4812000000,2022,10,14.6,19.0
4812000000,2022,11,10.1,9.0
4812000000,2022,12,0.1,16.0
4812000000,2023,01,0.7,40.0
4812000000,2023,02,3.8,45.5
4812000000,2023,03,10.4,56.5
4812000000,2023,04,13.9,51.0
4812000000,2023,05,18.4,235.5
4812000000,2023,06,23.3,159.0
4812000000,2023,07,26.3,375.5
4812000000,2023,08,27.3,377.0
4812000000,2023,09,23.5,193.5
4812000000,2023,10,14.8,8.0
4812000000,2023,11,8.8,36.5
4812000000,2023,12,3.2,67.5
4812000000,2024,01,1.9,32.5
4812000000,2024,02,5.7,92.0
4812000000,2024,03,8.2,82.0
4812000000,2024,04,15.5,107.0
4812000000,2024,05,18.9,82.0
4812000000,2024,06,23.5,139.5
4812000000,2024,07,27.3,178.0
4812000000,2024,08,28.5,91.0
4812000000,2024,09,25.5,328.5
4812000000,2024,10,17.2,150.5
4812000000,2024,11,10.3,85.0
4812000000,2024,12,2.3,0.5
4812000000,2025,01,0.1,3.0
4812000000,2025,02,0.8,15.0
4812000000,2025,03,8.9,27.0
4812000000,2025,04,14.1,37.5
4812000000,2025,05,17.6,95.0
4812000000,2025,06,23.8,154.5
4812000000,2025,07,27.4,312.0
4812000000,2025,08,27.9,152.5
4812000000,2025,09,24.3,57.0
4812000000,2025,10,17.7,121.0
4812000000,2025,11,8.4,21.0
4812000000,2025,12,2.4,12.0
4775025000,2021,01,-3.3,7.0
4775025000,2021,02,1.2,15.5
4775025000,2021,03,6.9,88.5
4775025000,2021,04,11.2,80.5
4775025000,2021,05,15.3,115.5
4775025000,2021,06,20.7,68.5
4775025000,2021,07,25.1,170.0
4775025000,2021,08,24.0,254.5
4775025000,2021,09,20.0,142.5
4775025000,2021,10,13.5,54.5
4775025000,2021,11,5.7,39.0
4775025000,2021,12,-0.3,0.0
4775025000,2022,01,-3.4,0.0
4775025000,2022,02,-2.2,0.5
4775025000,2022,03,6.0,48.0
4775025000,2022,04,12.2,27.5
4775025000,2022,05,17.1,0.5
4775025000,2022,06,22.1,66.5
4775025000,2022,07,25.8,87.0
4775025000,2022,08,24.8,172.0
4775025000,2022,09,19.6,9.0
4775025000,2022,10,11.9,31.5
4775025000,2022,11,6.8,62.0
4775025000,2022,12,-3.7,0.5
4775025000,2023,01,-3.5,20.5
4775025000,2023,02,0.2,6.0
4775025000,2023,03,7.5,45.0
4775025000,2023,04,11.6,30.0
4775025000,2023,05,16.6,152.5
4775025000,2023,06,21.9,162.0
4775025000,2023,07,25.3,323.0
4775025000,2023,08,26.2,295.5
4775025000,2023,09,21.8,209.5
4775025000,2023,10,12.4,4.5
4775025000,2023,11,5.6,19.0
4775025000,2023,12,0.0,100.5
4775025000,2024,01,-1.2,19.5
4775025000,2024,02,2.3,75.0
4775025000,2024,03,5.4,59.0
4775025000,2024,04,13.5,45.5
4775025000,2024,05,16.5,111.5
4775025000,2024,06,22.0,99.5
4775025000,2024,07,26.5,189.0
4775025000,2024,08,27.5,12.0
4775025000,2024,09,23.8,169.0
4775025000,2024,10,15.0,55.5
4775025000,2024,11,7.7,30.0
4775025000,2024,12,-0.5,1.0
4775025000,2025,01,-3.1,6.5
4775025000,2025,02,-2.5,4.5
4775025000,2025,03,6.2,40.5
4775025000,2025,04,12.1,35.0
4775025000,2025,05,16.1,91.0
4775025000,2025,06,23.2,202.5
4775025000,2025,07,26.6,201.0
4775025000,2025,08,27.3,77.0
4775025000,2025,09,22.4,126.5
4775025000,2025,10,15.5,117.0
4775025000,2025,11,5.7,11.0
4775025000,2025,12,-0.3,7.5
4159000000,2021,01,-3.0,17.0
4159000000,2021,02,1.5,5.5
4159000000,2021,03,7.3,85.5
4159000000,2021,04,12.8,87.5
4159000000,2021,05,15.8,141.5
4159000000,2021,06,21.6,26.5
4159000000,2021,07,26.6,47.0
4159000000,2021,08,24.9,133.0
4159000000,2021,09,21.5,142.5
4159000000,2021,10,14.5,49.5
4159000000,2021,11,7.2,100.5
4159000000,2021,12,0.3,9.0
4159000000,2022,01,-3.0,0.5
4159000000,2022,02,-1.8,3.5
4159000000,2022,03,6.3,57.0
4159000000,2022,04,12.5,47.0
4159000000,2022,05,17.2,9.0
4159000000,2022,06,22.3,393.5
4159000000,2022,07,26.3,135.0
4159000000,2022,08,25.1,540.0
4159000000,2022,09,21.0,166.0
4159000000,2022,10,13.3,73.0
4159000000,2022,11,8.6,33.5
4159000000,2022,12,-3.2,13.0
4159000000,2023,01,-2.1,29.0
4159000000,2023,02,1.0,0.0
4159000000,2023,03,7.9,3.5
4159000000,2023,04,12.7,51.0
4159000000,2023,05,18.0,105.5
4159000000,2023,06,22.1,64.0
4159000000,2023,07,25.8,213.5
4159000000,2023,08,26.5,292.5
4159000000,2023,09,22.8,118.5
4159000000,2023,10,14.5,39.5
4159000000,2023,11,6.9,73.5
4159000000,2023,12,1.2,64.5
4159000000,2024,01,-0.5,20.0
4159000000,2024,02,3.4,59.5
4159000000,2024,03,6.5,21.0
4159000000,2024,04,14.5,35.5
4159000000,2024,05,17.0,81.5
4159000000,2024,06,22.5,73.0
4159000000,2024,07,26.3,223.0
4159000000,2024,08,28.3,91.0
4159000000,2024,09,24.9,148.0
4159000000,2024,10,15.6,93.0
4159000000,2024,11,9.4,38.5
4159000000,2024,12,0.2,6.5
4159000000,2025,01,-1.0,12.5
4159000000,2025,02,-1.7,5.0
4159000000,2025,03,7.0,29.0
4159000000,2025,04,12.1,63.0
4159000000,2025,05,16.6,63.5
4159000000,2025,06,22.3,32.0
4159000000,2025,07,27.1,155.0
4159000000,2025,08,27.0,45.0
4159000000,2025,09,23.0,295.5
4159000000,2025,10,16.6,104.0
4159000000,2025,11,8.3,14.5
4159000000,2025,12,1.7,34.0
5274025000,2021,01,-2.7,38.0
5274025000,2021,02,1.8,31.0
5274025000,2021,03,7.1,124.0
5274025000,2021,04,11.7,50.5
5274025000,2021,05,15.0,136.0
5274025000,2021,06,20.5,131.0
5274025000,2021,07,24.3,194.5
5274025000,2021,08,23.2,252.0
5274025000,2021,09,19.6,66.5
5274025000,2021,10,13.0,45.5
5274025000,2021,11,6.1,90.0
5274025000,2021,12,0.0,3.0
5274025000,2022,01,-2.9,0.0
5274025000,2022,02,-2.6,2.5
5274025000,2022,03,6.3,91.5
5274025000,2022,04,13.4,58.0
5274025000,2022,05,17.8,3.0
5274025000,2022,06,22.5,189.0
5274025000,2022,07,25.5,161.0
5274025000,2022,08,24.7,18.5
5274025000,2022,09,20.5,0.0
5274025000,2022,10,13.3,0.0
5274025000,2022,11,9.0,0.0
5274025000,2022,12,-2.2,0.0
5274025000,2023,01,-1.3,16.0
5274025000,2023,02,0.5,17.5
5274025000,2023,03,8.1,27.5
5274025000,2023,04,11.3,69.5
5274025000,2023,05,16.3,221.0
5274025000,2023,06,20.9,321.0
5274025000,2023,07,24.0,719.0
5274025000,2023,08,25.0,328.5
5274025000,2023,09,20.8,139.5
5274025000,2023,10,12.4,11.0
5274025000,2023,11,6.1,102.0
5274025000,2023,12,1.1,166.0
5274025000,2024,01,-0.6,45.0
5274025000,2024,02,2.9,101.5
5274025000,2024,03,4.9,84.5
5274025000,2024,04,13.9,87.0
5274025000,2024,05,16.3,116.0
5274025000,2024,06,20.9,166.5
5274025000,2024,07,24.8,503.5
5274025000,2024,08,25.9,1.0
5274025000,2024,09,23.2,115.0
5274025000,2024,10,14.0,0.0
5274025000,2024,11,7.5,0.0
5274025000,2024,12,-0.3,9.0
5274025000,2025,01,-2.5,14.5
5274025000,2025,02,-3.2,28.0
5274025000,2025,03,5.8,41.0
5274025000,2025,04,11.7,69.0
5274025000,2025,05,15.2,164.5
5274025000,2025,06,21.5,291.5
5274025000,2025,07,25.5,247.0
5274025000,2025,08,25.1,263.5
5274025000,2025,09,21.3,245.0
5274025000,2025,10,15.3,75.5
5274025000,2025,11,6.6,4.0
5274025000,2025,12,1.0,1.0
4721036000,2021,01,-2.6,9.0
4721036000,2021,02,2.4,9.5
4721036000,2021,03,8.2,150.5
4721036000,2021,04,12.5,126.0
4721036000,2021,05,15.8,169.0
4721036000,2021,06,21.1,93.5
4721036000,2021,07,25.4,290.0
4721036000,2021,08,23.8,276.0
4721036000,2021,09,19.9,204.0
4721036000,2021,10,13.9,50.5
4721036000,2021,11,7.3,51.5
4721036000,2021,12,1.0,4.0
4721036000,2022,01,-1.7,1.0
4721036000,2022,02,-0.9,3.5
4721036000,2022,03,7.2,133.5
4721036000,2022,04,13.9,54.0
4721036000,2022,05,18.4,5.0
4721036000,2022,06,22.2,157.0
4721036000,2022,07,25.8,223.5
4721036000,2022,08,24.7,379.0
4721036000,2022,09,20.3,98.0
4721036000,2022,10,13.1,72.5
4721036000,2022,11,8.9,61.0
4721036000,2022,12,-2.6,11.0
4721036000,2023,01,-1.5,33.5
4721036000,2023,02,2.2,10.5
4721036000,2023,03,9.6,34.0
4721036000,2023,04,12.6,104.5
4721036000,2023,05,18.0,167.5
4721036000,2023,06,22.3,508.0
4721036000,2023,07,25.4,620.0
4721036000,2023,08,26.4,349.5
4721036000,2023,09,22.2,275.0
4721036000,2023,10,13.8,32.0
4721036000,2023,11,6.9,79.0
4721036000,2023,12,1.1,112.0
4721036000,2024,01,-0.1,20.5
4721036000,2024,02,3.2,102.0
4721036000,2024,03,6.7,62.5
4721036000,2024,04,15.6,65.5
4721036000,2024,05,17.9,143.5
4721036000,2024,06,23.4,137.0
4721036000,2024,07,26.3,441.5
4721036000,2024,08,27.7,111.0
4721036000,2024,09,23.8,300.5
4721036000,2024,10,15.2,136.0
4721036000,2024,11,9.0,37.5
4721036000,2024,12,0.9,2.5
4721036000,2025,01,-1.2,5.0
4721036000,2025,02,-1.6,28.0
4721036000,2025,03,7.2,54.0
4721036000,2025,04,13.3,89.5
4721036000,2025,05,16.5,144.5
4721036000,2025,06,23.1,172.5
4721036000,2025,07,26.7,150.5
4721036000,2025,08,26.8,52.0
4721036000,2025,09,22.1,242.0
4721036000,2025,10,15.7,242.5
4721036000,2025,11,7.4,13.5
4721036000,2025,12,1.1,22.5
1276031000,2021,01,-0.7,36.5
1276031000,2021,02,2.8,41.5
1276031000,2021,03,8.3,155.5
1276031000,2021,04,12.2,38.0
1276031000,2021,05,16.3,113.5
1276031000,2021,06,21.7,114.0
1276031000,2021,07,25.4,325.5
1276031000,2021,08,25.0,383.5
1276031000,2021,09,21.3,131.0
1276031000,2021,10,14.6,19.5
1276031000,2021,11,6.9,57.5
1276031000,2021,12,1.2,7.5
1276031000,2022,01,-1.3,0.0
1276031000,2022,02,-0.4,0.5
1276031000,2022,03,7.3,113.0
1276031000,2022,04,12.8,62.5
1276031000,2022,05,16.4,1.0
1276031000,2022,06,22.5,83.0
1276031000,2022,07,25.6,303.5
1276031000,2022,08,26.1,72.5
1276031000,2022,09,NA,131.5
1276031000,2022,10,10.7,43.0
1276031000,2022,11,7.9,41.5
1276031000,2022,12,-1.7,19.0
1276031000,2023,01,-0.8,47.0
1276031000,2023,02,1.8,30.0
1276031000,2023,03,7.9,46.5
1276031000,2023,04,12.0,80.0
1276031000,2023,05,17.1,166.5
1276031000,2023,06,22.0,242.5
1276031000,2023,07,25.4,627.0
1276031000,2023,08,26.3,392.5
1276031000,2023,09,22.4,169.5
1276031000,2023,10,13.5,12.5
1276031000,2023,11,7.6,101.5
1276031000,2023,12,2.6,64.0
1276031000,2024,01,1.0,43.5
1276031000,2024,02,4.3,135.5
1276031000,2024,03,6.5,79.0
1276031000,2024,04,14.4,112.5
1276031000,2024,05,17.0,139.5
1276031000,2024,06,21.8,196.5
1276031000,2024,07,26.2,257.5
1276031000,2024,08,27.2,130.5
1276031000,2024,09,24.5,378.5
1276031000,2024,10,15.3,135.5
1276031000,2024,11,9.1,83.5
1276031000,2024,12,1.5,8.0
1276031000,2025,01,-0.9,20.0
1276031000,2025,02,-0.7,39.0
1276031000,2025,03,6.8,30.5
1276031000,2025,04,12.2,63.0
1276031000,2025,05,16.2,124.0
1276031000,2025,06,22.1,192.0
1276031000,2025,07,26.5,463.5
1276031000,2025,08,26.3,357.0
1276031000,2025,09,23.1,177.5
1276031000,2025,10,16.6,161.0
1276031000,2025,11,7.3,32.5
1276031000,2025,12,2.0,32.5
5218038000,2021,01,-0.6,39.0
5218038000,2021,02,3.5,24.5
5218038000,2021,03,8.6,91.0
5218038000,2021,04,13.6,26.0
5218038000,2021,05,17.7,97.0
5218038000,2021,06,23.1,178.0
5218038000,2021,07,27.4,262.5
5218038000,2021,08,26.0,390.0
5218038000,2021,09,22.9,142.0
5218038000,2021,10,15.9,38.5
5218038000,2021,11,8.7,91.5
5218038000,2021,12,2.4,11.5
5218038000,2022,01,-0.9,0.0
5218038000,2022,02,-0.4,8.5
5218038000,2022,03,7.6,75.0
5218038000,2022,04,13.5,80.5
5218038000,2022,05,18.2,6.0
5218038000,2022,06,23.8,265.5
5218038000,2022,07,27.3,110.5
5218038000,2022,08,26.8,147.5
5218038000,2022,09,22.2,87.0
5218038000,2022,10,14.4,48.0
5218038000,2022,11,10.0,91.0
5218038000,2022,12,-1.0,38.0
5218038000,2023,01,-0.2,19.0
5218038000,2023,02,1.7,7.0
5218038000,2023,03,8.8,34.0
5218038000,2023,04,13.5,40.5
5218038000,2023,05,19.0,179.0
5218038000,2023,06,23.3,275.5
5218038000,2023,07,27.0,736.0
5218038000,2023,08,27.7,239.5
5218038000,2023,09,23.5,192.5
5218038000,2023,10,15.6,12.0
5218038000,2023,11,8.6,89.5
5218038000,2023,12,3.5,112.0
5218038000,2024,01,1.4,53.0
5218038000,2024,02,4.9,98.5
5218038000,2024,03,6.9,71.0
5218038000,2024,04,15.2,56.0
5218038000,2024,05,18.3,83.5
5218038000,2024,06,23.5,87.0
5218038000,2024,07,28.0,365.5
5218038000,2024,08,29.2,71.5
5218038000,2024,09,26.4,201.5
5218038000,2024,10,16.8,67.0
5218038000,2024,11,9.9,44.5
5218038000,2024,12,2.2,23.0
5218038000,2025,01,0.1,34.5
5218038000,2025,02,-0.5,28.5
5218038000,2025,03,7.9,43.5
5218038000,2025,04,13.4,66.5
5218038000,2025,05,17.8,38.0
5218038000,2025,06,23.9,330.5
5218038000,2025,07,28.7,212.0
5218038000,2025,08,28.1,213.0
5218038000,2025,09,24.3,328.0
5218038000,2025,10,17.8,117.5
5218038000,2025,11,8.8,29.0
5218038000,2025,12,3.1,38.5
4885033000,2021,01,NA,0.0
4885033000,2021,02,NA,14.0
4885033000,2021,03,NA,228.0
4885033000,2021,04,NA,88.5
4885033000,2021,05,NA,123.5
4885033000,2021,06,NA,103.5
4885033000,2021,07,NA,499.0
4885033000,2021,08,NA,314.5
4885033000,2021,09,NA,125.0
4885033000,2021,10,NA,1.5
4885033000,2021,11,NA,45.5
4885033000,2021,12,NA,2.0
4885033000,2022,01,NA,0.0
4885033000,2022,02,NA,0.0
4885033000,2022,03,NA,133.0
4885033000,2022,04,NA,70.0
4885033000,2022,05,NA,2.5
4885033000,2022,06,NA,21.0
4885033000,2022,07,NA,280.5
4885033000,2022,08,NA,241.5
4885033000,2022,09,NA,159.5
4885033000,2022,10,NA,27.5
4885033000,2022,11,NA,169.8
4885033000,2022,12,NA,6.0
4885033000,2023,01,NA,83.0
4885033000,2023,02,NA,29.0
4885033000,2023,03,NA,39.5
4885033000,2023,04,NA,143.5
4885033000,2023,05,NA,341.0
4885033000,2023,06,NA,295.0
4885033000,2023,07,NA,655.5
4885033000,2023,08,NA,456.5
4885033000,2023,09,NA,160.5
4885033000,2023,10,NA,3.5
4885033000,2023,11,NA,100.0
4885033000,2023,12,NA,92.5
4885033000,2024,01,NA,29.5
4885033000,2024,02,NA,234.5
4885033000,2024,03,NA,99.5
4885033000,2024,04,NA,179.5
4885033000,2024,05,NA,311.0
4885033000,2024,06,NA,269.5
4885033000,2024,07,NA,322.5
4885033000,2024,08,NA,72.5
4885033000,2024,09,NA,389.5
4885033000,2024,10,NA,165.5
4885033000,2024,11,NA,87.5
4885033000,2024,12,NA,0.0
4885033000,2025,01,NA,2.0
4885033000,2025,02,NA,33.0
4885033000,2025,03,NA,42.0
4885033000,2025,04,NA,123.7
4885033000,2025,05,NA,172.0
4885033000,2025,06,NA,204.0
4885033000,2025,07,NA,523.0
4885033000,2025,08,NA,273.0
4885033000,2025,09,NA,195.5
4885033000,2025,10,NA,171.0
4885033000,2025,11,NA,28.5
4885033000,2025,12,NA,16.5
1280031000,2021,01,NA,30.5
1280031000,2021,02,NA,25.0
1280031000,2021,03,NA,124.5
1280031000,2021,04,NA,31.5
1280031000,2021,05,NA,131.5
1280031000,2021,06,NA,130.5
1280031000,2021,07,NA,452.5
1280031000,2021,08,NA,301.5
1280031000,2021,09,NA,94.0
1280031000,2021,10,NA,28.5
1280031000,2021,11,NA,77.5
1280031000,2021,12,NA,5.5
1280031000,2022,01,NA,0.5
1280031000,2022,02,NA,0.5
1280031000,2022,03,NA,93.5
1280031000,2022,04,NA,63.5
1280031000,2022,05,NA,4.5
1280031000,2022,06,NA,84.0
1280031000,2022,07,NA,154.0
1280031000,2022,08,NA,101.0
1280031000,2022,09,NA,110.0
1280031000,2022,10,NA,44.5
1280031000,2022,11,NA,29.5
1280031000,2022,12,NA,20.0
1280031000,2023,01,NA,26.5
1280031000,2023,02,NA,26.5
1280031000,2023,03,NA,37.5
1280031000,2023,04,NA,81.5
1280031000,2023,05,NA,164.5
1280031000,2023,06,NA,116.5
1280031000,2023,07,NA,504.5
1280031000,2023,08,NA,201.5
1280031000,2023,09,NA,140.5
1280031000,2023,10,NA,13.0
1280031000,2023,11,NA,81.5
1280031000,2023,12,NA,53.5
1280031000,2024,01,NA,50.5
1280031000,2024,02,NA,109.0
1280031000,2024,03,NA,61.0
1280031000,2024,04,NA,74.5
1280031000,2024,05,NA,101.5
1280031000,2024,06,NA,172.5
1280031000,2024,07,NA,301.0
1280031000,2024,08,NA,102.0
1280031000,2024,09,NA,276.0
1280031000,2024,10,NA,136.5
1280031000,2024,11,NA,65.0
1280031000,2024,12,NA,8.0
1280031000,2025,01,NA,16.0
1280031000,2025,02,NA,38.5
1280031000,2025,03,NA,26.5
1280031000,2025,04,NA,39.0
1280031000,2025,05,NA,91.5
1280031000,2025,06,NA,175.5
1280031000,2025,07,NA,233.5
1280031000,2025,08,NA,237.5
1280031000,2025,09,NA,172.0
1280031000,2025,10,NA,135.5
1280031000,2025,11,NA,19.5
1280031000,2025,12,NA,22.5
4139011900,2021,01,-2.2,27.5
4139011900,2021,02,2.4,7.0
4139011900,2021,03,8.0,111.5
4139011900,2021,04,13.1,120.0
4139011900,2021,05,16.2,196.5
4139011900,2021,06,22.0,69.0
4139011900,2021,07,27.0,89.5
4139011900,2021,08,25.2,249.0
4139011900,2021,09,21.8,91.0
4139011900,2021,10,15.0,47.5
4139011900,2021,11,7.5,99.0
4139011900,2021,12,0.3,12.0
4139011900,2022,01,-2.9,0.5
4139011900,2022,02,-1.6,4.5
4139011900,2022,03,6.8,71.0
4139011900,2022,04,13.1,28.5
4139011900,2022,05,17.4,10.0
4139011900,2022,06,22.6,341.0
4139011900,2022,07,26.6,248.0
4139011900,2022,08,25.2,521.0
4139011900,2022,09,21.3,186.5
4139011900,2022,10,13.4,120.0
4139011900,2022,11,9.1,57.0
4139011900,2022,12,-3.2,14.0
4139011900,2023,01,-2.0,54.0
4139011900,2023,02,1.3,1.5
4139011900,2023,03,8.2,8.5
4139011900,2023,04,12.7,90.5
4139011900,2023,05,18.2,153.0
4139011900,2023,06,22.5,151.0
4139011900,2023,07,26.1,174.5
4139011900,2023,08,26.5,380.5
4139011900,2023,09,22.8,128.5
4139011900,2023,10,14.6,18.0
4139011900,2023,11,6.7,94.5
4139011900,2023,12,1.0,76.5
4139011900,2024,01,-0.9,24.0
4139011900,2024,02,3.4,64.0
4139011900,2024,03,6.3,27.0
4139011900,2024,04,14.8,42.0
4139011900,2024,05,17.3,126.0
4139011900,2024,06,22.9,98.0
4139011900,2024,07,26.2,318.5
4139011900,2024,08,28.3,0.0
4139011900,2024,09,24.8,193.5
4139011900,2024,10,15.8,69.5
4139011900,2024,11,8.6,68.0
4139011900,2024,12,0.1,5.5
4139011900,2025,01,-1.4,19.0
4139011900,2025,02,-2.0,3.5
4139011900,2025,03,6.8,34.5
4139011900,2025,04,12.1,83.0
4139011900,2025,05,16.7,97.0
4139011900,2025,06,22.6,103.0
4139011900,2025,07,27.6,288.5
4139011900,2025,08,27.2,163.5
4139011900,2025,09,22.7,356.5
4139011900,2025,10,16.2,165.0
4139011900,2025,11,8.0,16.5
4139011900,2025,12,1.1,55.5
5272025000,2021,01,-2.8,31.0
5272025000,2021,02,1.9,29.5
5272025000,2021,03,7.2,118.5
5272025000,2021,04,11.9,49.0
5272025000,2021,05,15.1,171.0
5272025000,2021,06,20.7,121.5
5272025000,2021,07,24.6,273.0
5272025000,2021,08,23.4,401.5
5272025000,2021,09,20.2,144.5
5272025000,2021,10,13.0,44.5
5272025000,2021,11,6.0,91.5
5272025000,2021,12,0.0,4.0
5272025000,2022,01,-2.6,1.0
5272025000,2022,02,-2.5,4.0
5272025000,2022,03,5.9,84.0
5272025000,2022,04,12.1,78.0
5272025000,2022,05,15.9,5.0
5272025000,2022,06,21.5,192.0
5272025000,2022,07,24.5,170.5
5272025000,2022,08,23.5,192.5
5272025000,2022,09,19.6,59.5
5272025000,2022,10,11.9,55.0
5272025000,2022,11,7.3,66.0
5272025000,2022,12,-3.5,23.0
5272025000,2023,01,-2.6,21.5
5272025000,2023,02,0.4,12.0
5272025000,2023,03,7.6,32.0
5272025000,2023,04,11.6,58.0
5272025000,2023,05,16.4,250.5
5272025000,2023,06,21.9,213.0
5272025000,2023,07,24.5,515.0
5272025000,2023,08,24.5,117.0
5272025000,2023,09,21.1,187.5
5272025000,2023,10,12.4,10.0
5272025000,2023,11,6.0,90.0
5272025000,2023,12,1.2,150.5
5272025000,2024,01,-0.6,74.0
5272025000,2024,02,3.0,96.5
5272025000,2024,03,5.0,89.0
5272025000,2024,04,13.5,56.0
5272025000,2024,05,16.3,108.5
5272025000,2024,06,21.2,94.0
5272025000,2024,07,25.1,527.5
5272025000,2024,08,26.3,161.0
5272025000,2024,09,23.6,239.0
5272025000,2024,10,14.4,77.0
5272025000,2024,11,7.5,68.0
5272025000,2024,12,-0.2,16.5
5272025000,2025,01,-2.4,36.5
5272025000,2025,02,-2.9,22.5
5272025000,2025,03,5.7,60.0
5272025000,2025,04,11.7,75.0
5272025000,2025,05,15.3,136.5
5272025000,2025,06,21.5,377.0
5272025000,2025,07,25.7,288.5
5272025000,2025,08,25.3,226.0
5272025000,2025,09,21.7,379.5
5272025000,2025,10,15.8,117.0
5272025000,2025,11,5.7,14.0
5272025000,2025,12,0.9,18.0
2772031000,2021,01,-3.0,7.5
2772031000,2021,02,1.7,16.5
2772031000,2021,03,7.8,103.0
2772031000,2021,04,12.4,68.0
2772031000,2021,05,16.1,141.0
2772031000,2021,06,21.8,83.5
2772031000,2021,07,25.8,207.5
2772031000,2021,08,24.3,227.5
2772031000,2021,09,20.3,192.0
2772031000,2021,10,13.5,60.0
2772031000,2021,11,6.0,45.5
2772031000,2021,12,0.1,0.5
2772031000,2022,01,-2.7,0.0
2772031000,2022,02,-1.4,0.5
2772031000,2022,03,6.9,51.5
2772031000,2022,04,13.3,40.5
2772031000,2022,05,18.0,6.5
2772031000,2022,06,22.8,145.5
2772031000,2022,07,26.1,110.5
2772031000,2022,08,25.0,202.5
2772031000,2022,09,19.8,64.5
2772031000,2022,10,12.3,36.5
2772031000,2022,11,6.9,57.5
2772031000,2022,12,-3.3,2.5
2772031000,2023,01,-2.9,23.0
2772031000,2023,02,0.8,5.5
2772031000,2023,03,8.7,32.5
2772031000,2023,04,12.4,47.5
2772031000,2023,05,17.8,140.0
2772031000,2023,06,22.5,208.5
2772031000,2023,07,25.5,485.5
2772031000,2023,08,26.6,442.0
2772031000,2023,09,22.0,226.0
2772031000,2023,10,12.8,2.5
2772031000,2023,11,6.1,34.5
2772031000,2023,12,0.5,92.0
2772031000,2024,01,-0.8,23.5
2772031000,2024,02,2.9,67.0
2772031000,2024,03,6.2,68.0
2772031000,2024,04,14.4,64.0
2772031000,2024,05,17.4,104.5
2772031000,2024,06,22.9,78.5
2772031000,2024,07,26.6,358.0
2772031000,2024,08,27.7,48.5
2772031000,2024,09,24.3,168.5
2772031000,2024,10,14.8,55.0
2772031000,2024,11,8.0,32.0
2772031000,2024,12,0.2,1.0
2772031000,2025,01,-2.0,11.5
2772031000,2025,02,-1.5,5.5
2772031000,2025,03,7.1,30.0
2772031000,2025,04,13.0,54.0
2772031000,2025,05,16.7,115.5
2772031000,2025,06,23.3,236.0
2772031000,2025,07,26.7,174.0
2772031000,2025,08,27.1,105.0
2772031000,2025,09,22.4,192.5
2772031000,2025,10,15.8,143.5
2772031000,2025,11,6.0,18.0
2772031000,2025,12,-0.1,9.5
4885031000,2021,01,NA,NA
4885031000,2021,02,NA,NA
4885031000,2021,03,NA,NA
4885031000,2021,04,NA,NA
4885031000,2021,05,NA,NA
4885031000,2021,06,NA,NA
4885031000,2021,07,NA,NA
4885031000,2021,08,NA,NA
4885031000,2021,09,NA,NA
4885031000,2021,10,NA,NA
4885031000,2021,11,NA,NA
4885031000,2021,12,0.8,0.5
4885031000,2022,01,1.5,0.0
4885031000,2022,02,2.0,0.0
4885031000,2022,03,9.5,98.5
4885031000,2022,04,15.2,71.5
4885031000,2022,05,19.0,0.0
4885031000,2022,06,23.2,25.5
4885031000,2022,07,26.5,290.5
4885031000,2022,08,26.2,226.5
4885031000,2022,09,21.9,133.0
4885031000,2022,10,14.6,25.5
4885031000,2022,11,10.1,100.0
4885031000,2022,12,1.1,3.5
4885031000,2023,01,1.6,77.0
4885031000,2023,02,4.2,24.5
4885031000,2023,03,10.4,49.0
4885031000,2023,04,14.0,141.0
4885031000,2023,05,18.3,298.0
4885031000,2023,06,22.8,336.0
4885031000,2023,07,25.4,610.0
4885031000,2023,08,27.1,368.0
4885031000,2023,09,23.4,210.0
4885031000,2023,10,15.2,6.0
4885031000,2023,11,9.3,111.0
4885031000,2023,12,4.2,91.5
4885031000,2024,01,3.1,31.0
4885031000,2024,02,5.9,161.0
4885031000,2024,03,8.8,88.0
4885031000,2024,04,15.7,154.0
4885031000,2024,05,18.5,247.5
4885031000,2024,06,22.9,225.5
4885031000,2024,07,26.8,310.0
4885031000,2024,08,28.3,177.5
4885031000,2024,09,25.7,327.0
4885031000,2024,10,17.2,136.5
4885031000,2024,11,10.7,107.0
4885031000,2024,12,4.0,1.0
4885031000,2025,01,1.4,21.5
4885031000,2025,02,1.3,33.5
4885031000,2025,03,9.1,50.0
4885031000,2025,04,14.4,90.0
4885031000,2025,05,17.7,156.0
4885031000,2025,06,23.7,173.5
4885031000,2025,07,28.1,724.5
4885031000,2025,08,27.7,357.5
4885031000,2025,09,24.5,138.0
4885031000,2025,10,18.2,151.0
4885031000,2025,11,9.4,33.0
4885031000,2025,12,4.1,20.5
4889046000,2021,01,-0.2,16.5
4889046000,2021,02,3.8,19.5
4889046000,2021,03,9.4,133.0
4889046000,2021,04,13.4,49.0
4889046000,2021,05,17.4,100.5
4889046000,2021,06,22.4,75.0
4889046000,2021,07,26.0,191.0
4889046000,2021,08,25.0,271.5
4889046000,2021,09,21.2,112.0
4889046000,2021,10,15.3,42.5
4889046000,2021,11,7.6,42.5
4889046000,2021,12,1.9,1.0
4889046000,2022,01,-0.3,0.0
4889046000,2022,02,0.7,0.0
4889046000,2022,03,8.5,66.0
4889046000,2022,04,14.4,41.5
4889046000,2022,05,19.0,1.5
4889046000,2022,06,23.1,120.5
4889046000,2022,07,26.7,116.0
4889046000,2022,08,25.5,191.5
4889046000,2022,09,20.7,134.5
4889046000,2022,10,13.9,17.5
4889046000,2022,11,8.8,62.0
4889046000,2022,12,-0.7,2.0
4889046000,2023,01,-0.3,36.0
4889046000,2023,02,2.9,21.5
4889046000,2023,03,9.8,22.0
4889046000,2023,04,13.4,46.5
4889046000,2023,05,18.1,201.0
4889046000,2023,06,23.0,232.5
4889046000,2023,07,25.8,399.0
4889046000,2023,08,27.1,494.0
4889046000,2023,09,22.7,175.0
4889046000,2023,10,14.5,6.0
4889046000,2023,11,8.1,49.0
4889046000,2023,12,2.4,97.5
4889046000,2024,01,1.3,22.5
4889046000,2024,02,4.4,103.0
4889046000,2024,03,7.5,84.0
4889046000,2024,04,14.9,120.0
4889046000,2024,05,18.5,176.5
4889046000,2024,06,23.5,154.0
4889046000,2024,07,27.4,277.5
4889046000,2024,08,28.6,117.5
4889046000,2024,09,25.4,206.5
4889046000,2024,10,16.2,117.5
4889046000,2024,11,9.5,55.5
4889046000,2024,12,2.0,0.0
4889046000,2025,01,-0.4,3.5
4889046000,2025,02,0.3,17.5
4889046000,2025,03,8.4,34.0
4889046000,2025,04,13.8,61.5
4889046000,2025,05,17.3,131.5
4889046000,2025,06,23.6,193.5
4889046000,2025,07,27.4,591.5
4889046000,2025,08,27.8,297.5
4889046000,2025,09,23.8,112.5
4889046000,2025,10,17.0,107.0
4889046000,2025,11,7.9,16.0
4889046000,2025,12,2.1,7.5
1277025000,2021,01,1.1,30.5
1277025000,2021,02,4.8,35.5
1277025000,2021,03,9.7,160.0
1277025000,2021,04,13.4,57.5
1277025000,2021,05,17.5,115.5
1277025000,2021,06,22.4,103.0
1277025000,2021,07,25.9,461.5
1277025000,2021,08,25.6,328.5
1277025000,2021,09,22.4,98.5
1277025000,2021,10,16.5,29.5
1277025000,2021,11,9.4,46.5
1277025000,2021,12,3.5,3.5
1277025000,2022,01,1.4,2.0
1277025000,2022,02,1.9,0.0
1277025000,2022,03,8.9,150.0
1277025000,2022,04,14.0,93.5
1277025000,2022,05,17.8,1.0
1277025000,2022,06,22.7,93.5
1277025000,2022,07,26.4,221.0
1277025000,2022,08,26.1,117.0
1277025000,2022,09,22.0,158.0
1277025000,2022,10,14.8,20.0
1277025000,2022,11,10.8,39.0
1277025000,2022,12,1.3,15.5
1277025000,2023,01,1.5,66.0
1277025000,2023,02,3.7,31.5
1277025000,2023,03,9.8,45.5
1277025000,2023,04,13.3,108.5
1277025000,2023,05,18.0,302.5
1277025000,2023,06,22.7,212.5
1277025000,2023,07,25.9,602.0
1277025000,2023,08,27.0,380.0
1277025000,2023,09,23.8,161.0
1277025000,2023,10,15.8,9.0
1277025000,2023,11,9.7,98.5
1277025000,2023,12,4.8,50.5
1277025000,2024,01,2.9,43.5
1277025000,2024,02,6.1,150.5
1277025000,2024,03,8.0,71.5
1277025000,2024,04,15.4,152.0
1277025000,2024,05,18.5,159.0
1277025000,2024,06,22.9,226.5
1277025000,2024,07,27.0,363.5
1277025000,2024,08,28.4,49.5
1277025000,2024,09,25.9,471.0
1277025000,2024,10,17.7,148.5
1277025000,2024,11,11.7,117.0
1277025000,2024,12,3.9,2.5
1277025000,2025,01,1.5,12.0
1277025000,2025,02,1.6,39.0
1277025000,2025,03,8.4,42.0
1277025000,2025,04,13.5,82.5
1277025000,2025,05,17.5,280.0
1277025000,2025,06,23.3,188.5
1277025000,2025,07,27.8,261.5
1277025000,2025,08,27.5,382.0
1277025000,2025,09,24.8,162.5
1277025000,2025,10,18.6,151.5
1277025000,2025,11,10.0,29.0
1277025000,2025,12,4.6,17.0
4413000000,2021,01,NA,NA
4413000000,2021,02,NA,NA
4413000000,2021,03,NA,NA
4413000000,2021,04,NA,NA
4413000000,2021,05,NA,NA
4413000000,2021,06,23.1,6.5
4413000000,2021,07,26.7,98.5
4413000000,2021,08,24.7,201.0
4413000000,2021,09,20.9,207.0
4413000000,2021,10,13.8,38.0
4413000000,2021,11,6.6,116.0
4413000000,2021,12,-0.3,6.5
4413000000,2022,01,-3.7,2.0
4413000000,2022,02,-2.0,7.5
4413000000,2022,03,6.4,50.5
4413000000,2022,04,12.5,57.5
4413000000,2022,05,17.0,7.0
4413000000,2022,06,22.6,59.5
4413000000,2022,07,26.2,10.0
4413000000,2022,08,25.0,0.5
4413000000,2022,09,20.4,0.5
4413000000,2022,10,12.3,0.0
4413000000,2022,11,7.7,81.0
4413000000,2022,12,-3.9,17.0
4413000000,2023,01,-2.6,31.5
4413000000,2023,02,0.3,1.0
4413000000,2023,03,7.6,9.0
4413000000,2023,04,12.6,30.0
4413000000,2023,05,17.6,86.5
4413000000,2023,06,22.3,121.5
4413000000,2023,07,25.8,534.5
4413000000,2023,08,26.5,296.5
4413000000,2023,09,22.1,222.0
4413000000,2023,10,13.1,24.5
4413000000,2023,11,6.2,72.5
4413000000,2023,12,0.6,101.5
4413000000,2024,01,-1.4,32.5
4413000000,2024,02,3.1,94.0
4413000000,2024,03,6.1,35.0
4413000000,2024,04,14.4,55.0
4413000000,2024,05,17.0,103.0
4413000000,2024,06,22.2,106.0
4413000000,2024,07,26.5,486.5
4413000000,2024,08,28.1,120.5
4413000000,2024,09,24.4,289.5
4413000000,2024,10,14.4,101.0
4413000000,2024,11,7.7,63.0
4413000000,2024,12,-0.3,19.0
4413000000,2025,01,-1.8,17.5
4413000000,2025,02,-2.4,14.0
4413000000,2025,03,6.8,39.5
4413000000,2025,04,12.3,68.0
4413000000,2025,05,16.5,83.0
4413000000,2025,06,22.6,132.5
4413000000,2025,07,27.1,399.5
4413000000,2025,08,26.9,159.5
4413000000,2025,09,22.3,278.0
4413000000,2025,10,15.6,180.0
4413000000,2025,11,6.8,28.5
4413000000,2025,12,0.7,35.0
4725041000,2021,01,-3.5,15.0
4725041000,2021,02,1.3,12.0
4725041000,2021,03,7.2,94.0
4725041000,2021,04,12.0,68.5
4725041000,2021,05,15.2,175.0
4725041000,2021,06,21.0,83.5
4725041000,2021,07,25.3,189.5
4725041000,2021,08,23.4,271.5
4725041000,2021,09,19.7,210.5
4725041000,2021,10,13.0,31.5
4725041000,2021,11,6.3,41.5
4725041000,2021,12,-0.2,1.0
4725041000,2022,01,-3.1,3.0
4725041000,2022,02,-2.3,2.5
4725041000,2022,03,6.0,112.5
4725041000,2022,04,12.8,65.5
4725041000,2022,05,17.3,5.0
4725041000,2022,06,21.7,123.5
4725041000,2022,07,25.0,193.0
4725041000,2022,08,24.0,330.0
4725041000,2022,09,19.6,89.5
4725041000,2022,10,12.2,82.0
4725041000,2022,11,7.5,34.0
4725041000,2022,12,-4.1,2.5
4725041000,2023,01,-2.9,28.0
4725041000,2023,02,0.7,10.0
4725041000,2023,03,7.9,25.5
4725041000,2023,04,11.9,56.5
4725041000,2023,05,17.2,167.5
4725041000,2023,06,21.9,218.5
4725041000,2023,07,24.6,631.5
4725041000,2023,08,25.7,216.5
4725041000,2023,09,21.3,284.5
4725041000,2023,10,12.7,8.5
4725041000,2023,11,5.7,46.0
4725041000,2023,12,0.2,129.5
4725041000,2024,01,-1.1,45.5
4725041000,2024,02,2.4,103.5
4725041000,2024,03,5.5,68.0
4725041000,2024,04,14.2,67.5
4725041000,2024,05,16.7,128.5
4725041000,2024,06,22.0,100.0
4725041000,2024,07,25.5,573.5
4725041000,2024,08,27.3,42.0
4725041000,2024,09,23.9,172.5
4725041000,2024,10,14.6,79.0
4725041000,2024,11,8.0,40.5
4725041000,2024,12,0.0,4.0
4725041000,2025,01,-2.3,11.5
4725041000,2025,02,-2.4,11.0
4725041000,2025,03,6.3,49.5
4725041000,2025,04,12.4,59.5
4725041000,2025,05,16.0,104.5
4725041000,2025,06,22.4,247.5
4725041000,2025,07,26.3,209.5
4725041000,2025,08,26.4,90.5
4725041000,2025,09,21.8,212.0
4725041000,2025,10,15.2,222.0
4725041000,2025,11,6.5,28.5
4725041000,2025,12,0.2,19.0
4773033000,2021,01,-2.8,4.0
4773033000,2021,02,1.7,12.0
4773033000,2021,03,7.8,119.0
4773033000,2021,04,11.9,72.5
4773033000,2021,05,15.4,133.5
4773033000,2021,06,20.9,72.5
4773033000,2021,07,24.9,154.5
4773033000,2021,08,23.6,246.0
4773033000,2021,09,20.0,136.5
4773033000,2021,10,13.6,61.5
4773033000,2021,11,6.1,42.5
4773033000,2021,12,-0.1,0.0
4773033000,2022,01,-2.9,0.0
4773033000,2022,02,-1.8,0.0
4773033000,2022,03,6.5,66.0
4773033000,2022,04,12.7,26.5
4773033000,2022,05,17.1,52.5
4773033000,2022,06,21.9,77.0
4773033000,2022,07,25.6,154.0
4773033000,2022,08,24.4,249.5
4773033000,2022,09,19.6,57.0
4773033000,2022,10,12.4,38.5
4773033000,2022,11,7.2,60.5
4773033000,2022,12,-3.7,3.5
4773033000,2023,01,-2.9,16.5
4773033000,2023,02,0.9,3.5
4773033000,2023,03,8.2,60.5
4773033000,2023,04,11.9,50.5
4773033000,2023,05,16.8,70.5
4773033000,2023,06,21.6,108.0
4773033000,2023,07,24.9,441.0
4773033000,2023,08,25.9,228.5
4773033000,2023,09,21.6,236.5
4773033000,2023,10,12.7,21.5
4773033000,2023,11,5.8,56.0
4773033000,2023,12,0.5,73.5
4773033000,2024,01,-0.8,12.5
4773033000,2024,02,2.8,50.5
4773033000,2024,03,5.8,55.5
4773033000,2024,04,14.2,60.5
4773033000,2024,05,16.8,131.0
4773033000,2024,06,22.0,119.5
4773033000,2024,07,25.9,269.0
4773033000,2024,08,26.9,142.0
4773033000,2024,09,23.6,220.0
4773033000,2024,10,14.9,50.0
4773033000,2024,11,7.9,25.5
4773033000,2024,12,-0.6,1.0
4773033000,2025,01,-2.3,3.0
4773033000,2025,02,-2.4,2.5
4773033000,2025,03,6.7,77.0
4773033000,2025,04,12.8,87.0
4773033000,2025,05,16.5,129.5
4773033000,2025,06,22.9,255.0
4773033000,2025,07,26.3,204.0
4773033000,2025,08,26.7,186.5
4773033000,2025,09,22.3,162.0
4773033000,2025,10,15.8,111.0
4773033000,2025,11,6.3,12.0
4773033000,2025,12,0.1,10.5
1279037000,2021,01,0.3,43.0
1279037000,2021,02,4.1,41.5
1279037000,2021,03,8.6,166.0
1279037000,2021,04,12.5,52.5
1279037000,2021,05,16.5,143.5
1279037000,2021,06,21.7,140.5
1279037000,2021,07,25.4,559.5
1279037000,2021,08,25.1,282.0
1279037000,2021,09,21.8,153.0
1279037000,2021,10,15.5,34.5
1279037000,2021,11,8.4,74.0
1279037000,2021,12,2.4,5.0
1279037000,2022,01,0.0,2.5
1279037000,2022,02,0.4,1.5
1279037000,2022,03,7.6,143.5
1279037000,2022,04,12.6,97.0
1279037000,2022,05,16.6,2.5
1279037000,2022,06,21.8,94.5
1279037000,2022,07,25.5,235.5
1279037000,2022,08,25.6,125.0
1279037000,2022,09,20.9,160.0
1279037000,2022,10,13.6,28.0
1279037000,2022,11,9.3,33.0
1279037000,2022,12,0.0,20.0
1279037000,2023,01,0.2,53.5
1279037000,2023,02,1.9,37.5
1279037000,2023,03,8.1,39.5
1279037000,2023,04,12.0,118.5
1279037000,2023,05,16.8,327.5
1279037000,2023,06,21.3,20.5
1279037000,2023,07,25.0,54.0
1279037000,2023,08,25.9,73.0
1279037000,2023,09,22.5,149.0
1279037000,2023,10,14.5,10.0
1279037000,2023,11,8.6,100.5
1279037000,2023,12,3.4,73.0
1279037000,2024,01,1.5,55.5
1279037000,2024,02,4.6,116.5
1279037000,2024,03,6.4,69.0
1279037000,2024,04,13.6,119.5
1279037000,2024,05,16.8,121.0
1279037000,2024,06,21.2,221.5
1279037000,2024,07,25.8,247.0
1279037000,2024,08,27.2,41.0
1279037000,2024,09,24.5,359.0
1279037000,2024,10,16.1,135.0
1279037000,2024,11,10.0,123.0
1279037000,2024,12,2.4,9.0
1279037000,2025,01,-0.3,21.0
1279037000,2025,02,0.0,40.0
1279037000,2025,03,6.8,47.5
1279037000,2025,04,11.9,67.5
1279037000,2025,05,15.6,154.5
1279037000,2025,06,21.5,198.0
1279037000,2025,07,26.5,216.0
1279037000,2025,08,27.1,283.0
1279037000,2025,09,24.2,179.5
1279037000,2025,10,17.6,150.0
1279037000,2025,11,9.2,24.5
1279037000,2025,12,3.7,20.5
4128100000,2021,01,-3.5,13.0
4128100000,2021,02,1.8,4.0
4128100000,2021,03,8.1,97.0
4128100000,2021,04,13.6,116.0
4128100000,2021,05,16.8,193.5
4128100000,2021,06,22.7,58.5
4128100000,2021,07,28.0,122.0
4128100000,2021,08,25.9,213.5
4128100000,2021,09,22.7,99.5
4128100000,2021,10,14.9,53.5
4128100000,2021,11,7.2,57.0
4128100000,2021,12,-0.5,6.0
4128100000,2022,01,-3.6,1.0
4128100000,2022,02,-2.3,4.0
4128100000,2022,03,6.8,94.0
4128100000,2022,04,13.8,16.5
4128100000,2022,05,18.1,5.5
4128100000,2022,06,23.0,517.5
4128100000,2022,07,27.3,173.5
4128100000,2022,08,25.8,521.0
4128100000,2022,09,21.9,170.0
4128100000,2022,10,13.4,130.0
4128100000,2022,11,8.7,67.0
4128100000,2022,12,-4.1,9.0
4128100000,2023,01,-2.8,40.5
4128100000,2023,02,0.7,0.5
4128100000,2023,03,8.4,10.5
4128100000,2023,04,13.1,85.0
4128100000,2023,05,18.8,129.0
4128100000,2023,06,23.1,201.0
4128100000,2023,07,26.9,431.0
4128100000,2023,08,27.4,281.0
4128100000,2023,09,23.6,99.5
4128100000,2023,10,14.8,28.0
4128100000,2023,11,6.3,62.5
4128100000,2023,12,0.4,79.0
4128100000,2024,01,-1.5,12.5
4128100000,2024,02,3.2,53.5
4128100000,2024,03,6.2,23.5
4128100000,2024,04,15.7,33.5
4128100000,2024,05,18.0,120.5
4128100000,2024,06,23.8,102.5
4128100000,2024,07,27.0,452.0
4128100000,2024,08,29.4,138.0
4128100000,2024,09,25.4,142.0
4128100000,2024,10,15.9,63.5
4128100000,2024,11,8.5,40.0
4128100000,2024,12,-0.8,4.0
4128100000,2025,01,-2.0,12.0
4128100000,2025,02,-2.7,7.0
4128100000,2025,03,6.8,28.5
4128100000,2025,04,12.6,105.0
4128100000,2025,05,17.3,98.5
4128100000,2025,06,23.5,149.0
4128100000,2025,07,28.5,231.5
4128100000,2025,08,28.2,299.5
4128100000,2025,09,23.4,258.5
4128100000,2025,10,16.2,129.5
4128100000,2025,11,7.6,20.5
4128100000,2025,12,0.2,37.0
